universe,portfolio,strategy,weighting,rebalance_months,tc_bps,growth_multiple,annualized_return,annualized_volatility,sharpe_ratio,max_drawdown,avg_turnover_pct,avg_long_stocks,avg_short_stocks,last_long_stocks,last_short_stocks,months,monthly_rebalance_ann_return,monthly_rebalance_sharpe,monthly_rebalance_max_dd,monthly_rebalance_growth,ann_return_minus_monthly,sharpe_minus_monthly,max_dd_minus_monthly,growth_vs_monthly
all,SMB small-minus-big,long_short,vw,1,0,2.4553,4.04,13.44,0.362,-43.6,15.5,1838.2,198.4,3060,342,272,4.04,0.362,-43.6,2.4553,0.0,0.0,0.0,1.0
all,SMB small-minus-big,long_short,vw,1,10,2.3589,3.86,13.44,0.349,-43.77,15.5,1838.2,198.4,3060,342,272,3.86,0.349,-43.77,2.3589,0.0,0.0,0.0,1.0
all,SMB small-minus-big,long_short,vw,1,20,2.2662,3.68,13.44,0.336,-43.94,15.5,1838.2,198.4,3060,342,272,3.68,0.336,-43.94,2.2662,0.0,0.0,0.0,1.0
all,SMB small-minus-big,long_short,vw,1,50,2.0092,3.13,13.44,0.296,-44.45,15.5,1838.2,198.4,3060,342,272,3.13,0.296,-44.45,2.0092,0.0,0.0,0.0,1.0
all,SMB small-minus-big,long_short,vw,1,100,1.6437,2.22,13.44,0.23,-45.29,15.5,1838.2,198.4,3060,342,272,2.22,0.23,-45.29,1.6437,0.0,0.0,0.0,1.0
all,SMB small-minus-big,long_short,vw,2,0,2.5948,4.3,13.62,0.377,-43.29,12.1,1822.0,197.9,2668,344,272,4.04,0.362,-43.6,2.4553,0.2599999999999998,0.015000000000000013,0.3100000000000023,1.0568158677147397
all,SMB small-minus-big,long_short,vw,2,10,2.5166,4.16,13.62,0.367,-43.43,12.1,1822.0,197.9,2668,344,272,3.86,0.349,-43.77,2.3589,0.30000000000000027,0.018000000000000016,0.3400000000000034,1.066853194285472
all,SMB small-minus-big,long_short,vw,2,20,2.4408,4.02,13.61,0.357,-43.57,12.1,1822.0,197.9,2668,344,272,3.68,0.336,-43.94,2.2662,0.3399999999999994,0.020999999999999963,0.36999999999999744,1.0770452740270056
all,SMB small-minus-big,long_short,vw,2,50,2.2267,3.59,13.6,0.327,-44.0,12.1,1822.0,197.9,2668,344,272,3.13,0.296,-44.45,2.0092,0.45999999999999996,0.031000000000000028,0.45000000000000284,1.1082520406131795
all,SMB small-minus-big,long_short,vw,2,100,1.9103,2.9,13.58,0.278,-44.7,12.1,1822.0,197.9,2668,344,272,2.22,0.23,-45.29,1.6437,0.6799999999999997,0.048000000000000015,0.5899999999999963,1.162195047758107
all,SMB small-minus-big,long_short,vw,3,0,3.2486,5.34,13.85,0.444,-44.85,10.9,1806.9,197.4,2668,344,272,4.04,0.362,-43.6,2.4553,1.2999999999999998,0.08200000000000002,-1.25,1.3230969738932108
all,SMB small-minus-big,long_short,vw,3,10,3.1602,5.21,13.85,0.436,-44.98,10.9,1806.9,197.4,2668,344,272,3.86,0.349,-43.77,2.3589,1.35,0.08700000000000002,-1.2099999999999937,1.339692229428971
all,SMB small-minus-big,long_short,vw,3,20,3.0743,5.08,13.85,0.427,-45.11,10.9,1806.9,197.4,2668,344,272,3.68,0.336,-43.94,2.2662,1.4,0.09099999999999997,-1.1700000000000017,1.3565881210837525
all,SMB small-minus-big,long_short,vw,3,50,2.83,4.7,13.87,0.4,-45.49,10.9,1806.9,197.4,2668,344,272,3.13,0.296,-44.45,2.0092,1.5700000000000003,0.10400000000000004,-1.0399999999999991,1.408520804300219
all,SMB small-minus-big,long_short,vw,3,100,2.4645,4.06,13.9,0.355,-46.13,10.9,1806.9,197.4,2668,344,272,2.22,0.23,-45.29,1.6437,1.8399999999999994,0.12499999999999997,-0.8400000000000034,1.4993611972987773
all,SMB small-minus-big,long_short,vw,4,0,2.7843,4.62,13.85,0.395,-44.15,9.8,1795.6,196.9,3090,345,272,4.04,0.362,-43.6,2.4553,0.5800000000000001,0.03300000000000003,-0.5499999999999972,1.1339958457215005
all,SMB small-minus-big,long_short,vw,4,10,2.7164,4.51,13.86,0.387,-44.27,9.8,1795.6,196.9,3090,345,272,3.86,0.349,-43.77,2.3589,0.6499999999999999,0.038000000000000034,-0.5,1.1515536902793675
all,SMB small-minus-big,long_short,vw,4,20,2.6502,4.39,13.86,0.379,-44.38,9.8,1795.6,196.9,3090,345,272,3.68,0.336,-43.94,2.2662,0.7099999999999995,0.04299999999999998,-0.44000000000000483,1.169446650781043
all,SMB small-minus-big,long_short,vw,4,50,2.4608,4.05,13.89,0.355,-44.74,9.8,1795.6,196.9,3090,345,272,3.13,0.296,-44.45,2.0092,0.9199999999999999,0.059,-0.28999999999999915,1.2247660760501693
all,SMB small-minus-big,long_short,vw,4,100,2.1742,3.49,13.94,0.315,-45.33,9.8,1795.6,196.9,3090,345,272,2.22,0.23,-45.29,1.6437,1.27,0.08499999999999999,-0.03999999999999915,1.3227474599987832
all,SMB small-minus-big,long_short,vw,5,0,3.443,5.61,13.75,0.465,-44.66,9.5,1820.2,196.1,2668,344,272,4.04,0.362,-43.6,2.4553,1.5700000000000003,0.10300000000000004,-1.0599999999999952,1.4022726347085896
all,SMB small-minus-big,long_short,vw,5,10,3.3625,5.5,13.74,0.458,-44.75,9.5,1820.2,196.1,2668,344,272,3.86,0.349,-43.77,2.3589,1.6400000000000001,0.10900000000000004,-0.9799999999999969,1.425452541438806
all,SMB small-minus-big,long_short,vw,5,20,3.2839,5.39,13.73,0.451,-44.85,9.5,1820.2,196.1,2668,344,272,3.68,0.336,-43.94,2.2662,1.7099999999999995,0.11499999999999999,-0.9100000000000037,1.4490777513017385
all,SMB small-minus-big,long_short,vw,5,50,3.0587,5.06,13.71,0.428,-45.13,9.5,1820.2,196.1,2668,344,272,3.13,0.296,-44.45,2.0092,1.9299999999999997,0.132,-0.6799999999999997,1.5223472028668128
all,SMB small-minus-big,long_short,vw,5,100,2.7164,4.51,13.69,0.39,-45.59,9.5,1820.2,196.1,2668,344,272,2.22,0.23,-45.29,1.6437,2.2899999999999996,0.16,-0.30000000000000426,1.652613007239764
all,SMB small-minus-big,long_short,vw,6,0,3.767,6.03,14.33,0.48,-45.39,8.6,1762.8,195.7,2668,344,272,4.04,0.362,-43.6,2.4553,1.9900000000000002,0.118,-1.7899999999999991,1.534232069400888
all,SMB small-minus-big,long_short,vw,6,10,3.6877,5.93,14.33,0.473,-45.49,8.6,1762.8,195.7,2668,344,272,3.86,0.349,-43.77,2.3589,2.07,0.124,-1.7199999999999989,1.5633134087922336
all,SMB small-minus-big,long_short,vw,6,20,3.61,5.83,14.33,0.467,-45.58,8.6,1762.8,195.7,2668,344,272,3.68,0.336,-43.94,2.2662,2.15,0.131,-1.6400000000000006,1.5929750242697025
all,SMB small-minus-big,long_short,vw,6,50,3.3864,5.53,14.32,0.447,-45.87,8.6,1762.8,195.7,2668,344,272,3.13,0.296,-44.45,2.0092,2.4000000000000004,0.15100000000000002,-1.4199999999999946,1.6854469440573363
all,SMB small-minus-big,long_short,vw,6,100,3.0433,5.03,14.31,0.414,-46.34,8.6,1762.8,195.7,2668,344,272,2.22,0.23,-45.29,1.6437,2.81,0.18399999999999997,-1.0500000000000043,1.8514935815538116
all,SMB small-minus-big,long_short,vw,7,0,3.0894,5.1,13.42,0.438,-44.37,8.5,1831.3,194.2,3116,348,272,4.04,0.362,-43.6,2.4553,1.0599999999999996,0.07600000000000001,-0.769999999999996,1.2582576467234148
all,SMB small-minus-big,long_short,vw,7,10,3.0253,5.01,13.41,0.431,-44.48,8.5,1831.3,194.2,3116,348,272,3.86,0.349,-43.77,2.3589,1.15,0.08200000000000002,-0.7099999999999937,1.2825045572088685
all,SMB small-minus-big,long_short,vw,7,20,2.9626,4.91,13.4,0.425,-44.58,8.5,1831.3,194.2,3116,348,272,3.68,0.336,-43.94,2.2662,1.23,0.08899999999999997,-0.6400000000000006,1.3072985614685377
all,SMB small-minus-big,long_short,vw,7,50,2.7817,4.62,13.39,0.404,-44.88,8.5,1831.3,194.2,3116,348,272,3.13,0.296,-44.45,2.0092,1.4900000000000002,0.10800000000000004,-0.4299999999999997,1.3844813856261198
all,SMB small-minus-big,long_short,vw,7,100,2.5036,4.13,13.37,0.37,-45.39,8.5,1831.3,194.2,3116,348,272,2.22,0.23,-45.29,1.6437,1.9099999999999997,0.13999999999999999,-0.10000000000000142,1.5231489931252662
all,SMB small-minus-big,long_short,vw,8,0,4.0732,6.39,14.38,0.503,-45.33,7.8,1768.7,195.3,2804,329,272,4.04,0.362,-43.6,2.4553,2.3499999999999996,0.14100000000000001,-1.7299999999999969,1.6589418808292267
all,SMB small-minus-big,long_short,vw,8,10,3.9945,6.3,14.39,0.497,-45.42,7.8,1768.7,195.3,2804,329,272,3.86,0.349,-43.77,2.3589,2.44,0.14800000000000002,-1.6499999999999986,1.6933740302683453
all,SMB small-minus-big,long_short,vw,8,20,3.9172,6.21,14.4,0.49,-45.51,7.8,1768.7,195.3,2804,329,272,3.68,0.336,-43.94,2.2662,2.53,0.15399999999999997,-1.5700000000000003,1.728532344894537
all,SMB small-minus-big,long_short,vw,8,50,3.6939,5.93,14.43,0.472,-45.77,7.8,1768.7,195.3,2804,329,272,3.13,0.296,-44.45,2.0092,2.8,0.176,-1.3200000000000003,1.8384929325104522
all,SMB small-minus-big,long_short,vw,8,100,3.3486,5.48,14.49,0.44,-46.21,7.8,1768.7,195.3,2804,329,272,2.22,0.23,-45.29,1.6437,3.2600000000000002,0.21,-0.9200000000000017,2.0372330717284175
all,SMB small-minus-big,long_short,vw,9,0,4.4782,6.84,14.11,0.54,-41.2,7.9,1779.7,194.7,2668,344,272,4.04,0.362,-43.6,2.4553,2.8,0.17800000000000005,2.3999999999999986,1.8238911741945996
all,SMB small-minus-big,long_short,vw,9,10,4.3921,6.75,14.11,0.534,-41.3,7.9,1779.7,194.7,2668,344,272,3.86,0.349,-43.77,2.3589,2.89,0.18500000000000005,2.470000000000006,1.8619271694433845
all,SMB small-minus-big,long_short,vw,9,20,4.3077,6.66,14.1,0.528,-41.4,7.9,1779.7,194.7,2668,344,272,3.68,0.336,-43.94,2.2662,2.98,0.192,2.539999999999999,1.900847233253905
all,SMB small-minus-big,long_short,vw,9,50,4.0637,6.38,14.09,0.509,-41.7,7.9,1779.7,194.7,2668,344,272,3.13,0.296,-44.45,2.0092,3.25,0.21300000000000002,2.75,2.0225462870794346
all,SMB small-minus-big,long_short,vw,9,100,3.6861,5.92,14.09,0.479,-42.19,7.9,1779.7,194.7,2668,344,272,2.22,0.23,-45.29,1.6437,3.6999999999999997,0.24899999999999997,3.1000000000000014,2.242562511407191
all,SMB small-minus-big,long_short,vw,10,0,3.8105,6.08,13.74,0.498,-42.77,8.0,1774.1,193.8,2668,344,272,4.04,0.362,-43.6,2.4553,2.04,0.136,0.8299999999999983,1.5519488453549466
all,SMB small-minus-big,long_short,vw,10,10,3.7376,5.99,13.72,0.493,-42.83,8.0,1774.1,193.8,2668,344,272,3.86,0.349,-43.77,2.3589,2.1300000000000003,0.14400000000000002,0.9400000000000048,1.5844673364703885
all,SMB small-minus-big,long_short,vw,10,20,3.666,5.9,13.71,0.487,-42.89,8.0,1774.1,193.8,2668,344,272,3.68,0.336,-43.94,2.2662,2.22,0.15099999999999997,1.0499999999999972,1.6176859941752713
all,SMB small-minus-big,long_short,vw,10,50,3.4591,5.63,13.67,0.469,-43.08,8.0,1774.1,193.8,2668,344,272,3.13,0.296,-44.45,2.0092,2.5,0.173,1.3700000000000045,1.7216304997013736
all,SMB small-minus-big,long_short,vw,10,100,3.1387,5.18,13.61,0.439,-43.38,8.0,1774.1,193.8,2668,344,272,2.22,0.23,-45.29,1.6437,2.9599999999999995,0.209,1.9099999999999966,1.909533369836345
all,SMB small-minus-big,long_short,vw,11,0,5.1539,7.5,14.56,0.57,-42.46,7.5,1781.0,191.7,2804,329,272,4.04,0.362,-43.6,2.4553,3.46,0.20799999999999996,1.1400000000000006,2.099091760680976
all,SMB small-minus-big,long_short,vw,11,10,5.06,7.42,14.56,0.565,-42.55,7.5,1781.0,191.7,2804,329,272,3.86,0.349,-43.77,2.3589,3.56,0.21599999999999997,1.220000000000006,2.1450676162618167
all,SMB small-minus-big,long_short,vw,11,20,4.9678,7.33,14.56,0.559,-42.64,7.5,1781.0,191.7,2804,329,272,3.68,0.336,-43.94,2.2662,3.65,0.22300000000000003,1.2999999999999972,2.1921277910157975
all,SMB small-minus-big,long_short,vw,11,50,4.7006,7.07,14.56,0.542,-42.9,7.5,1781.0,191.7,2804,329,272,3.13,0.296,-44.45,2.0092,3.9400000000000004,0.24600000000000005,1.5500000000000043,2.339538124626717
all,SMB small-minus-big,long_short,vw,11,100,4.2853,6.63,14.58,0.513,-43.34,7.5,1781.0,191.7,2804,329,272,2.22,0.23,-45.29,1.6437,4.41,0.28300000000000003,1.9499999999999957,2.607105919571698
all,SMB small-minus-big,long_short,vw,12,0,3.4418,5.6,14.5,0.449,-45.81,7.3,1682.5,192.8,2804,329,272,4.04,0.362,-43.6,2.4553,1.5599999999999996,0.08700000000000002,-2.210000000000001,1.4017838960615812
all,SMB small-minus-big,long_short,vw,12,10,3.3801,5.52,14.51,0.443,-45.89,7.3,1682.5,192.8,2804,329,272,3.86,0.349,-43.77,2.3589,1.6599999999999997,0.09400000000000003,-2.1199999999999974,1.4329136461910212
all,SMB small-minus-big,long_short,vw,12,20,3.3194,5.44,14.51,0.437,-45.98,7.3,1682.5,192.8,2804,329,272,3.68,0.336,-43.94,2.2662,1.7600000000000002,0.10099999999999998,-2.039999999999999,1.4647427411525902
all,SMB small-minus-big,long_short,vw,12,50,3.1435,5.18,14.54,0.42,-46.22,7.3,1682.5,192.8,2804,329,272,3.13,0.296,-44.45,2.0092,2.05,0.124,-1.769999999999996,1.564553055942664
all,SMB small-minus-big,long_short,vw,12,100,2.8698,4.76,14.59,0.392,-46.62,7.3,1682.5,192.8,2804,329,272,2.22,0.23,-45.29,1.6437,2.5399999999999996,0.162,-1.3299999999999983,1.7459390399707977
all,HML value-minus-growth,long_short,vw,1,0,2.5374,4.19,17.4,0.322,-68.86,25.1,500.7,497.3,814,821,272,4.19,0.322,-68.86,2.5374,0.0,0.0,0.0,1.0
all,HML value-minus-growth,long_short,vw,1,10,2.3756,3.89,17.39,0.305,-69.62,25.1,500.7,497.3,814,821,272,3.89,0.305,-69.62,2.3756,0.0,0.0,0.0,1.0
all,HML value-minus-growth,long_short,vw,1,20,2.224,3.59,17.38,0.288,-70.36,25.1,500.7,497.3,814,821,272,3.59,0.288,-70.36,2.224,0.0,0.0,0.0,1.0
all,HML value-minus-growth,long_short,vw,1,50,1.824,2.69,17.37,0.238,-72.6,25.1,500.7,497.3,814,821,272,2.69,0.238,-72.6,1.824,0.0,0.0,0.0,1.0
all,HML value-minus-growth,long_short,vw,1,100,1.3087,1.19,17.38,0.154,-76.13,25.1,500.7,497.3,814,821,272,1.19,0.154,-76.13,1.3087,0.0,0.0,0.0,1.0
all,HML value-minus-growth,long_short,vw,2,0,2.3909,3.92,17.66,0.305,-69.11,21.8,501.0,497.6,811,822,272,4.19,0.322,-68.86,2.5374,-0.27000000000000046,-0.017000000000000015,-0.25,0.9422637345314101
all,HML value-minus-growth,long_short,vw,2,10,2.2589,3.66,17.65,0.291,-69.76,21.8,501.0,497.6,811,822,272,3.89,0.305,-69.62,2.3756,-0.22999999999999998,-0.014000000000000012,-0.14000000000000057,0.9508755682774879
all,HML value-minus-growth,long_short,vw,2,20,2.134,3.4,17.64,0.276,-70.46,21.8,501.0,497.6,811,822,272,3.59,0.288,-70.36,2.224,-0.18999999999999995,-0.011999999999999955,-0.09999999999999432,0.9595323741007193
all,HML value-minus-growth,long_short,vw,2,50,1.7983,2.62,17.62,0.233,-72.51,21.8,501.0,497.6,811,822,272,2.69,0.238,-72.6,1.824,-0.06999999999999984,-0.004999999999999977,0.0899999999999892,0.9859100877192982
all,HML value-minus-growth,long_short,vw,2,100,1.3499,1.33,17.63,0.162,-75.63,21.8,501.0,497.6,811,822,272,1.19,0.154,-76.13,1.3087,0.14000000000000012,0.008000000000000007,0.5,1.0314816229846413
all,HML value-minus-growth,long_short,vw,3,0,2.845,4.72,17.89,0.346,-68.47,21.1,501.1,498.0,811,822,272,4.19,0.322,-68.86,2.5374,0.5299999999999994,0.023999999999999966,0.39000000000000057,1.1212264522739814
all,HML value-minus-growth,long_short,vw,3,10,2.6935,4.47,17.87,0.333,-69.08,21.1,501.1,498.0,811,822,272,3.89,0.305,-69.62,2.3756,0.5799999999999996,0.028000000000000025,0.5400000000000063,1.133818824717966
all,HML value-minus-growth,long_short,vw,3,20,2.5499,4.22,17.86,0.319,-69.69,21.1,501.1,498.0,811,822,272,3.59,0.288,-70.36,2.224,0.6299999999999999,0.031000000000000028,0.6700000000000017,1.1465377697841725
all,HML value-minus-growth,long_short,vw,3,50,2.1623,3.46,17.85,0.278,-71.45,21.1,501.1,498.0,811,822,272,2.69,0.238,-72.6,1.824,0.77,0.040000000000000036,1.1499999999999915,1.1854714912280702
all,HML value-minus-growth,long_short,vw,3,100,1.6401,2.21,17.85,0.21,-74.28,21.1,501.1,498.0,811,822,272,1.19,0.154,-76.13,1.3087,1.02,0.055999999999999994,1.8499999999999943,1.253228394590051
all,HML value-minus-growth,long_short,vw,4,0,2.4365,4.01,18.19,0.306,-69.64,19.6,502.0,498.6,899,886,272,4.19,0.322,-68.86,2.5374,-0.1800000000000006,-0.016000000000000014,-0.7800000000000011,0.960234886103886
all,HML value-minus-growth,long_short,vw,4,10,2.3154,3.77,18.19,0.293,-70.29,19.6,502.0,498.6,899,886,272,3.89,0.305,-69.62,2.3756,-0.1200000000000001,-0.01200000000000001,-0.6700000000000017,0.9746590335073244
all,HML value-minus-growth,long_short,vw,4,20,2.2001,3.54,18.18,0.281,-70.92,19.6,502.0,498.6,899,886,272,3.59,0.288,-70.36,2.224,-0.04999999999999982,-0.006999999999999951,-0.5600000000000023,0.9892535971223021
all,HML value-minus-growth,long_short,vw,4,50,1.8865,2.84,18.18,0.243,-72.74,19.6,502.0,498.6,899,886,272,2.69,0.238,-72.6,1.824,0.1499999999999999,0.0050000000000000044,-0.14000000000000057,1.034265350877193
all,HML value-minus-growth,long_short,vw,4,100,1.4576,1.68,18.22,0.181,-76.06,19.6,502.0,498.6,899,886,272,1.19,0.154,-76.13,1.3087,0.49,0.026999999999999996,0.06999999999999318,1.1137770306410943
all,HML value-minus-growth,long_short,vw,5,0,1.9052,2.88,18.18,0.246,-75.14,19.9,493.6,491.9,811,822,272,4.19,0.322,-68.86,2.5374,-1.3100000000000005,-0.07600000000000001,-6.280000000000001,0.7508473240324742
all,HML value-minus-growth,long_short,vw,5,10,1.8085,2.65,18.18,0.233,-75.68,19.9,493.6,491.9,811,822,272,3.89,0.305,-69.62,2.3756,-1.2400000000000002,-0.07199999999999998,-6.060000000000002,0.7612813604984005
all,HML value-minus-growth,long_short,vw,5,20,1.7165,2.41,18.18,0.221,-76.21,19.9,493.6,491.9,811,822,272,3.59,0.288,-70.36,2.224,-1.1799999999999997,-0.06699999999999998,-5.849999999999994,0.7718075539568344
all,HML value-minus-growth,long_short,vw,5,50,1.4669,1.7,18.2,0.182,-78.57,19.9,493.6,491.9,811,822,272,2.69,0.238,-72.6,1.824,-0.99,-0.055999999999999994,-5.969999999999999,0.8042214912280702
all,HML value-minus-growth,long_short,vw,5,100,1.1268,0.53,18.28,0.119,-82.4,19.9,493.6,491.9,811,822,272,1.19,0.154,-76.13,1.3087,-0.6599999999999999,-0.035,-6.27000000000001,0.8610071062886835
all,HML value-minus-growth,long_short,vw,6,0,2.6809,4.45,18.98,0.323,-71.06,18.8,502.0,498.8,811,822,272,4.19,0.322,-68.86,2.5374,0.2599999999999998,0.0010000000000000009,-2.200000000000003,1.0565539528651375
all,HML value-minus-growth,long_short,vw,6,10,2.5537,4.22,18.97,0.311,-71.57,18.8,502.0,498.8,811,822,272,3.89,0.305,-69.62,2.3756,0.3299999999999996,0.006000000000000005,-1.9499999999999886,1.0749705337598923
all,HML value-minus-growth,long_short,vw,6,20,2.4323,4.0,18.96,0.3,-72.07,18.8,502.0,498.8,811,822,272,3.59,0.288,-70.36,2.224,0.41000000000000014,0.01200000000000001,-1.7099999999999937,1.093660071942446
all,HML value-minus-growth,long_short,vw,6,50,2.1005,3.33,18.94,0.266,-73.53,18.8,502.0,498.8,811,822,272,2.69,0.238,-72.6,1.824,0.6400000000000001,0.028000000000000025,-0.9300000000000068,1.1515899122807016
all,HML value-minus-growth,long_short,vw,6,100,1.642,2.21,18.95,0.208,-75.99,18.8,502.0,498.8,811,822,272,1.19,0.154,-76.13,1.3087,1.02,0.05399999999999999,0.14000000000000057,1.2546802170092457
all,HML value-minus-growth,long_short,vw,7,0,2.3604,3.86,17.67,0.302,-77.32,18.4,491.8,491.2,904,892,272,4.19,0.322,-68.86,2.5374,-0.3300000000000005,-0.020000000000000018,-8.459999999999994,0.9302435563963112
all,HML value-minus-growth,long_short,vw,7,10,2.2498,3.64,17.67,0.29,-77.77,18.4,491.8,491.2,904,892,272,3.89,0.305,-69.62,2.3756,-0.25,-0.015000000000000013,-8.149999999999991,0.9470449570634787
all,HML value-minus-growth,long_short,vw,7,20,2.1442,3.42,17.67,0.278,-78.22,18.4,491.8,491.2,904,892,272,3.59,0.288,-70.36,2.224,-0.16999999999999993,-0.009999999999999953,-7.859999999999999,0.9641187050359712
all,HML value-minus-growth,long_short,vw,7,50,1.855,2.76,17.69,0.241,-79.5,18.4,491.8,491.2,904,892,272,2.69,0.238,-72.6,1.824,0.06999999999999984,0.0030000000000000027,-6.900000000000006,1.0169956140350878
all,HML value-minus-growth,long_short,vw,7,100,1.4543,1.67,17.75,0.181,-81.5,18.4,491.8,491.2,904,892,272,1.19,0.154,-76.13,1.3087,0.48,0.026999999999999996,-5.3700000000000045,1.1112554443340719
all,HML value-minus-growth,long_short,vw,8,0,2.5873,4.28,19.11,0.314,-74.49,18.1,496.1,494.5,904,893,272,4.19,0.322,-68.86,2.5374,0.08999999999999986,-0.008000000000000007,-5.6299999999999955,1.019665799637424
all,HML value-minus-growth,long_short,vw,8,10,2.4666,4.06,19.13,0.303,-75.02,18.1,496.1,494.5,904,893,272,3.89,0.305,-69.62,2.3756,0.16999999999999948,-0.0020000000000000018,-5.3999999999999915,1.038306112140091
all,HML value-minus-growth,long_short,vw,8,20,2.3514,3.84,19.14,0.291,-75.54,18.1,496.1,494.5,904,893,272,3.59,0.288,-70.36,2.224,0.25,0.0030000000000000027,-5.180000000000007,1.0572841726618705
all,HML value-minus-growth,long_short,vw,8,50,2.0356,3.19,19.21,0.258,-77.05,18.1,496.1,494.5,904,893,272,2.69,0.238,-72.6,1.824,0.5,0.020000000000000018,-4.450000000000003,1.1160087719298246
all,HML value-minus-growth,long_short,vw,8,100,1.5973,2.09,19.37,0.202,-79.37,18.1,496.1,494.5,904,893,272,1.19,0.154,-76.13,1.3087,0.8999999999999999,0.048000000000000015,-3.240000000000009,1.2205241843050356
all,HML value-minus-growth,long_short,vw,9,0,2.3383,3.82,18.64,0.293,-76.51,17.7,492.3,487.2,811,822,272,4.19,0.322,-68.86,2.5374,-0.37000000000000055,-0.029000000000000026,-7.650000000000006,0.9215338535508788
all,HML value-minus-growth,long_short,vw,9,10,2.2335,3.61,18.63,0.282,-77.11,17.7,492.3,487.2,811,822,272,3.89,0.305,-69.62,2.3756,-0.28000000000000025,-0.02300000000000002,-7.489999999999995,0.9401835325812425
all,HML value-minus-growth,long_short,vw,9,20,2.1333,3.4,18.63,0.272,-77.71,17.7,492.3,487.2,811,822,272,3.59,0.288,-70.36,2.224,-0.18999999999999995,-0.01599999999999996,-7.349999999999994,0.9592176258992806
all,HML value-minus-growth,long_short,vw,9,50,1.8575,2.77,18.62,0.239,-79.4,17.7,492.3,487.2,811,822,272,2.69,0.238,-72.6,1.824,0.08000000000000007,0.0010000000000000009,-6.800000000000011,1.0183662280701753
all,HML value-minus-growth,long_short,vw,9,100,1.4716,1.72,18.66,0.184,-81.96,17.7,492.3,487.2,811,822,272,1.19,0.154,-76.13,1.3087,0.53,0.03,-5.829999999999998,1.1244746695193704
all,HML value-minus-growth,long_short,vw,10,0,3.4758,5.65,18.38,0.39,-75.29,16.9,491.7,485.4,811,822,272,4.19,0.322,-68.86,2.5374,1.46,0.068,-6.430000000000007,1.369827382359896
all,HML value-minus-growth,long_short,vw,10,10,3.3278,5.45,18.38,0.379,-75.78,16.9,491.7,485.4,811,822,272,3.89,0.305,-69.62,2.3756,1.56,0.07400000000000001,-6.159999999999997,1.4008250547230174
all,HML value-minus-growth,long_short,vw,10,20,3.1858,5.24,18.37,0.369,-76.26,16.9,491.7,485.4,811,822,272,3.59,0.288,-70.36,2.224,1.6500000000000004,0.08100000000000002,-5.900000000000006,1.4324640287769783
all,HML value-minus-growth,long_short,vw,10,50,2.7935,4.64,18.38,0.337,-77.66,16.9,491.7,485.4,811,822,272,2.69,0.238,-72.6,1.824,1.9499999999999997,0.09900000000000003,-5.060000000000002,1.5315241228070173
all,HML value-minus-growth,long_short,vw,10,100,2.24,3.62,18.42,0.284,-79.82,16.9,491.7,485.4,811,822,272,1.19,0.154,-76.13,1.3087,2.43,0.12999999999999998,-3.6899999999999977,1.7116222205241844
all,HML value-minus-growth,long_short,vw,11,0,2.9675,4.92,19.48,0.342,-73.84,16.9,483.7,481.1,904,893,272,4.19,0.322,-68.86,2.5374,0.7299999999999995,0.020000000000000018,-4.980000000000004,1.1695042169149523
all,HML value-minus-growth,long_short,vw,11,10,2.8414,4.71,19.47,0.333,-74.3,16.9,483.7,481.1,904,893,272,3.89,0.305,-69.62,2.3756,0.8199999999999998,0.028000000000000025,-4.679999999999993,1.1960767806027952
all,HML value-minus-growth,long_short,vw,11,20,2.7204,4.51,19.46,0.323,-74.76,16.9,483.7,481.1,904,893,272,3.59,0.288,-70.36,2.224,0.9199999999999999,0.03500000000000003,-4.400000000000006,1.2232014388489207
all,HML value-minus-growth,long_short,vw,11,50,2.386,3.91,19.44,0.293,-76.08,16.9,483.7,481.1,904,893,272,2.69,0.238,-72.6,1.824,1.2200000000000002,0.05499999999999999,-3.480000000000004,1.3081140350877194
all,HML value-minus-growth,long_short,vw,11,100,1.9137,2.9,19.46,0.243,-78.15,16.9,483.7,481.1,904,893,272,1.19,0.154,-76.13,1.3087,1.71,0.089,-2.0200000000000102,1.4622908229540765
all,HML value-minus-growth,long_short,vw,12,0,3.5584,5.76,19.47,0.384,-70.46,16.6,504.1,500.9,904,893,272,4.19,0.322,-68.86,2.5374,1.5699999999999994,0.062,-1.5999999999999943,1.4023803893749507
all,HML value-minus-growth,long_short,vw,12,10,3.4099,5.56,19.46,0.374,-70.99,16.6,504.1,500.9,904,893,272,3.89,0.305,-69.62,2.3756,1.6699999999999995,0.069,-1.3699999999999903,1.43538474490655
all,HML value-minus-growth,long_short,vw,12,20,3.2673,5.36,19.46,0.364,-71.52,16.6,504.1,500.9,904,893,272,3.59,0.288,-70.36,2.224,1.7700000000000005,0.07600000000000001,-1.1599999999999966,1.4691097122302157
all,HML value-minus-growth,long_short,vw,12,50,2.8725,4.77,19.45,0.335,-73.05,16.6,504.1,500.9,904,893,272,2.69,0.238,-72.6,1.824,2.0799999999999996,0.09700000000000003,-0.45000000000000284,1.5748355263157894
all,HML value-minus-growth,long_short,vw,12,100,2.313,3.77,19.48,0.286,-75.43,16.6,504.1,500.9,904,893,272,1.19,0.154,-76.13,1.3087,2.58,0.13199999999999998,0.6999999999999886,1.7674027661037672
all,RMW robust-minus-weak,long_short,vw,1,0,2.11,3.35,10.38,0.37,-36.22,29.6,475.0,482.5,512,515,272,3.35,0.37,-36.22,2.11,0.0,0.0,0.0,1.0
all,RMW robust-minus-weak,long_short,vw,1,10,1.951,2.99,10.38,0.336,-37.58,29.6,475.0,482.5,512,515,272,2.99,0.336,-37.58,1.951,0.0,0.0,0.0,1.0
all,RMW robust-minus-weak,long_short,vw,1,20,1.8038,2.64,10.39,0.303,-38.92,29.6,475.0,482.5,512,515,272,2.64,0.303,-38.92,1.8038,0.0,0.0,0.0,1.0
all,RMW robust-minus-weak,long_short,vw,1,50,1.4253,1.58,10.41,0.203,-42.76,29.6,475.0,482.5,512,515,272,1.58,0.203,-42.76,1.4253,0.0,0.0,0.0,1.0
all,RMW robust-minus-weak,long_short,vw,1,100,0.9615,-0.17,10.48,0.036,-48.66,29.6,475.0,482.5,512,515,272,-0.17,0.036,-48.66,0.9615,0.0,0.0,0.0,1.0
all,RMW robust-minus-weak,long_short,vw,2,0,1.7505,2.5,10.58,0.287,-39.33,23.5,470.2,479.8,426,463,272,3.35,0.37,-36.22,2.11,-0.8500000000000001,-0.08300000000000002,-3.1099999999999994,0.8296208530805688
all,RMW robust-minus-weak,long_short,vw,2,10,1.6455,2.22,10.58,0.261,-40.36,23.5,470.2,479.8,426,463,272,2.99,0.336,-37.58,1.951,-0.77,-0.07500000000000001,-2.780000000000001,0.8434136340338287
all,RMW robust-minus-weak,long_short,vw,2,20,1.5466,1.94,10.59,0.235,-41.39,23.5,470.2,479.8,426,463,272,2.64,0.303,-38.92,1.8038,-0.7000000000000002,-0.068,-2.469999999999999,0.8574121299478877
all,RMW robust-minus-weak,long_short,vw,2,50,1.284,1.11,10.62,0.157,-44.36,23.5,470.2,479.8,426,463,272,1.58,0.203,-42.76,1.4253,-0.47,-0.04600000000000001,-1.6000000000000014,0.9008629762155336
all,RMW robust-minus-weak,long_short,vw,2,100,0.9406,-0.27,10.7,0.029,-48.99,23.5,470.2,479.8,426,463,272,-0.17,0.036,-48.66,0.9615,-0.1,-0.006999999999999996,-0.3300000000000054,0.978263130525221
all,RMW robust-minus-weak,long_short,vw,3,0,1.6852,2.33,10.62,0.27,-40.11,21.8,465.9,477.2,426,463,272,3.35,0.37,-36.22,2.11,-1.02,-0.09999999999999998,-3.8900000000000006,0.7986729857819905
all,RMW robust-minus-weak,long_short,vw,3,10,1.5912,2.07,10.63,0.246,-41.14,21.8,465.9,477.2,426,463,272,2.99,0.336,-37.58,1.951,-0.9200000000000004,-0.09000000000000002,-3.5600000000000023,0.8155817529472065
all,RMW robust-minus-weak,long_short,vw,3,20,1.5023,1.81,10.64,0.222,-42.16,21.8,465.9,477.2,426,463,272,2.64,0.303,-38.92,1.8038,-0.8300000000000001,-0.08099999999999999,-3.239999999999995,0.8328528661714159
all,RMW robust-minus-weak,long_short,vw,3,50,1.2639,1.04,10.69,0.15,-45.13,21.8,465.9,477.2,426,463,272,1.58,0.203,-42.76,1.4253,-0.54,-0.05300000000000002,-2.3700000000000045,0.8867606819616923
all,RMW robust-minus-weak,long_short,vw,3,100,0.9466,-0.24,10.8,0.032,-49.75,21.8,465.9,477.2,426,463,272,-0.17,0.036,-48.66,0.9615,-0.06999999999999998,-0.003999999999999997,-1.0900000000000034,0.9845033801352053
all,RMW robust-minus-weak,long_short,vw,4,0,1.6838,2.33,10.6,0.27,-41.76,19.4,461.9,475.1,512,516,272,3.35,0.37,-36.22,2.11,-1.02,-0.09999999999999998,-5.539999999999999,0.7980094786729858
all,RMW robust-minus-weak,long_short,vw,4,10,1.6004,2.1,10.6,0.249,-42.57,19.4,461.9,475.1,512,516,272,2.99,0.336,-37.58,1.951,-0.8900000000000001,-0.08700000000000002,-4.990000000000002,0.8202972834443875
all,RMW robust-minus-weak,long_short,vw,4,20,1.521,1.87,10.6,0.228,-43.37,19.4,461.9,475.1,512,516,272,2.64,0.303,-38.92,1.8038,-0.77,-0.07499999999999998,-4.449999999999996,0.8432198691650958
all,RMW robust-minus-weak,long_short,vw,4,50,1.3053,1.18,10.62,0.164,-45.72,19.4,461.9,475.1,512,516,272,1.58,0.203,-42.76,1.4253,-0.40000000000000013,-0.03900000000000001,-2.960000000000001,0.9158071984845295
all,RMW robust-minus-weak,long_short,vw,4,100,1.0104,0.05,10.68,0.058,-49.43,19.4,461.9,475.1,512,516,272,-0.17,0.036,-48.66,0.9615,0.22000000000000003,0.022000000000000006,-0.7700000000000031,1.0508580343213727
all,RMW robust-minus-weak,long_short,vw,5,0,1.6923,2.35,11.32,0.262,-40.95,18.8,471.0,479.5,426,463,272,3.35,0.37,-36.22,2.11,-1.0,-0.10799999999999998,-4.730000000000004,0.8020379146919432
all,RMW robust-minus-weak,long_short,vw,5,10,1.6109,2.13,11.33,0.243,-41.78,18.8,471.0,479.5,426,463,272,2.99,0.336,-37.58,1.951,-0.8600000000000003,-0.09300000000000003,-4.200000000000003,0.8256791389031266
all,RMW robust-minus-weak,long_short,vw,5,20,1.5332,1.9,11.34,0.223,-42.6,18.8,471.0,479.5,426,463,272,2.64,0.303,-38.92,1.8038,-0.7400000000000002,-0.07999999999999999,-3.6799999999999997,0.849983368444395
all,RMW robust-minus-weak,long_short,vw,5,50,1.3215,1.24,11.38,0.165,-44.99,18.8,471.0,479.5,426,463,272,1.58,0.203,-42.76,1.4253,-0.3400000000000001,-0.038000000000000006,-2.230000000000004,0.927173226689118
all,RMW robust-minus-weak,long_short,vw,5,100,1.0302,0.13,11.5,0.069,-48.93,18.8,471.0,479.5,426,463,272,-0.17,0.036,-48.66,0.9615,0.30000000000000004,0.03300000000000001,-0.2700000000000031,1.0714508580343214
all,RMW robust-minus-weak,long_short,vw,6,0,2.1167,3.36,11.78,0.34,-40.04,17.7,452.5,469.7,426,463,272,3.35,0.37,-36.22,2.11,0.009999999999999787,-0.02999999999999997,-3.8200000000000003,1.003175355450237
all,RMW robust-minus-weak,long_short,vw,6,10,2.0209,3.15,11.78,0.322,-40.96,17.7,452.5,469.7,426,463,272,2.99,0.336,-37.58,1.951,0.1599999999999997,-0.014000000000000012,-3.3800000000000026,1.0358277806253204
all,RMW robust-minus-weak,long_short,vw,6,20,1.9292,2.94,11.79,0.305,-41.87,17.7,452.5,469.7,426,463,272,2.64,0.303,-38.92,1.8038,0.2999999999999998,0.0020000000000000018,-2.9499999999999957,1.0695199024282072
all,RMW robust-minus-weak,long_short,vw,6,50,1.6779,2.31,11.84,0.252,-44.51,17.7,452.5,469.7,426,463,272,1.58,0.203,-42.76,1.4253,0.73,0.04899999999999999,-1.75,1.1772258471900652
all,RMW robust-minus-weak,long_short,vw,6,100,1.3278,1.26,11.95,0.164,-48.67,17.7,452.5,469.7,426,463,272,-0.17,0.036,-48.66,0.9615,1.43,0.128,-0.010000000000005116,1.3809672386895477
all,RMW robust-minus-weak,long_short,vw,7,0,1.7781,2.57,11.21,0.283,-43.44,16.6,472.1,482.5,512,516,272,3.35,0.37,-36.22,2.11,-0.7800000000000002,-0.08700000000000002,-7.219999999999999,0.8427014218009479
all,RMW robust-minus-weak,long_short,vw,7,10,1.7032,2.38,11.21,0.266,-44.19,16.6,472.1,482.5,512,516,272,2.99,0.336,-37.58,1.951,-0.6100000000000003,-0.07,-6.609999999999999,0.872988211173757
all,RMW robust-minus-weak,long_short,vw,7,20,1.6314,2.18,11.21,0.249,-44.93,16.6,472.1,482.5,512,516,272,2.64,0.303,-38.92,1.8038,-0.45999999999999996,-0.05399999999999999,-6.009999999999998,0.9044239937908859
all,RMW robust-minus-weak,long_short,vw,7,50,1.433,1.6,11.23,0.198,-47.11,16.6,472.1,482.5,512,516,272,1.58,0.203,-42.76,1.4253,0.020000000000000018,-0.0050000000000000044,-4.350000000000001,1.005402371430576
all,RMW robust-minus-weak,long_short,vw,7,100,1.1528,0.63,11.31,0.112,-50.58,16.6,472.1,482.5,512,516,272,-0.17,0.036,-48.66,0.9615,0.8,0.07600000000000001,-1.9200000000000017,1.198959958398336
all,RMW robust-minus-weak,long_short,vw,8,0,1.6136,2.13,11.33,0.243,-45.42,16.6,456.3,468.4,440,485,272,3.35,0.37,-36.22,2.11,-1.2200000000000002,-0.127,-9.200000000000003,0.764739336492891
all,RMW robust-minus-weak,long_short,vw,8,10,1.5456,1.94,11.33,0.226,-45.9,16.6,456.3,468.4,440,485,272,2.99,0.336,-37.58,1.951,-1.0500000000000003,-0.11000000000000001,-8.32,0.7922091235263967
all,RMW robust-minus-weak,long_short,vw,8,20,1.4804,1.75,11.34,0.21,-46.38,16.6,456.3,468.4,440,485,272,2.64,0.303,-38.92,1.8038,-0.8900000000000001,-0.093,-7.460000000000001,0.8207118305798868
all,RMW robust-minus-weak,long_short,vw,8,50,1.3002,1.17,11.36,0.159,-47.79,16.6,456.3,468.4,440,485,272,1.58,0.203,-42.76,1.4253,-0.41000000000000014,-0.04400000000000001,-5.030000000000001,0.9122290044201221
all,RMW robust-minus-weak,long_short,vw,8,100,1.0458,0.2,11.45,0.075,-50.07,16.6,456.3,468.4,440,485,272,-0.17,0.036,-48.66,0.9615,0.37,0.039,-1.4100000000000037,1.0876755070202808
all,RMW robust-minus-weak,long_short,vw,9,0,1.6334,2.19,12.4,0.237,-48.43,16.4,463.3,476.6,426,463,272,3.35,0.37,-36.22,2.11,-1.1600000000000001,-0.133,-12.21,0.7741232227488152
all,RMW robust-minus-weak,long_short,vw,9,10,1.5645,1.99,12.42,0.221,-48.87,16.4,463.3,476.6,426,463,272,2.99,0.336,-37.58,1.951,-1.0000000000000002,-0.11500000000000002,-11.29,0.801896463352127
all,RMW robust-minus-weak,long_short,vw,9,20,1.4983,1.8,12.44,0.206,-49.31,16.4,463.3,476.6,426,463,272,2.64,0.303,-38.92,1.8038,-0.8400000000000001,-0.097,-10.39,0.8306353254241046
all,RMW robust-minus-weak,long_short,vw,9,50,1.3155,1.22,12.52,0.159,-50.6,16.4,463.3,476.6,426,463,272,1.58,0.203,-42.76,1.4253,-0.3600000000000001,-0.04400000000000001,-7.840000000000003,0.9229635866133444
all,RMW robust-minus-weak,long_short,vw,9,100,1.0572,0.25,12.7,0.083,-52.71,16.4,463.3,476.6,426,463,272,-0.17,0.036,-48.66,0.9615,0.42000000000000004,0.04700000000000001,-4.050000000000004,1.099531981279251
all,RMW robust-minus-weak,long_short,vw,10,0,1.4982,1.8,11.28,0.215,-46.9,16.3,463.5,475.2,426,463,272,3.35,0.37,-36.22,2.11,-1.55,-0.155,-10.68,0.710047393364929
all,RMW robust-minus-weak,long_short,vw,10,10,1.4359,1.61,11.29,0.198,-47.6,16.3,463.5,475.2,426,463,272,2.99,0.336,-37.58,1.951,-1.3800000000000001,-0.138,-10.020000000000003,0.7359815479241414
all,RMW robust-minus-weak,long_short,vw,10,20,1.3759,1.42,11.3,0.181,-48.29,16.3,463.5,475.2,426,463,272,2.64,0.303,-38.92,1.8038,-1.2200000000000002,-0.122,-9.369999999999997,0.7627785785563809
all,RMW robust-minus-weak,long_short,vw,10,50,1.2102,0.85,11.35,0.131,-50.33,16.3,463.5,475.2,426,463,272,1.58,0.203,-42.76,1.4253,-0.7300000000000001,-0.07200000000000001,-7.57,0.8490844032835192
all,RMW robust-minus-weak,long_short,vw,10,100,0.9756,-0.11,11.48,0.048,-53.58,16.3,463.5,475.2,426,463,272,-0.17,0.036,-48.66,0.9615,0.06000000000000001,0.012000000000000004,-4.920000000000002,1.0146645865834634
all,RMW robust-minus-weak,long_short,vw,11,0,1.3903,1.46,13.0,0.177,-59.26,16.1,460.4,468.1,440,485,272,3.35,0.37,-36.22,2.11,-1.8900000000000001,-0.193,-23.04,0.6589099526066352
all,RMW robust-minus-weak,long_short,vw,11,10,1.3332,1.28,13.0,0.163,-59.63,16.1,460.4,468.1,440,485,272,2.99,0.336,-37.58,1.951,-1.7100000000000002,-0.17300000000000001,-22.050000000000004,0.6833418759610456
all,RMW robust-minus-weak,long_short,vw,11,20,1.2784,1.09,13.01,0.148,-60.0,16.1,460.4,468.1,440,485,272,2.64,0.303,-38.92,1.8038,-1.55,-0.155,-21.08,0.7087260228406697
all,RMW robust-minus-weak,long_short,vw,11,50,1.1264,0.53,13.04,0.106,-61.09,16.1,460.4,468.1,440,485,272,1.58,0.203,-42.76,1.4253,-1.05,-0.09700000000000002,-18.330000000000005,0.7902897635585491
all,RMW robust-minus-weak,long_short,vw,11,100,0.9105,-0.41,13.15,0.034,-62.86,16.1,460.4,468.1,440,485,272,-0.17,0.036,-48.66,0.9615,-0.23999999999999996,-0.001999999999999995,-14.200000000000003,0.9469578783151326
all,RMW robust-minus-weak,long_short,vw,12,0,1.3733,1.41,12.16,0.176,-51.89,15.5,427.5,455.1,440,485,272,3.35,0.37,-36.22,2.11,-1.9400000000000002,-0.194,-15.670000000000002,0.6508530805687204
all,RMW robust-minus-weak,long_short,vw,12,10,1.3192,1.23,12.17,0.162,-52.44,15.5,427.5,455.1,440,485,272,2.99,0.336,-37.58,1.951,-1.7600000000000002,-0.17400000000000002,-14.86,0.6761660686827268
all,RMW robust-minus-weak,long_short,vw,12,20,1.2672,1.05,12.17,0.147,-52.97,15.5,427.5,455.1,440,485,272,2.64,0.303,-38.92,1.8038,-1.59,-0.156,-14.049999999999997,0.7025169087481983
all,RMW robust-minus-weak,long_short,vw,12,50,1.1225,0.51,12.21,0.103,-54.69,15.5,427.5,455.1,440,485,272,1.58,0.203,-42.76,1.4253,-1.07,-0.10000000000000002,-11.93,0.7875534975092964
all,RMW robust-minus-weak,long_short,vw,12,100,0.9156,-0.39,12.33,0.031,-57.55,15.5,427.5,455.1,440,485,272,-0.17,0.036,-48.66,0.9615,-0.22,-0.0049999999999999975,-8.89,0.9522620904836193
all,CMA conservative-minus-aggressive,long_short,vw,1,0,2.3661,3.87,8.65,0.483,-19.61,38.5,630.2,591.4,1054,993,272,3.87,0.483,-19.61,2.3661,0.0,0.0,0.0,1.0
all,CMA conservative-minus-aggressive,long_short,vw,1,10,2.1353,3.4,8.66,0.43,-20.12,38.5,630.2,591.4,1054,993,272,3.4,0.43,-20.12,2.1353,0.0,0.0,0.0,1.0
all,CMA conservative-minus-aggressive,long_short,vw,1,20,1.9268,2.94,8.68,0.377,-20.62,38.5,630.2,591.4,1054,993,272,2.94,0.377,-20.62,1.9268,0.0,0.0,0.0,1.0
all,CMA conservative-minus-aggressive,long_short,vw,1,50,1.4142,1.54,8.77,0.218,-22.8,38.5,630.2,591.4,1054,993,272,1.54,0.218,-22.8,1.4142,0.0,0.0,0.0,1.0
all,CMA conservative-minus-aggressive,long_short,vw,1,100,0.8418,-0.76,9.03,-0.039,-39.6,38.5,630.2,591.4,1054,993,272,-0.76,-0.039,-39.6,0.8418,0.0,0.0,0.0,1.0
all,CMA conservative-minus-aggressive,long_short,vw,2,0,1.8186,2.67,9.2,0.333,-26.58,33.3,626.6,582.5,1003,772,272,3.87,0.483,-19.61,2.3661,-1.2000000000000002,-0.14999999999999997,-6.969999999999999,0.7686065677697477
all,CMA conservative-minus-aggressive,long_short,vw,2,10,1.6643,2.27,9.21,0.291,-27.04,33.3,626.6,582.5,1003,772,272,3.4,0.43,-20.12,2.1353,-1.13,-0.139,-6.919999999999998,0.7794220952559359
all,CMA conservative-minus-aggressive,long_short,vw,2,20,1.5228,1.87,9.23,0.248,-27.5,33.3,626.6,582.5,1003,772,272,2.94,0.377,-20.62,1.9268,-1.0699999999999998,-0.129,-6.879999999999999,0.7903259290014532
all,CMA conservative-minus-aggressive,long_short,vw,2,50,1.1654,0.68,9.31,0.12,-31.14,33.3,626.6,582.5,1003,772,272,1.54,0.218,-22.8,1.4142,-0.86,-0.098,-8.34,0.8240701456653939
all,CMA conservative-minus-aggressive,long_short,vw,2,100,0.7436,-1.3,9.58,-0.088,-45.76,33.3,626.6,582.5,1003,772,272,-0.76,-0.039,-39.6,0.8418,-0.54,-0.048999999999999995,-6.159999999999997,0.8833452126395819
all,CMA conservative-minus-aggressive,long_short,vw,3,0,1.7549,2.51,9.08,0.319,-25.95,32.2,623.0,574.6,1003,772,272,3.87,0.483,-19.61,2.3661,-1.3600000000000003,-0.16399999999999998,-6.34,0.7416846287139174
all,CMA conservative-minus-aggressive,long_short,vw,3,10,1.6112,2.13,9.08,0.278,-26.41,32.2,623.0,574.6,1003,772,272,3.4,0.43,-20.12,2.1353,-1.27,-0.15199999999999997,-6.289999999999999,0.7545543951669554
all,CMA conservative-minus-aggressive,long_short,vw,3,20,1.4791,1.74,9.08,0.236,-26.87,32.2,623.0,574.6,1003,772,272,2.94,0.377,-20.62,1.9268,-1.2,-0.14100000000000001,-6.25,0.7676458376582935
all,CMA conservative-minus-aggressive,long_short,vw,3,50,1.1429,0.59,9.15,0.111,-30.52,32.2,623.0,574.6,1003,772,272,1.54,0.218,-22.8,1.4142,-0.9500000000000001,-0.107,-7.719999999999999,0.808160090510536
all,CMA conservative-minus-aggressive,long_short,vw,3,100,0.7411,-1.31,9.39,-0.093,-44.57,32.2,623.0,574.6,1003,772,272,-0.76,-0.039,-39.6,0.8418,-0.55,-0.054,-4.969999999999999,0.880375386077453
all,CMA conservative-minus-aggressive,long_short,vw,4,0,1.6884,2.34,9.26,0.296,-26.05,29.5,620.1,568.1,1054,992,272,3.87,0.483,-19.61,2.3661,-1.5300000000000002,-0.187,-6.440000000000001,0.7135793077215671
all,CMA conservative-minus-aggressive,long_short,vw,4,10,1.5613,1.98,9.27,0.259,-26.47,29.5,620.1,568.1,1054,992,272,3.4,0.43,-20.12,2.1353,-1.42,-0.17099999999999999,-6.349999999999998,0.7311853135390811
all,CMA conservative-minus-aggressive,long_short,vw,4,20,1.4434,1.63,9.28,0.222,-26.89,29.5,620.1,568.1,1054,992,272,2.94,0.377,-20.62,1.9268,-1.31,-0.155,-6.27,0.7491177081170853
all,CMA conservative-minus-aggressive,long_short,vw,4,50,1.1395,0.58,9.35,0.109,-32.55,29.5,620.1,568.1,1054,992,272,1.54,0.218,-22.8,1.4142,-0.9600000000000001,-0.109,-9.749999999999996,0.8057559043982464
all,CMA conservative-minus-aggressive,long_short,vw,4,100,0.7657,-1.17,9.61,-0.074,-46.52,29.5,620.1,568.1,1054,992,272,-0.76,-0.039,-39.6,0.8418,-0.4099999999999999,-0.034999999999999996,-6.920000000000002,0.9095984794488002
all,CMA conservative-minus-aggressive,long_short,vw,5,0,1.7567,2.52,9.4,0.313,-28.88,28.9,624.2,584.3,1003,772,272,3.87,0.483,-19.61,2.3661,-1.35,-0.16999999999999998,-9.27,0.7424453742445374
all,CMA conservative-minus-aggressive,long_short,vw,5,10,1.6281,2.17,9.39,0.277,-29.2,28.9,624.2,584.3,1003,772,272,3.4,0.43,-20.12,2.1353,-1.23,-0.15299999999999997,-9.079999999999998,0.7624689739146725
all,CMA conservative-minus-aggressive,long_short,vw,5,20,1.5086,1.83,9.38,0.241,-29.52,28.9,624.2,584.3,1003,772,272,2.94,0.377,-20.62,1.9268,-1.1099999999999999,-0.136,-8.899999999999999,0.7829561968029893
all,CMA conservative-minus-aggressive,long_short,vw,5,50,1.1989,0.8,9.41,0.133,-33.24,28.9,624.2,584.3,1003,772,272,1.54,0.218,-22.8,1.4142,-0.74,-0.08499999999999999,-10.440000000000001,0.8477584500070713
all,CMA conservative-minus-aggressive,long_short,vw,5,100,0.8143,-0.9,9.61,-0.045,-48.66,28.9,624.2,584.3,1003,772,272,-0.76,-0.039,-39.6,0.8418,-0.14,-0.005999999999999998,-9.059999999999995,0.9673319078165835
all,CMA conservative-minus-aggressive,long_short,vw,6,0,1.6946,2.35,9.33,0.297,-29.25,28.6,612.8,550.6,1003,772,272,3.87,0.483,-19.61,2.3661,-1.52,-0.186,-9.64,0.7161996534381473
all,CMA conservative-minus-aggressive,long_short,vw,6,10,1.5706,2.01,9.34,0.261,-29.78,28.6,612.8,550.6,1003,772,272,3.4,0.43,-20.12,2.1353,-1.3900000000000001,-0.16899999999999998,-9.66,0.735540673441671
all,CMA conservative-minus-aggressive,long_short,vw,6,20,1.4553,1.67,9.36,0.224,-30.31,28.6,612.8,550.6,1003,772,272,2.94,0.377,-20.62,1.9268,-1.27,-0.153,-9.689999999999998,0.7552937512974881
all,CMA conservative-minus-aggressive,long_short,vw,6,50,1.1565,0.64,9.46,0.116,-33.68,28.6,612.8,550.6,1003,772,272,1.54,0.218,-22.8,1.4142,-0.9,-0.102,-10.879999999999999,0.8177768349596947
all,CMA conservative-minus-aggressive,long_short,vw,6,100,0.785,-1.06,9.8,-0.059,-46.55,28.6,612.8,550.6,1003,772,272,-0.76,-0.039,-39.6,0.8418,-0.30000000000000004,-0.019999999999999997,-6.949999999999996,0.9325255405084344
all,CMA conservative-minus-aggressive,long_short,vw,7,0,1.9562,3.0,8.91,0.377,-25.6,26.4,628.2,585.1,1056,993,272,3.87,0.483,-19.61,2.3661,-0.8700000000000001,-0.10599999999999998,-5.990000000000002,0.8267613372215883
all,CMA conservative-minus-aggressive,long_short,vw,7,10,1.8251,2.69,8.9,0.343,-26.08,26.4,628.2,585.1,1056,993,272,3.4,0.43,-20.12,2.1353,-0.71,-0.08699999999999997,-5.959999999999997,0.8547276729265209
all,CMA conservative-minus-aggressive,long_short,vw,7,20,1.7024,2.37,8.9,0.308,-26.57,26.4,628.2,585.1,1056,993,272,2.94,0.377,-20.62,1.9268,-0.5699999999999998,-0.069,-5.949999999999999,0.8835374714552625
all,CMA conservative-minus-aggressive,long_short,vw,7,50,1.3801,1.43,8.94,0.204,-28.01,26.4,628.2,585.1,1056,993,272,1.54,0.218,-22.8,1.4142,-0.1100000000000001,-0.014000000000000012,-5.210000000000001,0.97588742752086
all,CMA conservative-minus-aggressive,long_short,vw,7,100,0.9692,-0.14,9.17,0.031,-30.93,26.4,628.2,585.1,1056,993,272,-0.76,-0.039,-39.6,0.8418,0.62,0.07,8.670000000000002,1.151342361606082
all,CMA conservative-minus-aggressive,long_short,vw,8,0,1.3977,1.49,9.7,0.201,-31.74,26.8,611.1,559.9,1031,770,272,3.87,0.483,-19.61,2.3661,-2.38,-0.282,-12.129999999999999,0.5907189045264359
all,CMA conservative-minus-aggressive,long_short,vw,8,10,1.3021,1.17,9.71,0.169,-32.21,26.8,611.1,559.9,1031,770,272,3.4,0.43,-20.12,2.1353,-2.23,-0.261,-12.09,0.6097972181894816
all,CMA conservative-minus-aggressive,long_short,vw,8,20,1.2129,0.85,9.72,0.137,-32.79,26.8,611.1,559.9,1031,770,272,2.94,0.377,-20.62,1.9268,-2.09,-0.24,-12.169999999999998,0.62948930869836
all,CMA conservative-minus-aggressive,long_short,vw,8,50,0.9788,-0.09,9.8,0.04,-37.37,26.8,611.1,559.9,1031,770,272,1.54,0.218,-22.8,1.4142,-1.6300000000000001,-0.178,-14.569999999999997,0.6921227549144393
all,CMA conservative-minus-aggressive,long_short,vw,8,100,0.6818,-1.68,10.11,-0.116,-50.88,26.8,611.1,559.9,1031,770,272,-0.76,-0.039,-39.6,0.8418,-0.9199999999999999,-0.07700000000000001,-11.280000000000001,0.8099311000237586
all,CMA conservative-minus-aggressive,long_short,vw,9,0,1.7067,2.39,9.52,0.296,-30.43,26.2,614.2,564.1,1003,772,272,3.87,0.483,-19.61,2.3661,-1.48,-0.187,-10.82,0.7213135539495373
all,CMA conservative-minus-aggressive,long_short,vw,9,10,1.593,2.08,9.51,0.264,-31.08,26.2,614.2,564.1,1003,772,272,3.4,0.43,-20.12,2.1353,-1.3199999999999998,-0.16599999999999998,-10.959999999999997,0.7460310026694141
all,CMA conservative-minus-aggressive,long_short,vw,9,20,1.4866,1.76,9.51,0.232,-31.73,26.2,614.2,564.1,1003,772,272,2.94,0.377,-20.62,1.9268,-1.18,-0.145,-11.11,0.771538301847623
all,CMA conservative-minus-aggressive,long_short,vw,9,50,1.2067,0.83,9.57,0.135,-33.64,26.2,614.2,564.1,1003,772,272,1.54,0.218,-22.8,1.4142,-0.7100000000000001,-0.08299999999999999,-10.84,0.8532739357940886
all,CMA conservative-minus-aggressive,long_short,vw,9,100,0.8488,-0.72,9.82,-0.024,-45.92,26.2,614.2,564.1,1003,772,272,-0.76,-0.039,-39.6,0.8418,0.040000000000000036,0.015,-6.32,1.0083155143739606
all,CMA conservative-minus-aggressive,long_short,vw,10,0,2.6238,4.35,9.21,0.509,-21.84,24.9,610.4,566.9,1003,772,272,3.87,0.483,-19.61,2.3661,0.47999999999999954,0.026000000000000023,-2.2300000000000004,1.1089134018004312
all,CMA conservative-minus-aggressive,long_short,vw,10,10,2.4588,4.05,9.18,0.478,-22.08,24.9,610.4,566.9,1003,772,272,3.4,0.43,-20.12,2.1353,0.6499999999999999,0.04799999999999999,-1.9599999999999973,1.1515009600524517
all,CMA conservative-minus-aggressive,long_short,vw,10,20,2.3037,3.75,9.17,0.448,-22.31,24.9,610.4,566.9,1003,772,272,2.94,0.377,-20.62,1.9268,0.81,0.07100000000000001,-1.6899999999999977,1.1956093003944364
all,CMA conservative-minus-aggressive,long_short,vw,10,50,1.8926,2.85,9.17,0.353,-23.81,24.9,610.4,566.9,1003,772,272,1.54,0.218,-22.8,1.4142,1.31,0.13499999999999998,-1.009999999999998,1.3382831282704004
all,CMA conservative-minus-aggressive,long_short,vw,10,100,1.359,1.36,9.34,0.191,-27.54,24.9,610.4,566.9,1003,772,272,-0.76,-0.039,-39.6,0.8418,2.12,0.23,12.060000000000002,1.6143977191732002
all,CMA conservative-minus-aggressive,long_short,vw,11,0,1.5901,2.07,10.15,0.252,-32.7,25.7,610.2,572.6,1031,770,272,3.87,0.483,-19.61,2.3661,-1.8000000000000003,-0.23099999999999998,-13.090000000000003,0.6720341490215967
all,CMA conservative-minus-aggressive,long_short,vw,11,10,1.4856,1.76,10.16,0.223,-33.51,25.7,610.2,572.6,1031,770,272,3.4,0.43,-20.12,2.1353,-1.64,-0.207,-13.389999999999997,0.6957336205685384
all,CMA conservative-minus-aggressive,long_short,vw,11,20,1.3876,1.46,10.17,0.193,-35.04,25.7,610.2,572.6,1031,770,272,2.94,0.377,-20.62,1.9268,-1.48,-0.184,-14.419999999999998,0.7201577745484741
all,CMA conservative-minus-aggressive,long_short,vw,11,50,1.1293,0.54,10.27,0.103,-41.05,25.7,610.2,572.6,1031,770,272,1.54,0.218,-22.8,1.4142,-1.0,-0.115,-18.249999999999996,0.7985433460613774
all,CMA conservative-minus-aggressive,long_short,vw,11,100,0.7975,-0.99,10.6,-0.041,-52.91,25.7,610.2,572.6,1031,770,272,-0.76,-0.039,-39.6,0.8418,-0.22999999999999998,-0.0020000000000000018,-13.309999999999995,0.9473746733190782
all,CMA conservative-minus-aggressive,long_short,vw,12,0,2.2761,3.7,9.26,0.439,-30.01,24.3,593.0,507.8,1031,770,272,3.87,0.483,-19.61,2.3661,-0.16999999999999993,-0.043999999999999984,-10.400000000000002,0.9619627234689997
all,CMA conservative-minus-aggressive,long_short,vw,12,10,2.1346,3.4,9.27,0.407,-30.25,24.3,593.0,507.8,1031,770,272,3.4,0.43,-20.12,2.1353,0.0,-0.02300000000000002,-10.129999999999999,0.9996721772116329
all,CMA conservative-minus-aggressive,long_short,vw,12,20,2.0016,3.11,9.3,0.376,-30.68,24.3,593.0,507.8,1031,770,272,2.94,0.377,-20.62,1.9268,0.16999999999999993,-0.0010000000000000009,-10.059999999999999,1.0388208428482457
all,CMA conservative-minus-aggressive,long_short,vw,12,50,1.6482,2.23,9.43,0.281,-32.2,24.3,593.0,507.8,1031,770,272,1.54,0.218,-22.8,1.4142,0.69,0.06300000000000003,-9.400000000000002,1.165464573610522
all,CMA conservative-minus-aggressive,long_short,vw,12,100,1.1877,0.76,9.79,0.127,-34.69,24.3,593.0,507.8,1031,770,272,-0.76,-0.039,-39.6,0.8418,1.52,0.166,4.910000000000004,1.4109052031361369
all,MOM winner-minus-loser,long_short,vw,1,0,10.2358,10.81,20.64,0.611,-59.84,122.2,604.5,599.4,899,898,272,10.81,0.611,-59.84,10.2358,0.0,0.0,0.0,1.0
all,MOM winner-minus-loser,long_short,vw,1,10,7.3711,9.21,20.64,0.541,-61.02,122.2,604.5,599.4,899,898,272,9.21,0.541,-61.02,7.3711,0.0,0.0,0.0,1.0
all,MOM winner-minus-loser,long_short,vw,1,20,5.3058,7.64,20.64,0.47,-62.17,122.2,604.5,599.4,899,898,272,7.64,0.47,-62.17,5.3058,0.0,0.0,0.0,1.0
all,MOM winner-minus-loser,long_short,vw,1,50,1.9737,3.05,20.64,0.259,-65.43,122.2,604.5,599.4,899,898,272,3.05,0.259,-65.43,1.9737,0.0,0.0,0.0,1.0
all,MOM winner-minus-loser,long_short,vw,1,100,0.3764,-4.22,20.66,-0.094,-80.42,122.2,604.5,599.4,899,898,272,-4.22,-0.094,-80.42,0.3764,0.0,0.0,0.0,1.0
all,MOM winner-minus-loser,long_short,vw,2,0,5.61,7.91,23.53,0.482,-77.65,82.8,599.7,589.0,889,872,272,10.81,0.611,-59.84,10.2358,-2.9000000000000004,-0.129,-17.810000000000002,0.5480763594443034
all,MOM winner-minus-loser,long_short,vw,2,10,4.4942,6.85,23.53,0.441,-78.26,82.8,599.7,589.0,889,872,272,9.21,0.541,-61.02,7.3711,-2.360000000000001,-0.10000000000000003,-17.240000000000002,0.6097054713679099
all,MOM winner-minus-loser,long_short,vw,2,20,3.5987,5.81,23.53,0.399,-78.86,82.8,599.7,589.0,889,872,272,7.64,0.47,-62.17,5.3058,-1.83,-0.07099999999999995,-16.689999999999998,0.6782577556636135
all,MOM winner-minus-loser,long_short,vw,2,50,1.8422,2.73,23.58,0.273,-80.57,82.8,599.7,589.0,889,872,272,3.05,0.259,-65.43,1.9737,-0.31999999999999984,0.014000000000000012,-15.139999999999986,0.9333738663424026
all,MOM winner-minus-loser,long_short,vw,2,100,0.5975,-2.25,23.78,0.063,-83.55,82.8,599.7,589.0,889,872,272,-4.22,-0.094,-80.42,0.3764,1.9699999999999998,0.157,-3.1299999999999955,1.5874070138150904
all,MOM winner-minus-loser,long_short,vw,3,0,3.6025,5.82,23.47,0.399,-74.5,66.5,594.4,578.5,889,872,272,10.81,0.611,-59.84,10.2358,-4.99,-0.21199999999999997,-14.659999999999997,0.3519509955255085
all,MOM winner-minus-loser,long_short,vw,3,10,3.0199,5.0,23.44,0.365,-74.77,66.5,594.4,578.5,889,872,272,9.21,0.541,-61.02,7.3711,-4.210000000000001,-0.17600000000000005,-13.749999999999993,0.409694618170965
all,MOM winner-minus-loser,long_short,vw,3,20,2.5305,4.18,23.41,0.332,-75.04,66.5,594.4,578.5,889,872,272,7.64,0.47,-62.17,5.3058,-3.46,-0.13799999999999996,-12.870000000000005,0.47693090580119873
all,MOM winner-minus-loser,long_short,vw,3,50,1.485,1.76,23.37,0.231,-75.84,66.5,594.4,578.5,889,872,272,3.05,0.259,-65.43,1.9737,-1.2899999999999998,-0.027999999999999997,-10.409999999999997,0.7523939808481532
all,MOM winner-minus-loser,long_short,vw,3,100,0.6056,-2.19,23.42,0.063,-78.5,66.5,594.4,578.5,889,872,272,-4.22,-0.094,-80.42,0.3764,2.03,0.157,1.9200000000000017,1.6089266737513284
all,MOM winner-minus-loser,long_short,vw,4,0,3.101,5.12,24.09,0.389,-80.31,58.6,590.1,569.4,1024,1024,272,10.81,0.611,-59.84,10.2358,-5.69,-0.22199999999999998,-20.47,0.30295629066609353
all,MOM winner-minus-loser,long_short,vw,4,10,2.6548,4.4,24.07,0.36,-80.91,58.6,590.1,569.4,1024,1024,272,9.21,0.541,-61.02,7.3711,-4.8100000000000005,-0.18100000000000005,-19.889999999999993,0.36016334061401956
all,MOM winner-minus-loser,long_short,vw,4,20,2.2716,3.69,24.06,0.332,-81.49,58.6,590.1,569.4,1024,1024,272,7.64,0.47,-62.17,5.3058,-3.9499999999999997,-0.13799999999999996,-19.319999999999993,0.42813524821893023
all,MOM winner-minus-loser,long_short,vw,4,50,1.418,1.55,24.07,0.245,-83.17,58.6,590.1,569.4,1024,1024,272,3.05,0.259,-65.43,1.9737,-1.4999999999999998,-0.014000000000000012,-17.739999999999995,0.7184475857526472
all,MOM winner-minus-loser,long_short,vw,4,100,0.6387,-1.96,24.27,0.1,-85.73,58.6,590.1,569.4,1024,1024,272,-4.22,-0.094,-80.42,0.3764,2.26,0.194,-5.310000000000002,1.696865037194474
all,MOM winner-minus-loser,long_short,vw,5,0,1.7661,2.54,33.8,0.307,-88.4,56.6,597.1,594.3,889,872,272,10.81,0.611,-59.84,10.2358,-8.27,-0.304,-28.560000000000002,0.17254147208816117
all,MOM winner-minus-loser,long_short,vw,5,10,1.5148,1.85,33.83,0.287,-88.5,56.6,597.1,594.3,889,872,272,9.21,0.541,-61.02,7.3711,-7.360000000000001,-0.25400000000000006,-27.479999999999997,0.2055052841502625
all,MOM winner-minus-loser,long_short,vw,5,20,1.2978,1.16,33.87,0.267,-88.59,56.6,597.1,594.3,889,872,272,7.64,0.47,-62.17,5.3058,-6.4799999999999995,-0.20299999999999996,-26.42,0.24460024878434924
all,MOM winner-minus-loser,long_short,vw,5,50,0.8105,-0.92,34.08,0.206,-88.88,56.6,597.1,594.3,889,872,272,3.05,0.259,-65.43,1.9737,-3.9699999999999998,-0.05300000000000002,-23.44999999999999,0.41065004813294825
all,MOM winner-minus-loser,long_short,vw,5,100,0.3599,-4.41,34.64,0.106,-91.61,56.6,597.1,594.3,889,872,272,-4.22,-0.094,-80.42,0.3764,-0.1900000000000004,0.2,-11.189999999999998,0.9561636556854409
all,MOM winner-minus-loser,long_short,vw,6,0,1.4963,1.79,26.53,0.24,-89.7,55.1,578.5,547.8,889,872,272,10.81,0.611,-59.84,10.2358,-9.02,-0.371,-29.86,0.1461830047480412
all,MOM winner-minus-loser,long_short,vw,6,10,1.2958,1.15,26.46,0.216,-89.78,55.1,578.5,547.8,889,872,272,9.21,0.541,-61.02,7.3711,-8.06,-0.32500000000000007,-28.759999999999998,0.1757946575138039
all,MOM winner-minus-loser,long_short,vw,6,20,1.1206,0.5,26.43,0.192,-89.85,55.1,578.5,547.8,889,872,272,7.64,0.47,-62.17,5.3058,-7.14,-0.27799999999999997,-27.679999999999993,0.211202834633797
all,MOM winner-minus-loser,long_short,vw,6,50,0.7175,-1.45,26.48,0.118,-90.92,55.1,578.5,547.8,889,872,272,3.05,0.259,-65.43,1.9737,-4.5,-0.14100000000000001,-25.489999999999995,0.3635304250899326
all,MOM winner-minus-loser,long_short,vw,6,100,0.3277,-4.8,27.08,-0.005,-93.1,55.1,578.5,547.8,889,872,272,-4.22,-0.094,-80.42,0.3764,-0.5800000000000001,0.089,-12.679999999999993,0.870616365568544
all,MOM winner-minus-loser,long_short,vw,7,0,5.2929,7.63,20.51,0.478,-59.23,40.4,596.8,593.8,1021,1021,272,10.81,0.611,-59.84,10.2358,-3.1800000000000006,-0.133,0.6100000000000065,0.5170968561323981
all,MOM winner-minus-loser,long_short,vw,7,10,4.7573,7.12,20.5,0.456,-59.71,40.4,596.8,593.8,1021,1021,272,9.21,0.541,-61.02,7.3711,-2.0900000000000007,-0.08500000000000002,1.3100000000000023,0.6453989228202032
all,MOM winner-minus-loser,long_short,vw,7,20,4.2744,6.62,20.49,0.432,-60.2,40.4,596.8,593.8,1021,1021,272,7.64,0.47,-62.17,5.3058,-1.0199999999999996,-0.03799999999999998,1.9699999999999989,0.8056089562365714
all,MOM winner-minus-loser,long_short,vw,7,50,3.0943,5.11,20.49,0.363,-61.62,40.4,596.8,593.8,1021,1021,272,3.05,0.259,-65.43,1.9737,2.0600000000000005,0.10399999999999998,3.8100000000000094,1.5677661245376704
all,MOM winner-minus-loser,long_short,vw,7,100,1.7936,2.61,20.63,0.245,-63.94,40.4,596.8,593.8,1021,1021,272,-4.22,-0.094,-80.42,0.3764,6.83,0.33899999999999997,16.480000000000004,4.765143464399575
all,MOM winner-minus-loser,long_short,vw,8,0,0.6441,-1.92,28.74,0.135,-92.29,53.8,582.7,560.8,946,854,272,10.81,0.611,-59.84,10.2358,-12.73,-0.476,-32.45,0.0629262001993005
all,MOM winner-minus-loser,long_short,vw,8,10,0.5596,-2.53,28.68,0.114,-92.32,53.8,582.7,560.8,946,854,272,9.21,0.541,-61.02,7.3711,-11.74,-0.42700000000000005,-31.29999999999999,0.0759181126290513
all,MOM winner-minus-loser,long_short,vw,8,20,0.4849,-3.14,28.66,0.091,-92.36,53.8,582.7,560.8,946,854,272,7.64,0.47,-62.17,5.3058,-10.78,-0.379,-30.189999999999998,0.09139055373364997
all,MOM winner-minus-loser,long_short,vw,8,50,0.3094,-5.04,28.89,0.025,-93.7,53.8,582.7,560.8,946,854,272,3.05,0.259,-65.43,1.9737,-8.09,-0.234,-28.269999999999996,0.15676141257536608
all,MOM winner-minus-loser,long_short,vw,8,100,0.1337,-8.5,30.14,-0.082,-96.12,53.8,582.7,560.8,946,854,272,-4.22,-0.094,-80.42,0.3764,-4.28,0.011999999999999997,-15.700000000000003,0.35520722635494156
all,MOM winner-minus-loser,long_short,vw,9,0,2.9861,4.94,21.52,0.348,-67.0,36.3,587.5,565.8,889,872,272,10.81,0.611,-59.84,10.2358,-5.87,-0.263,-7.159999999999997,0.29173098341116477
all,MOM winner-minus-loser,long_short,vw,9,10,2.715,4.5,21.49,0.329,-67.18,36.3,587.5,565.8,889,872,272,9.21,0.541,-61.02,7.3711,-4.710000000000001,-0.21200000000000002,-6.160000000000004,0.36833037131500046
all,MOM winner-minus-loser,long_short,vw,9,20,2.4677,4.07,21.46,0.309,-67.35,36.3,587.5,565.8,889,872,272,7.64,0.47,-62.17,5.3058,-3.5699999999999994,-0.16099999999999998,-5.179999999999993,0.4650948019148856
all,MOM winner-minus-loser,long_short,vw,9,50,1.849,2.75,21.43,0.25,-67.86,36.3,587.5,565.8,889,872,272,3.05,0.259,-65.43,1.9737,-0.2999999999999998,-0.009000000000000008,-2.4299999999999926,0.9368191721132897
all,MOM winner-minus-loser,long_short,vw,9,100,1.1347,0.56,21.5,0.149,-68.71,36.3,587.5,565.8,889,872,272,-4.22,-0.094,-80.42,0.3764,4.779999999999999,0.243,11.710000000000008,3.0146121147715195
all,MOM winner-minus-loser,long_short,vw,10,0,3.678,5.91,20.54,0.385,-55.8,33.4,584.8,575.5,889,872,272,10.81,0.611,-59.84,10.2358,-4.9,-0.22599999999999998,4.040000000000006,0.35932706774262885
all,MOM winner-minus-loser,long_short,vw,10,10,3.3645,5.5,20.56,0.365,-55.92,33.4,584.8,575.5,889,872,272,9.21,0.541,-61.02,7.3711,-3.710000000000001,-0.17600000000000005,5.100000000000001,0.4564447640107989
all,MOM winner-minus-loser,long_short,vw,10,20,3.0767,5.08,20.58,0.346,-56.04,33.4,584.8,575.5,889,872,272,7.64,0.47,-62.17,5.3058,-2.5599999999999996,-0.124,6.130000000000003,0.5798748539334314
all,MOM winner-minus-loser,long_short,vw,10,50,2.3483,3.84,20.69,0.287,-56.4,33.4,584.8,575.5,889,872,272,3.05,0.259,-65.43,1.9737,0.79,0.02799999999999997,9.030000000000008,1.1897958149668135
all,MOM winner-minus-loser,long_short,vw,10,100,1.4868,1.77,20.98,0.19,-59.03,33.4,584.8,575.5,889,872,272,-4.22,-0.094,-80.42,0.3764,5.99,0.28400000000000003,21.39,3.950053134962805
all,MOM winner-minus-loser,long_short,vw,11,0,1.1393,0.58,59.1,0.219,-93.54,35.0,584.3,576.5,946,854,272,10.81,0.611,-59.84,10.2358,-10.23,-0.392,-33.7,0.11130541823794916
all,MOM winner-minus-loser,long_short,vw,11,10,1.0366,0.16,59.11,0.212,-93.64,35.0,584.3,576.5,946,854,272,9.21,0.541,-61.02,7.3711,-9.05,-0.32900000000000007,-32.62,0.14063029941257071
all,MOM winner-minus-loser,long_short,vw,11,20,0.9427,-0.26,59.13,0.205,-93.75,35.0,584.3,576.5,946,854,272,7.64,0.47,-62.17,5.3058,-7.8999999999999995,-0.265,-31.58,0.17767348938897057
all,MOM winner-minus-loser,long_short,vw,11,50,0.7067,-1.52,59.2,0.184,-94.05,35.0,584.3,576.5,946,854,272,3.05,0.259,-65.43,1.9737,-4.57,-0.07500000000000001,-28.61999999999999,0.3580584688655824
all,MOM winner-minus-loser,long_short,vw,11,100,0.4324,-3.63,59.39,0.149,-94.54,35.0,584.3,576.5,946,854,272,-4.22,-0.094,-80.42,0.3764,0.5899999999999999,0.243,-14.120000000000005,1.1487778958554729
all,MOM winner-minus-loser,long_short,vw,12,0,3.0375,5.02,20.93,0.34,-54.81,28.6,547.1,487.6,946,854,272,10.81,0.611,-59.84,10.2358,-5.790000000000001,-0.27099999999999996,5.030000000000001,0.29675257429805196
all,MOM winner-minus-loser,long_short,vw,12,10,2.8202,4.68,20.9,0.325,-54.81,28.6,547.1,487.6,946,854,272,9.21,0.541,-61.02,7.3711,-4.530000000000001,-0.21600000000000003,6.210000000000001,0.38260232529744537
all,MOM winner-minus-loser,long_short,vw,12,20,2.6177,4.34,20.87,0.309,-54.87,28.6,547.1,487.6,946,854,272,7.64,0.47,-62.17,5.3058,-3.3,-0.16099999999999998,7.300000000000004,0.4933657506879265
all,MOM winner-minus-loser,long_short,vw,12,50,2.09,3.31,20.84,0.262,-55.18,28.6,547.1,487.6,946,854,272,3.05,0.259,-65.43,1.9737,0.26000000000000023,0.0030000000000000027,10.250000000000007,1.0589248619344378
all,MOM winner-minus-loser,long_short,vw,12,100,1.4282,1.58,20.89,0.181,-56.21,28.6,547.1,487.6,946,854,272,-4.22,-0.094,-80.42,0.3764,5.8,0.275,24.21,3.794367693942614
all,AT high-minus-low,long_short,vw,1,0,1.5072,1.83,10.28,0.228,-50.81,23.8,546.7,558.9,550,570,272,1.83,0.228,-50.81,1.5072,0.0,0.0,0.0,1.0
all,AT high-minus-low,long_short,vw,1,10,1.4152,1.54,10.29,0.201,-51.49,23.8,546.7,558.9,550,570,272,1.54,0.201,-51.49,1.4152,0.0,0.0,0.0,1.0
all,AT high-minus-low,long_short,vw,1,20,1.3288,1.26,10.3,0.174,-52.15,23.8,546.7,558.9,550,570,272,1.26,0.174,-52.15,1.3288,0.0,0.0,0.0,1.0
all,AT high-minus-low,long_short,vw,1,50,1.0996,0.42,10.33,0.092,-54.09,23.8,546.7,558.9,550,570,272,0.42,0.092,-54.09,1.0996,0.0,0.0,0.0,1.0
all,AT high-minus-low,long_short,vw,1,100,0.8015,-0.97,10.39,-0.042,-57.19,23.8,546.7,558.9,550,570,272,-0.97,-0.042,-57.19,0.8015,0.0,0.0,0.0,1.0
all,AT high-minus-low,long_short,vw,2,0,1.4889,1.77,10.65,0.219,-50.14,18.8,542.1,554.6,471,525,272,1.83,0.228,-50.81,1.5072,-0.06000000000000005,-0.009000000000000008,0.6700000000000017,0.987858280254777
all,AT high-minus-low,long_short,vw,2,10,1.4174,1.55,10.66,0.198,-50.72,18.8,542.1,554.6,471,525,272,1.54,0.201,-51.49,1.4152,0.010000000000000009,-0.0030000000000000027,0.7700000000000031,1.0015545505935557
all,AT high-minus-low,long_short,vw,2,20,1.3492,1.33,10.66,0.178,-51.28,18.8,542.1,554.6,471,525,272,1.26,0.174,-52.15,1.3288,0.07000000000000006,0.0040000000000000036,0.8699999999999974,1.0153521974714028
all,AT high-minus-low,long_short,vw,2,50,1.1634,0.67,10.69,0.117,-52.94,18.8,542.1,554.6,471,525,272,0.42,0.092,-54.09,1.0996,0.25000000000000006,0.02500000000000001,1.1500000000000057,1.0580210985813023
all,AT high-minus-low,long_short,vw,2,100,0.9082,-0.42,10.76,0.015,-55.77,18.8,542.1,554.6,471,525,272,-0.97,-0.042,-57.19,0.8015,0.55,0.057,1.4199999999999946,1.1331253898939488
all,AT high-minus-low,long_short,vw,3,0,1.463,1.69,10.99,0.208,-51.34,18.2,538.0,550.5,471,525,272,1.83,0.228,-50.81,1.5072,-0.14000000000000012,-0.020000000000000018,-0.5300000000000011,0.9706740976645435
all,AT high-minus-low,long_short,vw,3,10,1.3949,1.48,11.0,0.189,-51.96,18.2,538.0,550.5,471,525,272,1.54,0.201,-51.49,1.4152,-0.06000000000000005,-0.01200000000000001,-0.46999999999999886,0.985655737704918
all,AT high-minus-low,long_short,vw,3,20,1.3299,1.27,11.02,0.17,-52.58,18.2,538.0,550.5,471,525,272,1.26,0.174,-52.15,1.3288,0.010000000000000009,-0.003999999999999976,-0.4299999999999997,1.0008278145695364
all,AT high-minus-low,long_short,vw,3,50,1.1522,0.63,11.07,0.112,-54.41,18.2,538.0,550.5,471,525,272,0.42,0.092,-54.09,1.0996,0.21000000000000002,0.020000000000000004,-0.3199999999999932,1.0478355765732994
all,AT high-minus-low,long_short,vw,3,100,0.9065,-0.43,11.18,0.018,-57.46,18.2,538.0,550.5,471,525,272,-0.97,-0.042,-57.19,0.8015,0.54,0.06,-0.2700000000000031,1.1310043668122272
all,AT high-minus-low,long_short,vw,4,0,1.4134,1.54,10.85,0.196,-53.49,16.5,534.1,546.9,549,571,272,1.83,0.228,-50.81,1.5072,-0.29000000000000004,-0.032,-2.6799999999999997,0.9377653927813163
all,AT high-minus-low,long_short,vw,4,10,1.3543,1.35,10.85,0.178,-53.94,16.5,534.1,546.9,549,571,272,1.54,0.201,-51.49,1.4152,-0.18999999999999995,-0.02300000000000002,-2.4499999999999957,0.9569672131147541
all,AT high-minus-low,long_short,vw,4,20,1.2975,1.16,10.85,0.161,-54.39,16.5,534.1,546.9,549,571,272,1.26,0.174,-52.15,1.3288,-0.10000000000000009,-0.012999999999999984,-2.240000000000002,0.9764449127031909
all,AT high-minus-low,long_short,vw,4,50,1.1408,0.58,10.86,0.108,-55.7,16.5,534.1,546.9,549,571,272,0.42,0.092,-54.09,1.0996,0.15999999999999998,0.016,-1.6099999999999994,1.0374681702437252
all,AT high-minus-low,long_short,vw,4,100,0.9198,-0.37,10.91,0.021,-57.83,16.5,534.1,546.9,549,571,272,-0.97,-0.042,-57.19,0.8015,0.6,0.063,-0.6400000000000006,1.1475982532751092
all,AT high-minus-low,long_short,vw,5,0,1.6289,2.18,11.42,0.246,-49.55,15.8,542.3,555.0,471,525,272,1.83,0.228,-50.81,1.5072,0.3500000000000001,0.017999999999999988,1.2600000000000051,1.080745753715499
all,AT high-minus-low,long_short,vw,5,10,1.5631,1.99,11.43,0.23,-50.13,15.8,542.3,555.0,471,525,272,1.54,0.201,-51.49,1.4152,0.44999999999999996,0.028999999999999998,1.3599999999999994,1.1045081967213115
all,AT high-minus-low,long_short,vw,5,20,1.4999,1.8,11.44,0.214,-50.75,15.8,542.3,555.0,471,525,272,1.26,0.174,-52.15,1.3288,0.54,0.04000000000000001,1.3999999999999986,1.1287627934978928
all,AT high-minus-low,long_short,vw,5,50,1.3247,1.25,11.48,0.166,-52.58,15.8,542.3,555.0,471,525,272,0.42,0.092,-54.09,1.0996,0.8300000000000001,0.07400000000000001,1.5100000000000051,1.2047108039287013
all,AT high-minus-low,long_short,vw,5,100,1.0759,0.32,11.59,0.086,-55.5,15.8,542.3,555.0,471,525,272,-0.97,-0.042,-57.19,0.8015,1.29,0.128,1.6899999999999977,1.3423580786026201
all,AT high-minus-low,long_short,vw,6,0,1.5267,1.88,11.9,0.216,-54.9,15.3,525.2,538.3,471,525,272,1.83,0.228,-50.81,1.5072,0.04999999999999982,-0.01200000000000001,-4.089999999999996,1.012937898089172
all,AT high-minus-low,long_short,vw,6,10,1.467,1.71,11.91,0.202,-55.36,15.3,525.2,538.3,471,525,272,1.54,0.201,-51.49,1.4152,0.16999999999999993,0.0010000000000000009,-3.8699999999999974,1.0366026003391746
all,AT high-minus-low,long_short,vw,6,20,1.4096,1.53,11.92,0.187,-55.82,15.3,525.2,538.3,471,525,272,1.26,0.174,-52.15,1.3288,0.27,0.013000000000000012,-3.6700000000000017,1.0608067429259482
all,AT high-minus-low,long_short,vw,6,50,1.2502,0.99,11.97,0.142,-57.17,15.3,525.2,538.3,471,525,272,0.42,0.092,-54.09,1.0996,0.5700000000000001,0.04999999999999999,-3.0799999999999983,1.1369588941433248
all,AT high-minus-low,long_short,vw,6,100,1.0225,0.1,12.08,0.069,-59.33,15.3,525.2,538.3,471,525,272,-0.97,-0.042,-57.19,0.8015,1.07,0.11100000000000002,-2.1400000000000006,1.2757330006238303
all,AT high-minus-low,long_short,vw,7,0,1.5375,1.92,11.16,0.227,-56.19,14.0,545.5,558.9,550,571,272,1.83,0.228,-50.81,1.5072,0.08999999999999986,-0.0010000000000000009,-5.3799999999999955,1.0201035031847134
all,AT high-minus-low,long_short,vw,7,10,1.4831,1.75,11.16,0.212,-56.65,14.0,545.5,558.9,550,571,272,1.54,0.201,-51.49,1.4152,0.20999999999999996,0.010999999999999982,-5.159999999999997,1.0479790842283776
all,AT high-minus-low,long_short,vw,7,20,1.4305,1.59,11.16,0.198,-57.11,14.0,545.5,558.9,550,571,272,1.26,0.174,-52.15,1.3288,0.33000000000000007,0.02400000000000002,-4.960000000000001,1.0765352197471403
all,AT high-minus-low,long_short,vw,7,50,1.2833,1.11,11.16,0.155,-58.45,14.0,545.5,558.9,550,571,272,0.42,0.092,-54.09,1.0996,0.6900000000000002,0.063,-4.359999999999999,1.167060749363405
all,AT high-minus-low,long_short,vw,7,100,1.0697,0.3,11.21,0.083,-60.61,14.0,545.5,558.9,550,571,272,-0.97,-0.042,-57.19,0.8015,1.27,0.125,-3.4200000000000017,1.3346225826575173
all,AT high-minus-low,long_short,vw,8,0,1.445,1.64,11.69,0.198,-53.02,14.4,527.1,539.5,503,535,272,1.83,0.228,-50.81,1.5072,-0.19000000000000017,-0.03,-2.210000000000001,0.9587314225053079
all,AT high-minus-low,long_short,vw,8,10,1.392,1.47,11.7,0.183,-53.44,14.4,527.1,539.5,503,535,272,1.54,0.201,-51.49,1.4152,-0.07000000000000006,-0.018000000000000016,-1.9499999999999957,0.983606557377049
all,AT high-minus-low,long_short,vw,8,20,1.3408,1.3,11.72,0.169,-53.86,14.4,527.1,539.5,503,535,272,1.26,0.174,-52.15,1.3288,0.040000000000000036,-0.004999999999999977,-1.7100000000000009,1.009030704394943
all,AT high-minus-low,long_short,vw,8,50,1.198,0.8,11.76,0.127,-55.1,14.4,527.1,539.5,503,535,272,0.42,0.092,-54.09,1.0996,0.38000000000000006,0.035,-1.009999999999998,1.0894870862131685
all,AT high-minus-low,long_short,vw,8,100,0.9919,-0.04,11.88,0.057,-57.51,14.4,527.1,539.5,503,535,272,-0.97,-0.042,-57.19,0.8015,0.9299999999999999,0.099,-0.3200000000000003,1.2375545851528384
all,AT high-minus-low,long_short,vw,9,0,1.6497,2.23,11.39,0.251,-53.93,14.1,537.4,551.4,471,525,272,1.83,0.228,-50.81,1.5072,0.3999999999999999,0.022999999999999993,-3.1199999999999974,1.094546178343949
all,AT high-minus-low,long_short,vw,9,10,1.5903,2.07,11.41,0.237,-54.3,14.1,537.4,551.4,471,525,272,1.54,0.201,-51.49,1.4152,0.5299999999999998,0.035999999999999976,-2.809999999999995,1.123728094968909
all,AT high-minus-low,long_short,vw,9,20,1.5329,1.9,11.42,0.222,-54.67,14.1,537.4,551.4,471,525,272,1.26,0.174,-52.15,1.3288,0.6399999999999999,0.048000000000000015,-2.520000000000003,1.1535972305839854
all,AT high-minus-low,long_short,vw,9,50,1.3724,1.41,11.48,0.179,-55.77,14.1,537.4,551.4,471,525,272,0.42,0.092,-54.09,1.0996,0.99,0.087,-1.6799999999999997,1.2480902146234996
all,AT high-minus-low,long_short,vw,9,100,1.1401,0.58,11.62,0.108,-57.55,14.1,537.4,551.4,471,525,272,-0.97,-0.042,-57.19,0.8015,1.5499999999999998,0.15,-0.35999999999999943,1.4224578914535244
all,AT high-minus-low,long_short,vw,10,0,1.4606,1.69,11.29,0.205,-56.2,14.0,536.0,549.0,471,525,272,1.83,0.228,-50.81,1.5072,-0.14000000000000012,-0.02300000000000002,-5.390000000000001,0.9690817409766453
all,AT high-minus-low,long_short,vw,10,10,1.4083,1.52,11.31,0.191,-56.69,14.0,536.0,549.0,471,525,272,1.54,0.201,-51.49,1.4152,-0.020000000000000018,-0.010000000000000009,-5.199999999999996,0.9951243640474845
all,AT high-minus-low,long_short,vw,10,20,1.3578,1.36,11.32,0.176,-57.17,14.0,536.0,549.0,471,525,272,1.26,0.174,-52.15,1.3288,0.10000000000000009,0.0020000000000000018,-5.020000000000003,1.0218242022877784
all,AT high-minus-low,long_short,vw,10,50,1.2165,0.87,11.38,0.133,-58.58,14.0,536.0,549.0,471,525,272,0.42,0.092,-54.09,1.0996,0.45,0.04100000000000001,-4.489999999999995,1.1063113859585303
all,AT high-minus-low,long_short,vw,10,100,1.0115,0.05,11.52,0.063,-60.86,14.0,536.0,549.0,471,525,272,-0.97,-0.042,-57.19,0.8015,1.02,0.10500000000000001,-3.6700000000000017,1.2620087336244543
all,AT high-minus-low,long_short,vw,11,0,1.6211,2.15,12.33,0.235,-54.59,13.5,529.9,542.1,503,535,272,1.83,0.228,-50.81,1.5072,0.31999999999999984,0.0069999999999999785,-3.780000000000001,1.0755705944798302
all,AT high-minus-low,long_short,vw,11,10,1.5654,2.0,12.33,0.222,-54.95,13.5,529.9,542.1,503,535,272,1.54,0.201,-51.49,1.4152,0.45999999999999996,0.02099999999999999,-3.460000000000001,1.1061334087054833
all,AT high-minus-low,long_short,vw,11,20,1.5115,1.84,12.34,0.209,-55.3,13.5,529.9,542.1,503,535,272,1.26,0.174,-52.15,1.3288,0.5800000000000001,0.035,-3.1499999999999986,1.1374924744130044
all,AT high-minus-low,long_short,vw,11,50,1.3602,1.37,12.38,0.172,-56.35,13.5,529.9,542.1,503,535,272,0.42,0.092,-54.09,1.0996,0.9500000000000002,0.07999999999999999,-2.259999999999998,1.2369952710076393
all,AT high-minus-low,long_short,vw,11,100,1.1394,0.58,12.49,0.109,-58.05,13.5,529.9,542.1,503,535,272,-0.97,-0.042,-57.19,0.8015,1.5499999999999998,0.151,-0.8599999999999994,1.4215845290081097
all,AT high-minus-low,long_short,vw,12,0,1.1318,0.55,11.61,0.105,-65.55,13.5,501.1,514.8,503,535,272,1.83,0.228,-50.81,1.5072,-1.28,-0.12300000000000001,-14.739999999999995,0.7509288747346071
all,AT high-minus-low,long_short,vw,12,10,1.0928,0.39,11.63,0.092,-65.94,13.5,501.1,514.8,503,535,272,1.54,0.201,-51.49,1.4152,-1.15,-0.10900000000000001,-14.449999999999996,0.7721876766534765
all,AT high-minus-low,long_short,vw,12,20,1.055,0.24,11.64,0.079,-66.32,13.5,501.1,514.8,503,535,272,1.26,0.174,-52.15,1.3288,-1.02,-0.09499999999999999,-14.169999999999995,0.7939494280553883
all,AT high-minus-low,long_short,vw,12,50,0.949,-0.23,11.71,0.039,-67.46,13.5,501.1,514.8,503,535,272,0.42,0.092,-54.09,1.0996,-0.65,-0.053,-13.36999999999999,0.8630411058566752
all,AT high-minus-low,long_short,vw,12,100,0.7943,-1.01,11.88,-0.026,-69.28,13.5,501.1,514.8,503,535,272,-0.97,-0.042,-57.19,0.8015,-0.040000000000000036,0.016000000000000004,-12.090000000000003,0.9910168434185902
all,SG high-minus-low,long_short,vw,1,0,0.6277,-2.03,9.99,-0.156,-61.45,37.9,541.1,556.4,547,564,272,-2.03,-0.156,-61.45,0.6277,0.0,0.0,0.0,1.0
all,SG high-minus-low,long_short,vw,1,10,0.5675,-2.47,9.97,-0.201,-64.44,37.9,541.1,556.4,547,564,272,-2.47,-0.201,-64.44,0.5675,0.0,0.0,0.0,1.0
all,SG high-minus-low,long_short,vw,1,20,0.5129,-2.9,9.96,-0.245,-67.21,37.9,541.1,556.4,547,564,272,-2.9,-0.245,-67.21,0.5129,0.0,0.0,0.0,1.0
all,SG high-minus-low,long_short,vw,1,50,0.3783,-4.2,9.98,-0.379,-74.31,37.9,541.1,556.4,547,564,272,-4.2,-0.379,-74.31,0.3783,0.0,0.0,0.0,1.0
all,SG high-minus-low,long_short,vw,1,100,0.2269,-6.33,10.14,-0.593,-83.05,37.9,541.1,556.4,547,564,272,-6.33,-0.593,-83.05,0.2269,0.0,0.0,0.0,1.0
all,SG high-minus-low,long_short,vw,2,0,0.6792,-1.69,10.33,-0.114,-59.3,33.6,534.8,553.3,442,505,272,-2.03,-0.156,-61.45,0.6277,0.33999999999999986,0.041999999999999996,2.1500000000000057,1.082045563167118
all,SG high-minus-low,long_short,vw,2,10,0.6212,-2.08,10.32,-0.152,-62.11,33.6,534.8,553.3,442,505,272,-2.47,-0.201,-64.44,0.5675,0.3900000000000001,0.049000000000000016,2.3299999999999983,1.094625550660793
all,SG high-minus-low,long_short,vw,2,20,0.5682,-2.46,10.31,-0.19,-64.74,33.6,534.8,553.3,442,505,272,-2.9,-0.245,-67.21,0.5129,0.43999999999999995,0.05499999999999999,2.469999999999999,1.1078182881653345
all,SG high-minus-low,long_short,vw,2,50,0.4341,-3.61,10.34,-0.304,-71.6,33.6,534.8,553.3,442,505,272,-4.2,-0.379,-74.31,0.3783,0.5900000000000003,0.07500000000000001,2.710000000000008,1.1475019825535289
all,SG high-minus-low,long_short,vw,2,100,0.2761,-5.52,10.52,-0.486,-80.27,33.6,534.8,553.3,442,505,272,-6.33,-0.593,-83.05,0.2269,0.8100000000000005,0.10699999999999998,2.780000000000001,1.2168356104010578
all,SG high-minus-low,long_short,vw,3,0,0.6336,-1.99,10.45,-0.141,-63.06,33.0,529.0,550.3,442,505,272,-2.03,-0.156,-61.45,0.6277,0.039999999999999813,0.015000000000000013,-1.6099999999999994,1.0093993946152622
all,SG high-minus-low,long_short,vw,3,10,0.5804,-2.37,10.44,-0.178,-65.59,33.0,529.0,550.3,442,505,272,-2.47,-0.201,-64.44,0.5675,0.10000000000000009,0.02300000000000002,-1.1500000000000057,1.0227312775330397
all,SG high-minus-low,long_short,vw,3,20,0.5316,-2.75,10.43,-0.215,-67.95,33.0,529.0,550.3,442,505,272,-2.9,-0.245,-67.21,0.5129,0.1499999999999999,0.03,-0.7400000000000091,1.0364593488009357
all,SG high-minus-low,long_short,vw,3,50,0.4079,-3.88,10.45,-0.326,-74.13,33.0,529.0,550.3,442,505,272,-4.2,-0.379,-74.31,0.3783,0.3200000000000003,0.05299999999999999,0.18000000000000682,1.078244779275707
all,SG high-minus-low,long_short,vw,3,100,0.2613,-5.75,10.63,-0.503,-81.99,33.0,529.0,550.3,442,505,272,-6.33,-0.593,-83.05,0.2269,0.5800000000000001,0.08999999999999997,1.0600000000000023,1.151608638166593
all,SG high-minus-low,long_short,vw,4,0,0.6905,-1.62,10.72,-0.099,-61.44,30.9,523.9,547.9,547,564,272,-2.03,-0.156,-61.45,0.6277,0.4099999999999997,0.056999999999999995,0.010000000000005116,1.100047793531942
all,SG high-minus-low,long_short,vw,4,10,0.6361,-1.98,10.71,-0.133,-63.92,30.9,523.9,547.9,547,564,272,-2.47,-0.201,-64.44,0.5675,0.4900000000000002,0.068,0.519999999999996,1.1208810572687224
all,SG high-minus-low,long_short,vw,4,20,0.5858,-2.33,10.71,-0.167,-66.25,30.9,523.9,547.9,547,564,272,-2.9,-0.245,-67.21,0.5129,0.5699999999999998,0.07799999999999999,0.9599999999999937,1.1421329693897446
all,SG high-minus-low,long_short,vw,4,50,0.4571,-3.39,10.75,-0.267,-72.4,30.9,523.9,547.9,547,564,272,-4.2,-0.379,-74.31,0.3783,0.81,0.11199999999999999,1.9099999999999966,1.2083002907745175
all,SG high-minus-low,long_short,vw,4,100,0.3011,-5.16,10.95,-0.428,-80.33,30.9,523.9,547.9,547,564,272,-6.33,-0.593,-83.05,0.2269,1.17,0.16499999999999998,2.719999999999999,1.3270163067430585
all,SG high-minus-low,long_short,vw,5,0,0.5923,-2.28,11.7,-0.139,-70.0,30.4,536.4,552.6,442,505,272,-2.03,-0.156,-61.45,0.6277,-0.25,0.016999999999999987,-8.549999999999997,0.9436036323084276
all,SG high-minus-low,long_short,vw,5,10,0.546,-2.63,11.72,-0.169,-71.93,30.4,536.4,552.6,442,505,272,-2.47,-0.201,-64.44,0.5675,-0.1599999999999997,0.032,-7.490000000000009,0.962114537444934
all,SG high-minus-low,long_short,vw,5,20,0.5032,-2.98,11.75,-0.199,-73.75,30.4,536.4,552.6,442,505,272,-2.9,-0.245,-67.21,0.5129,-0.08000000000000007,0.045999999999999985,-6.540000000000006,0.9810879313706374
all,SG high-minus-low,long_short,vw,5,50,0.3933,-4.03,11.87,-0.287,-78.54,30.4,536.4,552.6,442,505,272,-4.2,-0.379,-74.31,0.3783,0.16999999999999993,0.09200000000000003,-4.230000000000004,1.0396510705789055
all,SG high-minus-low,long_short,vw,5,100,0.2597,-5.78,12.21,-0.425,-84.73,30.4,536.4,552.6,442,505,272,-6.33,-0.593,-83.05,0.2269,0.5499999999999998,0.16799999999999998,-1.6800000000000068,1.1445570736007051
all,SG high-minus-low,long_short,vw,6,0,0.7226,-1.42,11.25,-0.071,-57.06,30.1,511.4,541.7,442,505,272,-2.03,-0.156,-61.45,0.6277,0.6099999999999999,0.085,4.390000000000001,1.1511868727098933
all,SG high-minus-low,long_short,vw,6,10,0.6671,-1.77,11.25,-0.102,-59.77,30.1,511.4,541.7,442,505,272,-2.47,-0.201,-64.44,0.5675,0.7000000000000002,0.09900000000000002,4.669999999999995,1.1755066079295156
all,SG high-minus-low,long_short,vw,6,20,0.6157,-2.12,11.25,-0.134,-62.31,30.1,511.4,541.7,442,505,272,-2.9,-0.245,-67.21,0.5129,0.7799999999999998,0.11099999999999999,4.8999999999999915,1.200428933515305
all,SG high-minus-low,long_short,vw,6,50,0.4834,-3.16,11.3,-0.227,-69.04,30.1,511.4,541.7,442,505,272,-4.2,-0.379,-74.31,0.3783,1.04,0.152,5.269999999999996,1.2778218345228654
all,SG high-minus-low,long_short,vw,6,100,0.3216,-4.88,11.55,-0.375,-77.79,30.1,511.4,541.7,442,505,272,-6.33,-0.593,-83.05,0.2269,1.4500000000000002,0.21799999999999997,5.259999999999991,1.4173644777434993
all,SG high-minus-low,long_short,vw,7,0,0.5514,-2.59,10.82,-0.188,-69.65,28.8,539.4,556.5,548,564,272,-2.03,-0.156,-61.45,0.6277,-0.56,-0.032,-8.200000000000003,0.8784451170941532
all,SG high-minus-low,long_short,vw,7,10,0.5104,-2.92,10.85,-0.219,-71.51,28.8,539.4,556.5,548,564,272,-2.47,-0.201,-64.44,0.5675,-0.44999999999999973,-0.017999999999999988,-7.070000000000007,0.8993832599118942
all,SG high-minus-low,long_short,vw,7,20,0.4724,-3.25,10.88,-0.249,-73.27,28.8,539.4,556.5,548,564,272,-2.9,-0.245,-67.21,0.5129,-0.3500000000000001,-0.0040000000000000036,-6.060000000000002,0.9210372392279196
all,SG high-minus-low,long_short,vw,7,50,0.374,-4.25,11.03,-0.337,-77.93,28.8,539.4,556.5,548,564,272,-4.2,-0.379,-74.31,0.3783,-0.04999999999999982,0.04199999999999998,-3.6200000000000045,0.9886333597673803
all,SG high-minus-low,long_short,vw,7,100,0.2521,-5.9,11.44,-0.473,-84.04,28.8,539.4,556.5,548,564,272,-6.33,-0.593,-83.05,0.2269,0.4299999999999997,0.12,-0.9900000000000091,1.111062141912737
all,SG high-minus-low,long_short,vw,8,0,0.734,-1.36,11.47,-0.062,-63.34,28.4,517.3,540.1,486,525,272,-2.03,-0.156,-61.45,0.6277,0.6699999999999997,0.094,-1.8900000000000006,1.1693484148478572
all,SG high-minus-low,long_short,vw,8,10,0.6804,-1.68,11.48,-0.091,-65.56,28.4,517.3,540.1,486,525,272,-2.47,-0.201,-64.44,0.5675,0.7900000000000003,0.11000000000000001,-1.1200000000000045,1.1989427312775331
all,SG high-minus-low,long_short,vw,8,20,0.6306,-2.01,11.5,-0.12,-67.64,28.4,517.3,540.1,486,525,272,-2.9,-0.245,-67.21,0.5129,0.8900000000000001,0.125,-0.4300000000000068,1.2294794306882433
all,SG high-minus-low,long_short,vw,8,50,0.5013,-3.0,11.6,-0.205,-73.21,28.4,517.3,540.1,486,525,272,-4.2,-0.379,-74.31,0.3783,1.2000000000000002,0.17400000000000002,1.1000000000000085,1.325138778747026
all,SG high-minus-low,long_short,vw,8,100,0.3404,-4.64,11.93,-0.338,-80.51,28.4,517.3,540.1,486,525,272,-6.33,-0.593,-83.05,0.2269,1.6900000000000004,0.25499999999999995,2.539999999999992,1.5002203613926839
all,SG high-minus-low,long_short,vw,9,0,0.7246,-1.41,13.23,-0.042,-61.06,28.5,527.4,550.7,442,505,272,-2.03,-0.156,-61.45,0.6277,0.6199999999999999,0.11399999999999999,0.39000000000000057,1.154373108172694
all,SG high-minus-low,long_short,vw,9,10,0.6716,-1.74,13.24,-0.068,-63.53,28.5,527.4,550.7,442,505,272,-2.47,-0.201,-64.44,0.5675,0.7300000000000002,0.133,0.9099999999999966,1.1834361233480175
all,SG high-minus-low,long_short,vw,9,20,0.6223,-2.07,13.25,-0.093,-65.87,28.5,527.4,550.7,442,505,272,-2.9,-0.245,-67.21,0.5129,0.8300000000000001,0.152,1.3399999999999892,1.2132969389744588
all,SG high-minus-low,long_short,vw,9,50,0.4944,-3.06,13.35,-0.167,-72.07,28.5,527.4,550.7,442,505,272,-4.2,-0.379,-74.31,0.3783,1.1400000000000001,0.212,2.240000000000009,1.3068992862807296
all,SG high-minus-low,long_short,vw,9,100,0.3352,-4.71,13.66,-0.285,-80.08,28.5,527.4,550.7,442,505,272,-6.33,-0.593,-83.05,0.2269,1.62,0.308,2.969999999999999,1.4773027765535478
all,SG high-minus-low,long_short,vw,10,0,0.6887,-1.63,11.13,-0.092,-67.41,27.8,528.2,548.1,442,505,272,-2.03,-0.156,-61.45,0.6277,0.3999999999999999,0.064,-5.959999999999994,1.0971801816154212
all,SG high-minus-low,long_short,vw,10,10,0.6392,-1.96,11.16,-0.121,-69.38,27.8,528.2,548.1,442,505,272,-2.47,-0.201,-64.44,0.5675,0.5100000000000002,0.08000000000000002,-4.939999999999998,1.1263436123348018
all,SG high-minus-low,long_short,vw,10,20,0.5931,-2.28,11.2,-0.15,-71.29,27.8,528.2,548.1,442,505,272,-2.9,-0.245,-67.21,0.5129,0.6200000000000001,0.095,-4.0800000000000125,1.1563657633066873
all,SG high-minus-low,long_short,vw,10,50,0.4732,-3.25,11.36,-0.233,-76.37,27.8,528.2,548.1,442,505,272,-4.2,-0.379,-74.31,0.3783,0.9500000000000002,0.146,-2.0600000000000023,1.2508591065292096
all,SG high-minus-low,long_short,vw,10,100,0.3231,-4.86,11.79,-0.363,-83.0,27.8,528.2,548.1,442,505,272,-6.33,-0.593,-83.05,0.2269,1.4699999999999998,0.22999999999999998,0.04999999999999716,1.4239753195240195
all,SG high-minus-low,long_short,vw,11,0,0.9518,-0.22,13.86,0.052,-56.13,27.6,524.7,538.7,486,525,272,-2.03,-0.156,-61.45,0.6277,1.8099999999999998,0.208,5.32,1.5163294567468535
all,SG high-minus-low,long_short,vw,11,10,0.8844,-0.54,13.86,0.029,-58.7,27.6,524.7,538.7,486,525,272,-2.47,-0.201,-64.44,0.5675,1.9300000000000002,0.23,5.739999999999995,1.5584140969162994
all,SG high-minus-low,long_short,vw,11,20,0.8217,-0.86,13.88,0.005,-61.12,27.6,524.7,538.7,486,525,272,-2.9,-0.245,-67.21,0.5129,2.04,0.25,6.089999999999996,1.6020666796646519
all,SG high-minus-low,long_short,vw,11,50,0.6579,-1.83,13.97,-0.064,-67.82,27.6,524.7,538.7,486,525,272,-4.2,-0.379,-74.31,0.3783,2.37,0.315,6.490000000000009,1.739095955590801
all,SG high-minus-low,long_short,vw,11,100,0.4519,-3.44,14.27,-0.175,-76.71,27.6,524.7,538.7,486,525,272,-6.33,-0.593,-83.05,0.2269,2.89,0.418,6.340000000000003,1.991626267078008
all,SG high-minus-low,long_short,vw,12,0,0.5267,-2.79,11.85,-0.179,-70.13,28.1,478.3,525.2,486,525,272,-2.03,-0.156,-61.45,0.6277,-0.7600000000000002,-0.022999999999999993,-8.679999999999993,0.8390951091285644
all,SG high-minus-low,long_short,vw,12,10,0.4889,-3.11,11.84,-0.207,-71.92,28.1,478.3,525.2,486,525,272,-2.47,-0.201,-64.44,0.5675,-0.6399999999999997,-0.005999999999999978,-7.480000000000004,0.8614977973568282
all,SG high-minus-low,long_short,vw,12,20,0.4537,-3.43,11.84,-0.234,-73.6,28.1,478.3,525.2,486,525,272,-2.9,-0.245,-67.21,0.5129,-0.5300000000000002,0.010999999999999982,-6.390000000000001,0.8845778904269838
all,SG high-minus-low,long_short,vw,12,50,0.362,-4.38,11.9,-0.316,-78.11,28.1,478.3,525.2,486,525,272,-4.2,-0.379,-74.31,0.3783,-0.17999999999999972,0.063,-3.799999999999997,0.9569125033042558
all,SG high-minus-low,long_short,vw,12,100,0.2471,-5.98,12.17,-0.444,-84.08,28.1,478.3,525.2,486,525,272,-6.33,-0.593,-83.05,0.2269,0.34999999999999964,0.14899999999999997,-1.0300000000000011,1.0890260026443368
all,ACC conservative-minus-aggressive,long_short,vw,1,0,0.8378,-0.78,10.75,-0.019,-67.21,30.8,632.9,595.0,1051,1000,272,-0.78,-0.019,-67.21,0.8378,0.0,0.0,0.0,1.0
all,ACC conservative-minus-aggressive,long_short,vw,1,10,0.7721,-1.13,10.74,-0.053,-68.58,30.8,632.9,595.0,1051,1000,272,-1.13,-0.053,-68.58,0.7721,0.0,0.0,0.0,1.0
all,ACC conservative-minus-aggressive,long_short,vw,1,20,0.7115,-1.49,10.73,-0.087,-69.9,30.8,632.9,595.0,1051,1000,272,-1.49,-0.087,-69.9,0.7115,0.0,0.0,0.0,1.0
all,ACC conservative-minus-aggressive,long_short,vw,1,50,0.5564,-2.55,10.72,-0.188,-73.59,30.8,632.9,595.0,1051,1000,272,-2.55,-0.188,-73.59,0.5564,0.0,0.0,0.0,1.0
all,ACC conservative-minus-aggressive,long_short,vw,1,100,0.3685,-4.31,10.78,-0.355,-78.99,30.8,632.9,595.0,1051,1000,272,-4.31,-0.355,-78.99,0.3685,0.0,0.0,0.0,1.0
all,ACC conservative-minus-aggressive,long_short,vw,2,0,0.8352,-0.79,10.94,-0.019,-68.29,27.1,629.5,586.4,1000,784,272,-0.78,-0.019,-67.21,0.8378,-0.010000000000000009,0.0,-1.0800000000000125,0.9968966340415374
all,ACC conservative-minus-aggressive,long_short,vw,2,10,0.7775,-1.1,10.93,-0.048,-69.48,27.1,629.5,586.4,1000,784,272,-1.13,-0.053,-68.58,0.7721,0.029999999999999805,0.0049999999999999975,-0.9000000000000057,1.006993912705608
all,ACC conservative-minus-aggressive,long_short,vw,2,20,0.7238,-1.42,10.92,-0.077,-70.69,27.1,629.5,586.4,1000,784,272,-1.49,-0.087,-69.9,0.7115,0.07000000000000006,0.009999999999999995,-0.789999999999992,1.0172874209416725
all,ACC conservative-minus-aggressive,long_short,vw,2,50,0.5835,-2.35,10.92,-0.164,-74.07,27.1,629.5,586.4,1000,784,272,-2.55,-0.188,-73.59,0.5564,0.19999999999999973,0.023999999999999994,-0.47999999999998977,1.048705966930266
all,ACC conservative-minus-aggressive,long_short,vw,2,100,0.4065,-3.89,11.0,-0.306,-78.89,27.1,629.5,586.4,1000,784,272,-4.31,-0.355,-78.99,0.3685,0.4199999999999995,0.04899999999999999,0.09999999999999432,1.1031207598371777
all,ACC conservative-minus-aggressive,long_short,vw,3,0,0.9106,-0.41,10.96,0.016,-65.62,26.5,626.3,578.5,1000,784,272,-0.78,-0.019,-67.21,0.8378,0.37000000000000005,0.035,1.5899999999999892,1.0868942468369538
all,ACC conservative-minus-aggressive,long_short,vw,3,10,0.8493,-0.72,10.95,-0.012,-66.88,26.5,626.3,578.5,1000,784,272,-1.13,-0.053,-68.58,0.7721,0.4099999999999999,0.040999999999999995,1.7000000000000028,1.0999870483098044
all,ACC conservative-minus-aggressive,long_short,vw,3,20,0.7921,-1.02,10.94,-0.04,-68.12,26.5,626.3,578.5,1000,784,272,-1.49,-0.087,-69.9,0.7115,0.47,0.04699999999999999,1.7800000000000011,1.113281799016163
all,ACC conservative-minus-aggressive,long_short,vw,3,50,0.6419,-1.94,10.93,-0.125,-71.71,26.5,626.3,578.5,1000,784,272,-2.55,-0.188,-73.59,0.5564,0.6099999999999999,0.063,1.8800000000000097,1.1536664270309132
all,ACC conservative-minus-aggressive,long_short,vw,3,100,0.4511,-3.45,11.01,-0.264,-76.86,26.5,626.3,578.5,1000,784,272,-4.31,-0.355,-78.99,0.3685,0.8599999999999994,0.09099999999999997,2.1299999999999955,1.2241519674355494
all,ACC conservative-minus-aggressive,long_short,vw,4,0,0.7761,-1.11,11.09,-0.046,-70.16,24.6,623.6,572.1,1052,1000,272,-0.78,-0.019,-67.21,0.8378,-0.33000000000000007,-0.027,-2.950000000000003,0.9263547386010982
all,ACC conservative-minus-aggressive,long_short,vw,4,10,0.7275,-1.39,11.08,-0.072,-71.21,24.6,623.6,572.1,1052,1000,272,-1.13,-0.053,-68.58,0.7721,-0.26,-0.018999999999999996,-2.6299999999999955,0.9422354617277555
all,ACC conservative-minus-aggressive,long_short,vw,4,20,0.6819,-1.68,11.07,-0.098,-72.26,24.6,623.6,572.1,1052,1000,272,-1.49,-0.087,-69.9,0.7115,-0.18999999999999995,-0.01100000000000001,-2.3599999999999994,0.9583977512297961
all,ACC conservative-minus-aggressive,long_short,vw,4,50,0.561,-2.52,11.08,-0.175,-75.29,24.6,623.6,572.1,1052,1000,272,-2.55,-0.188,-73.59,0.5564,0.029999999999999805,0.013000000000000012,-1.7000000000000028,1.0082674335010784
all,ACC conservative-minus-aggressive,long_short,vw,4,100,0.4043,-3.92,11.17,-0.302,-79.66,24.6,623.6,572.1,1052,1000,272,-4.31,-0.355,-78.99,0.3685,0.3899999999999997,0.05299999999999999,-0.6700000000000017,1.0971506105834463
all,ACC conservative-minus-aggressive,long_short,vw,5,0,1.0135,0.06,11.19,0.061,-65.44,24.0,627.4,588.0,1000,784,272,-0.78,-0.019,-67.21,0.8378,0.8400000000000001,0.08,1.769999999999996,1.2097159226545715
all,ACC conservative-minus-aggressive,long_short,vw,5,10,0.9514,-0.22,11.2,0.036,-66.57,24.0,627.4,588.0,1000,784,272,-1.13,-0.053,-68.58,0.7721,0.9099999999999999,0.089,2.010000000000005,1.2322238052065795
all,ACC conservative-minus-aggressive,long_short,vw,5,20,0.8929,-0.5,11.21,0.011,-67.75,24.0,627.4,588.0,1000,784,272,-1.49,-0.087,-69.9,0.7115,0.99,0.09799999999999999,2.1500000000000057,1.2549543218552355
all,ACC conservative-minus-aggressive,long_short,vw,5,50,0.7376,-1.33,11.26,-0.063,-71.08,24.0,627.4,588.0,1000,784,272,-2.55,-0.188,-73.59,0.5564,1.2199999999999998,0.125,2.510000000000005,1.3256649892163912
all,ACC conservative-minus-aggressive,long_short,vw,5,100,0.5351,-2.72,11.45,-0.184,-75.91,24.0,627.4,588.0,1000,784,272,-4.31,-0.355,-78.99,0.3685,1.5899999999999994,0.17099999999999999,3.0799999999999983,1.4521031207598372
all,ACC conservative-minus-aggressive,long_short,vw,6,0,0.8362,-0.79,11.85,-0.008,-69.65,24.0,616.8,554.9,1000,784,272,-0.78,-0.019,-67.21,0.8378,-0.010000000000000009,0.011,-2.440000000000012,0.9980902363332539
all,ACC conservative-minus-aggressive,long_short,vw,6,10,0.7852,-1.06,11.84,-0.032,-70.7,24.0,616.8,554.9,1000,784,272,-1.13,-0.053,-68.58,0.7721,0.06999999999999984,0.020999999999999998,-2.1200000000000045,1.0169667141561973
all,ACC conservative-minus-aggressive,long_short,vw,6,20,0.7372,-1.34,11.84,-0.055,-71.75,24.0,616.8,554.9,1000,784,272,-1.49,-0.087,-69.9,0.7115,0.1499999999999999,0.031999999999999994,-1.8499999999999943,1.036120871398454
all,ACC conservative-minus-aggressive,long_short,vw,6,50,0.6096,-2.16,11.84,-0.126,-74.81,24.0,616.8,554.9,1000,784,272,-2.55,-0.188,-73.59,0.5564,0.3899999999999997,0.062,-1.2199999999999989,1.0956146657081236
all,ACC conservative-minus-aggressive,long_short,vw,6,100,0.4429,-3.53,11.94,-0.241,-79.22,24.0,616.8,554.9,1000,784,272,-4.31,-0.355,-78.99,0.3685,0.7799999999999998,0.11399999999999999,-0.23000000000000398,1.2018995929443692
all,ACC conservative-minus-aggressive,long_short,vw,7,0,1.1087,0.46,11.06,0.096,-62.68,22.3,630.3,589.6,1053,1000,272,-0.78,-0.019,-67.21,0.8378,1.24,0.115,4.529999999999994,1.3233468608259729
all,ACC conservative-minus-aggressive,long_short,vw,7,10,1.0454,0.2,11.06,0.072,-63.83,22.3,630.3,589.6,1053,1000,272,-1.13,-0.053,-68.58,0.7721,1.3299999999999998,0.125,4.75,1.3539696930449425
all,ACC conservative-minus-aggressive,long_short,vw,7,20,0.9857,-0.06,11.08,0.049,-64.95,22.3,630.3,589.6,1053,1000,272,-1.49,-0.087,-69.9,0.7115,1.43,0.136,4.950000000000003,1.3853829936753337
all,ACC conservative-minus-aggressive,long_short,vw,7,50,0.8255,-0.84,11.14,-0.021,-68.12,22.3,630.3,589.6,1053,1000,272,-2.55,-0.188,-73.59,0.5564,1.71,0.167,5.469999999999999,1.483644859813084
all,ACC conservative-minus-aggressive,long_short,vw,7,100,0.6126,-2.14,11.34,-0.134,-72.82,22.3,630.3,589.6,1053,1000,272,-4.31,-0.355,-78.99,0.3685,2.1699999999999995,0.22099999999999997,6.170000000000002,1.662415196743555
all,ACC conservative-minus-aggressive,long_short,vw,8,0,0.9372,-0.29,11.98,0.035,-67.64,22.4,613.9,563.9,1031,753,272,-0.78,-0.019,-67.21,0.8378,0.49000000000000005,0.054000000000000006,-0.4300000000000068,1.1186440677966103
all,ACC conservative-minus-aggressive,long_short,vw,8,10,0.8833,-0.55,11.99,0.014,-68.65,22.4,613.9,563.9,1031,753,272,-1.13,-0.053,-68.58,0.7721,0.5799999999999998,0.067,-0.07000000000000739,1.1440227949747441
all,ACC conservative-minus-aggressive,long_short,vw,8,20,0.8324,-0.81,12.0,-0.008,-69.64,22.4,613.9,563.9,1031,753,272,-1.49,-0.087,-69.9,0.7115,0.6799999999999999,0.07899999999999999,0.2600000000000051,1.1699226985242446
all,ACC conservative-minus-aggressive,long_short,vw,8,50,0.6961,-1.59,12.07,-0.073,-72.44,22.4,613.9,563.9,1031,753,272,-2.55,-0.188,-73.59,0.5564,0.9599999999999997,0.115,1.1500000000000057,1.251078360891445
all,ACC conservative-minus-aggressive,long_short,vw,8,100,0.5151,-2.88,12.28,-0.177,-76.58,22.4,613.9,563.9,1031,753,272,-4.31,-0.355,-78.99,0.3685,1.4299999999999997,0.178,2.4099999999999966,1.3978290366350068
all,ACC conservative-minus-aggressive,long_short,vw,9,0,0.9836,-0.07,12.08,0.054,-67.62,22.4,617.9,569.0,1000,784,272,-0.78,-0.019,-67.21,0.8378,0.71,0.073,-0.4100000000000108,1.1740272141322512
all,ACC conservative-minus-aggressive,long_short,vw,9,10,0.9276,-0.33,12.07,0.032,-68.59,22.4,617.9,569.0,1000,784,272,-1.13,-0.053,-68.58,0.7721,0.7999999999999998,0.08499999999999999,-0.010000000000005116,1.2013987825411216
all,ACC conservative-minus-aggressive,long_short,vw,9,20,0.8747,-0.59,12.06,0.011,-69.53,22.4,617.9,569.0,1000,784,272,-1.49,-0.087,-69.9,0.7115,0.9,0.09799999999999999,0.37000000000000455,1.2293745607870696
all,ACC conservative-minus-aggressive,long_short,vw,9,50,0.7328,-1.36,12.07,-0.054,-72.2,22.4,617.9,569.0,1000,784,272,-2.55,-0.188,-73.59,0.5564,1.1899999999999997,0.134,1.3900000000000006,1.317038102084831
all,ACC conservative-minus-aggressive,long_short,vw,9,100,0.5439,-2.65,12.17,-0.16,-76.23,22.4,617.9,569.0,1000,784,272,-4.31,-0.355,-78.99,0.3685,1.6599999999999997,0.19499999999999998,2.759999999999991,1.4759837177747628
all,ACC conservative-minus-aggressive,long_short,vw,10,0,1.5773,2.03,11.27,0.234,-61.17,21.2,614.3,570.7,1000,784,272,-0.78,-0.019,-67.21,0.8378,2.8099999999999996,0.253,6.039999999999992,1.8826688947242778
all,ACC conservative-minus-aggressive,long_short,vw,10,10,1.4918,1.78,11.28,0.212,-62.09,21.2,614.3,570.7,1000,784,272,-1.13,-0.053,-68.58,0.7721,2.91,0.265,6.489999999999995,1.9321331433752105
all,ACC conservative-minus-aggressive,long_short,vw,10,20,1.4108,1.53,11.29,0.19,-63.0,21.2,614.3,570.7,1000,784,272,-1.49,-0.087,-69.9,0.7115,3.02,0.277,6.900000000000006,1.9828531271960648
all,ACC conservative-minus-aggressive,long_short,vw,10,50,1.1924,0.78,11.35,0.124,-65.6,21.2,614.3,570.7,1000,784,272,-2.55,-0.188,-73.59,0.5564,3.33,0.312,7.990000000000009,2.143062544931704
all,ACC conservative-minus-aggressive,long_short,vw,10,100,0.8984,-0.47,11.55,0.016,-69.57,21.2,614.3,570.7,1000,784,272,-4.31,-0.355,-78.99,0.3685,3.84,0.371,9.420000000000002,2.4379918588873815
all,ACC conservative-minus-aggressive,long_short,vw,11,0,1.2817,1.1,12.87,0.148,-64.35,21.6,613.0,575.9,1031,753,272,-0.78,-0.019,-67.21,0.8378,1.8800000000000001,0.16699999999999998,2.8599999999999994,1.52984005729291
all,ACC conservative-minus-aggressive,long_short,vw,11,10,1.2107,0.85,12.88,0.129,-64.98,21.6,613.0,575.9,1031,753,272,-1.13,-0.053,-68.58,0.7721,1.98,0.182,3.5999999999999943,1.5680611319777231
all,ACC conservative-minus-aggressive,long_short,vw,11,20,1.1435,0.59,12.89,0.109,-65.6,21.6,613.0,575.9,1031,753,272,-1.49,-0.087,-69.9,0.7115,2.08,0.196,4.300000000000011,1.6071679550245959
all,ACC conservative-minus-aggressive,long_short,vw,11,50,0.9625,-0.17,12.96,0.051,-67.68,21.6,613.0,575.9,1031,753,272,-2.55,-0.188,-73.59,0.5564,2.38,0.239,5.909999999999997,1.7298705966930266
all,ACC conservative-minus-aggressive,long_short,vw,11,100,0.72,-1.44,13.17,-0.045,-72.27,21.6,613.0,575.9,1031,753,272,-4.31,-0.355,-78.99,0.3685,2.8699999999999997,0.31,6.719999999999999,1.9538670284938942
all,ACC conservative-minus-aggressive,long_short,vw,12,0,1.1657,0.68,11.76,0.115,-63.05,20.7,598.4,512.9,1031,753,272,-0.78,-0.019,-67.21,0.8378,1.46,0.134,4.159999999999997,1.3913821914538076
all,ACC conservative-minus-aggressive,long_short,vw,12,10,1.1045,0.44,11.75,0.095,-64.1,20.7,598.4,512.9,1031,753,272,-1.13,-0.053,-68.58,0.7721,1.5699999999999998,0.148,4.480000000000004,1.430514182100764
all,ACC conservative-minus-aggressive,long_short,vw,12,20,1.0464,0.2,11.74,0.075,-65.24,20.7,598.4,512.9,1031,753,272,-1.49,-0.087,-69.9,0.7115,1.69,0.16199999999999998,4.660000000000011,1.470695713281799
all,ACC conservative-minus-aggressive,long_short,vw,12,50,0.8889,-0.52,11.76,0.014,-68.51,20.7,598.4,512.9,1031,753,272,-2.55,-0.188,-73.59,0.5564,2.03,0.202,5.079999999999998,1.597591660675773
all,ACC conservative-minus-aggressive,long_short,vw,12,100,0.6755,-1.72,11.88,-0.087,-73.34,20.7,598.4,512.9,1031,753,272,-4.31,-0.355,-78.99,0.3685,2.59,0.268,5.6499999999999915,1.8331071913161465
all,VOL low-minus-high,long_short,vw,1,0,0.4997,-3.01,21.66,-0.027,-70.39,76.0,552.6,553.1,847,847,272,-3.01,-0.027,-70.39,0.4997,0.0,0.0,0.0,1.0
all,VOL low-minus-high,long_short,vw,1,10,0.4064,-3.89,21.67,-0.069,-71.94,76.0,552.6,553.1,847,847,272,-3.89,-0.069,-71.94,0.4064,0.0,0.0,0.0,1.0
all,VOL low-minus-high,long_short,vw,1,20,0.3304,-4.77,21.69,-0.11,-73.42,76.0,552.6,553.1,847,847,272,-4.77,-0.11,-73.42,0.3304,0.0,0.0,0.0,1.0
all,VOL low-minus-high,long_short,vw,1,50,0.1773,-7.35,21.75,-0.235,-83.02,76.0,552.6,553.1,847,847,272,-7.35,-0.235,-83.02,0.1773,0.0,0.0,0.0,1.0
all,VOL low-minus-high,long_short,vw,1,100,0.0625,-11.51,21.88,-0.44,-93.95,76.0,552.6,553.1,847,847,272,-11.51,-0.44,-93.95,0.0625,0.0,0.0,0.0,1.0
all,VOL low-minus-high,long_short,vw,2,0,0.4026,-3.93,22.99,-0.044,-78.72,56.3,552.2,548.1,884,802,272,-3.01,-0.027,-70.39,0.4997,-0.9200000000000004,-0.016999999999999998,-8.329999999999998,0.8056834100460277
all,VOL low-minus-high,long_short,vw,2,10,0.3456,-4.58,23.01,-0.073,-79.53,56.3,552.2,548.1,884,802,272,-3.89,-0.069,-71.94,0.4064,-0.69,-0.00399999999999999,-7.590000000000003,0.8503937007874016
all,VOL low-minus-high,long_short,vw,2,20,0.2966,-5.22,23.02,-0.102,-80.31,56.3,552.2,548.1,884,802,272,-4.77,-0.11,-73.42,0.3304,-0.4500000000000002,0.008000000000000007,-6.890000000000001,0.8976997578692493
all,VOL low-minus-high,long_short,vw,2,50,0.1873,-7.12,23.09,-0.189,-82.77,56.3,552.2,548.1,884,802,272,-7.35,-0.235,-83.02,0.1773,0.22999999999999954,0.045999999999999985,0.25,1.0564015792442187
all,VOL low-minus-high,long_short,vw,2,100,0.0866,-10.23,23.26,-0.331,-91.84,56.3,552.2,548.1,884,802,272,-11.51,-0.44,-93.95,0.0625,1.2799999999999994,0.10899999999999999,2.1099999999999994,1.3856
all,VOL low-minus-high,long_short,vw,3,0,0.3305,-4.77,22.98,-0.081,-77.71,48.1,551.1,543.2,884,802,272,-3.01,-0.027,-70.39,0.4997,-1.7599999999999998,-0.054000000000000006,-7.319999999999993,0.6613968381028618
all,VOL low-minus-high,long_short,vw,3,10,0.2901,-5.31,23.0,-0.106,-78.49,48.1,551.1,543.2,884,802,272,-3.89,-0.069,-71.94,0.4064,-1.4199999999999995,-0.03699999999999999,-6.549999999999997,0.7138287401574804
all,VOL low-minus-high,long_short,vw,3,20,0.2546,-5.86,23.02,-0.131,-79.24,48.1,551.1,543.2,884,802,272,-4.77,-0.11,-73.42,0.3304,-1.0900000000000007,-0.021000000000000005,-5.819999999999993,0.7705811138014527
all,VOL low-minus-high,long_short,vw,3,50,0.1719,-7.47,23.09,-0.204,-83.36,48.1,551.1,543.2,884,802,272,-7.35,-0.235,-83.02,0.1773,-0.1200000000000001,0.031,-0.3400000000000034,0.9695431472081217
all,VOL low-minus-high,long_short,vw,3,100,0.0889,-10.13,23.29,-0.324,-91.4,48.1,551.1,543.2,884,802,272,-11.51,-0.44,-93.95,0.0625,1.379999999999999,0.11599999999999999,2.549999999999997,1.4224
all,VOL low-minus-high,long_short,vw,4,0,0.3648,-4.35,22.67,-0.069,-75.31,42.1,549.4,539.5,932,932,272,-3.01,-0.027,-70.39,0.4997,-1.3399999999999999,-0.04200000000000001,-4.920000000000002,0.7300380228136882
all,VOL low-minus-high,long_short,vw,4,10,0.3262,-4.82,22.65,-0.091,-75.93,42.1,549.4,539.5,932,932,272,-3.89,-0.069,-71.94,0.4064,-0.9300000000000002,-0.021999999999999992,-3.990000000000009,0.8026574803149606
all,VOL low-minus-high,long_short,vw,4,20,0.2916,-5.29,22.63,-0.113,-76.54,42.1,549.4,539.5,932,932,272,-4.77,-0.11,-73.42,0.3304,-0.5200000000000005,-0.0030000000000000027,-3.1200000000000045,0.8825665859564165
all,VOL low-minus-high,long_short,vw,4,50,0.2079,-6.69,22.59,-0.179,-79.87,42.1,549.4,539.5,932,932,272,-7.35,-0.235,-83.02,0.1773,0.6599999999999993,0.055999999999999994,3.1499999999999915,1.1725888324873095
all,VOL low-minus-high,long_short,vw,4,100,0.1178,-9.0,22.61,-0.289,-88.59,42.1,549.4,539.5,932,932,272,-11.51,-0.44,-93.95,0.0625,2.51,0.15100000000000002,5.359999999999999,1.8848
all,VOL low-minus-high,long_short,vw,5,0,0.5002,-3.01,22.98,-0.001,-73.37,38.6,547.7,547.2,884,802,272,-3.01,-0.027,-70.39,0.4997,0.0,0.026,-2.980000000000004,1.001000600360216
all,VOL low-minus-high,long_short,vw,5,10,0.4503,-3.46,23.01,-0.021,-74.03,38.6,547.7,547.2,884,802,272,-3.89,-0.069,-71.94,0.4064,0.43000000000000016,0.048,-2.0900000000000034,1.1080216535433072
all,VOL low-minus-high,long_short,vw,5,20,0.4052,-3.91,23.05,-0.041,-74.68,38.6,547.7,547.2,884,802,272,-4.77,-0.11,-73.42,0.3304,0.8599999999999994,0.069,-1.2600000000000051,1.2263922518159804
all,VOL low-minus-high,long_short,vw,5,50,0.2949,-5.24,23.19,-0.099,-76.52,38.6,547.7,547.2,884,802,272,-7.35,-0.235,-83.02,0.1773,2.1099999999999994,0.13599999999999998,6.5,1.6632825719120135
all,VOL low-minus-high,long_short,vw,5,100,0.1728,-7.45,23.49,-0.195,-83.83,38.6,547.7,547.2,884,802,272,-11.51,-0.44,-93.95,0.0625,4.06,0.245,10.120000000000005,2.7648
all,VOL low-minus-high,long_short,vw,6,0,0.3337,-4.73,24.1,-0.064,-76.52,36.6,548.2,528.9,884,802,272,-3.01,-0.027,-70.39,0.4997,-1.7200000000000006,-0.037000000000000005,-6.1299999999999955,0.6678006804082449
all,VOL low-minus-high,long_short,vw,6,10,0.3019,-5.15,24.13,-0.082,-77.06,36.6,548.2,528.9,884,802,272,-3.89,-0.069,-71.94,0.4064,-1.2600000000000002,-0.012999999999999998,-5.1200000000000045,0.7428641732283465
all,VOL low-minus-high,long_short,vw,6,20,0.2732,-5.56,24.17,-0.1,-77.67,36.6,548.2,528.9,884,802,272,-4.77,-0.11,-73.42,0.3304,-0.79,0.009999999999999995,-4.25,0.8268765133171913
all,VOL low-minus-high,long_short,vw,6,50,0.2019,-6.82,24.32,-0.152,-81.34,36.6,548.2,528.9,884,802,272,-7.35,-0.235,-83.02,0.1773,0.5299999999999994,0.08299999999999999,1.6799999999999926,1.1387478849407782
all,VOL low-minus-high,long_short,vw,6,100,0.1212,-8.89,24.65,-0.237,-88.64,36.6,548.2,528.9,884,802,272,-11.51,-0.44,-93.95,0.0625,2.619999999999999,0.203,5.310000000000002,1.9392
all,VOL low-minus-high,long_short,vw,7,0,0.5271,-2.79,21.04,-0.023,-67.89,31.9,547.4,549.4,940,940,272,-3.01,-0.027,-70.39,0.4997,0.21999999999999975,0.004,2.5,1.054832899739844
all,VOL low-minus-high,long_short,vw,7,10,0.4844,-3.15,21.02,-0.041,-68.57,31.9,547.4,549.4,940,940,272,-3.89,-0.069,-71.94,0.4064,0.7400000000000002,0.028000000000000004,3.3700000000000045,1.1919291338582678
all,VOL low-minus-high,long_short,vw,7,20,0.4451,-3.51,21.02,-0.059,-69.24,31.9,547.4,549.4,940,940,272,-4.77,-0.11,-73.42,0.3304,1.2599999999999998,0.051000000000000004,4.180000000000007,1.3471549636803872
all,VOL low-minus-high,long_short,vw,7,50,0.3447,-4.59,21.01,-0.113,-71.18,31.9,547.4,549.4,940,940,272,-7.35,-0.235,-83.02,0.1773,2.76,0.12199999999999998,11.83999999999999,1.9441624365482233
all,VOL low-minus-high,long_short,vw,7,100,0.2242,-6.38,21.08,-0.201,-79.31,31.9,547.4,549.4,940,940,272,-11.51,-0.44,-93.95,0.0625,5.13,0.239,14.64,3.5872
all,VOL low-minus-high,long_short,vw,8,0,0.3392,-4.66,22.42,-0.087,-77.32,32.4,544.6,531.8,952,858,272,-3.01,-0.027,-70.39,0.4997,-1.6500000000000004,-0.06,-6.929999999999993,0.6788072843706224
all,VOL low-minus-high,long_short,vw,8,10,0.3113,-5.02,22.4,-0.104,-77.78,32.4,544.6,531.8,952,858,272,-3.89,-0.069,-71.94,0.4064,-1.1299999999999994,-0.03499999999999999,-5.840000000000003,0.7659940944881891
all,VOL low-minus-high,long_short,vw,8,20,0.2857,-5.38,22.38,-0.122,-78.25,32.4,544.6,531.8,952,858,272,-4.77,-0.11,-73.42,0.3304,-0.6100000000000003,-0.011999999999999997,-4.829999999999998,0.8647094430992736
all,VOL low-minus-high,long_short,vw,8,50,0.2204,-6.45,22.37,-0.173,-80.41,32.4,544.6,531.8,952,858,272,-7.35,-0.235,-83.02,0.1773,0.8999999999999995,0.062,2.6099999999999994,1.2430908065425832
all,VOL low-minus-high,long_short,vw,8,100,0.1421,-8.25,22.46,-0.256,-87.37,32.4,544.6,531.8,952,858,272,-11.51,-0.44,-93.95,0.0625,3.26,0.184,6.579999999999998,2.2736
all,VOL low-minus-high,long_short,vw,9,0,0.2477,-5.97,23.85,-0.13,-77.99,31.5,545.9,536.4,884,802,272,-3.01,-0.027,-70.39,0.4997,-2.96,-0.10300000000000001,-7.599999999999994,0.4956974184510707
all,VOL low-minus-high,long_short,vw,9,10,0.2273,-6.33,23.87,-0.146,-79.79,31.5,545.9,536.4,884,802,272,-3.89,-0.069,-71.94,0.4064,-2.44,-0.07699999999999999,-7.8500000000000085,0.5593011811023623
all,VOL low-minus-high,long_short,vw,9,20,0.2086,-6.68,23.9,-0.161,-81.46,31.5,545.9,536.4,884,802,272,-4.77,-0.11,-73.42,0.3304,-1.9100000000000001,-0.051000000000000004,-8.039999999999992,0.6313559322033898
all,VOL low-minus-high,long_short,vw,9,50,0.1609,-7.74,24.03,-0.206,-85.7,31.5,545.9,536.4,884,802,272,-7.35,-0.235,-83.02,0.1773,-0.39000000000000057,0.028999999999999998,-2.680000000000007,0.9075014100394809
all,VOL low-minus-high,long_short,vw,9,100,0.1037,-9.51,24.33,-0.279,-90.78,31.5,545.9,536.4,884,802,272,-11.51,-0.44,-93.95,0.0625,2.0,0.16099999999999998,3.1700000000000017,1.6592
all,VOL low-minus-high,long_short,vw,10,0,0.6804,-1.68,20.24,0.021,-63.11,27.0,536.6,534.7,884,802,272,-3.01,-0.027,-70.39,0.4997,1.3299999999999998,0.048,7.280000000000001,1.3616169701821093
all,VOL low-minus-high,long_short,vw,10,10,0.6323,-2.0,20.27,0.005,-63.64,27.0,536.6,534.7,884,802,272,-3.89,-0.069,-71.94,0.4064,1.8900000000000001,0.07400000000000001,8.299999999999997,1.5558562992125984
all,VOL low-minus-high,long_short,vw,10,20,0.5874,-2.32,20.31,-0.011,-64.26,27.0,536.6,534.7,884,802,272,-4.77,-0.11,-73.42,0.3304,2.4499999999999997,0.099,9.159999999999997,1.7778450363196125
all,VOL low-minus-high,long_short,vw,10,50,0.4704,-3.27,20.45,-0.057,-66.62,27.0,536.6,534.7,884,802,272,-7.35,-0.235,-83.02,0.1773,4.08,0.178,16.39999999999999,2.653130287648054
all,VOL low-minus-high,long_short,vw,10,100,0.3233,-4.86,20.76,-0.132,-71.27,27.0,536.6,534.7,884,802,272,-11.51,-0.44,-93.95,0.0625,6.6499999999999995,0.308,22.680000000000007,5.1728
all,VOL low-minus-high,long_short,vw,11,0,0.2091,-6.67,27.04,-0.104,-83.31,30.0,539.1,534.5,952,858,272,-3.01,-0.027,-70.39,0.4997,-3.66,-0.077,-12.920000000000002,0.41845107064238546
all,VOL low-minus-high,long_short,vw,11,10,0.1932,-7.0,27.03,-0.117,-84.5,30.0,539.1,534.5,952,858,272,-3.89,-0.069,-71.94,0.4064,-3.11,-0.048,-12.560000000000002,0.4753937007874016
all,VOL low-minus-high,long_short,vw,11,20,0.1784,-7.32,27.02,-0.13,-85.6,30.0,539.1,534.5,952,858,272,-4.77,-0.11,-73.42,0.3304,-2.5500000000000007,-0.020000000000000004,-12.179999999999993,0.5399515738498789
all,VOL low-minus-high,long_short,vw,11,50,0.1402,-8.3,27.03,-0.169,-88.5,30.0,539.1,534.5,952,858,272,-7.35,-0.235,-83.02,0.1773,-0.9500000000000011,0.06599999999999998,-5.480000000000004,0.790750141003948
all,VOL low-minus-high,long_short,vw,11,100,0.0931,-9.94,27.17,-0.232,-92.15,30.0,539.1,534.5,952,858,272,-11.51,-0.44,-93.95,0.0625,1.5700000000000003,0.208,1.7999999999999972,1.4896
all,VOL low-minus-high,long_short,vw,12,0,1.1301,0.54,20.13,0.13,-63.22,23.9,546.0,502.5,952,858,272,-3.01,-0.027,-70.39,0.4997,3.55,0.157,7.170000000000002,2.2615569341604966
all,VOL low-minus-high,long_short,vw,12,10,1.0598,0.26,20.15,0.116,-63.87,23.9,546.0,502.5,952,858,272,-3.89,-0.069,-71.94,0.4064,4.15,0.185,8.07,2.6077755905511815
all,VOL low-minus-high,long_short,vw,12,20,0.9937,-0.03,20.18,0.102,-64.5,23.9,546.0,502.5,952,858,272,-4.77,-0.11,-73.42,0.3304,4.739999999999999,0.212,8.920000000000002,3.0075665859564165
all,VOL low-minus-high,long_short,vw,12,50,0.818,-0.88,20.29,0.06,-66.35,23.9,546.0,502.5,952,858,272,-7.35,-0.235,-83.02,0.1773,6.47,0.295,16.67,4.613649182177101
all,VOL low-minus-high,long_short,vw,12,100,0.5888,-2.31,20.56,-0.008,-69.27,23.9,546.0,502.5,952,858,272,-11.51,-0.44,-93.95,0.0625,9.2,0.432,24.680000000000007,9.4208
all,STR loser-minus-winner,long_short,vw,1,0,0.6159,-2.12,14.36,-0.076,-65.63,316.7,605.7,606.2,903,905,272,-2.12,-0.076,-65.63,0.6159,0.0,0.0,0.0,1.0
all,STR loser-minus-winner,long_short,vw,1,10,0.2598,-5.77,14.37,-0.34,-79.34,316.7,605.7,606.2,903,905,272,-5.77,-0.34,-79.34,0.2598,0.0,0.0,0.0,1.0
all,STR loser-minus-winner,long_short,vw,1,20,0.1093,-9.31,14.37,-0.604,-89.18,316.7,605.7,606.2,903,905,272,-9.31,-0.604,-89.18,0.1093,0.0,0.0,0.0,1.0
all,STR loser-minus-winner,long_short,vw,1,50,0.008,-19.19,14.4,-1.392,-99.17,316.7,605.7,606.2,903,905,272,-19.19,-1.392,-99.17,0.008,0.0,0.0,0.0,1.0
all,STR loser-minus-winner,long_short,vw,1,100,0.0001,-33.49,14.47,-2.696,-99.99,316.7,605.7,606.2,903,905,272,-33.49,-2.696,-99.99,0.0001,0.0,0.0,0.0,1.0
all,STR loser-minus-winner,long_short,vw,2,0,0.4094,-3.86,15.09,-0.186,-76.27,158.3,596.8,598.5,876,915,272,-2.12,-0.076,-65.63,0.6159,-1.7399999999999998,-0.11,-10.64,0.664718298425069
all,STR loser-minus-winner,long_short,vw,2,10,0.2663,-5.67,15.07,-0.312,-81.81,158.3,596.8,598.5,876,915,272,-5.77,-0.34,-79.34,0.2598,0.09999999999999964,0.028000000000000025,-2.469999999999999,1.025019245573518
all,STR loser-minus-winner,long_short,vw,2,20,0.173,-7.45,15.07,-0.437,-86.14,158.3,596.8,598.5,876,915,272,-9.31,-0.604,-89.18,0.1093,1.8600000000000003,0.16699999999999998,3.0400000000000063,1.5827996340347668
all,STR loser-minus-winner,long_short,vw,2,50,0.0471,-12.61,15.2,-0.807,-95.97,158.3,596.8,598.5,876,915,272,-19.19,-1.392,-99.17,0.008,6.580000000000002,0.5849999999999999,3.200000000000003,5.8875
all,STR loser-minus-winner,long_short,vw,2,100,0.0052,-20.69,15.81,-1.374,-99.54,158.3,596.8,598.5,876,915,272,-33.49,-2.696,-99.99,0.0001,12.8,1.322,0.44999999999998863,51.99999999999999
all,STR loser-minus-winner,long_short,vw,3,0,0.5662,-2.48,13.89,-0.111,-72.41,108.5,587.6,590.6,876,915,272,-2.12,-0.076,-65.63,0.6159,-0.3599999999999999,-0.035,-6.780000000000001,0.9193050819938302
all,STR loser-minus-winner,long_short,vw,3,10,0.4232,-3.72,13.79,-0.206,-77.01,108.5,587.6,590.6,876,915,272,-5.77,-0.34,-79.34,0.2598,2.0499999999999994,0.13400000000000004,2.3299999999999983,1.6289453425712088
all,STR loser-minus-winner,long_short,vw,3,20,0.3161,-4.95,13.7,-0.301,-80.86,108.5,587.6,590.6,876,915,272,-9.31,-0.604,-89.18,0.1093,4.36,0.303,8.320000000000007,2.8920402561756635
all,STR loser-minus-winner,long_short,vw,3,50,0.1309,-8.58,13.58,-0.59,-89.34,108.5,587.6,590.6,876,915,272,-19.19,-1.392,-99.17,0.008,10.610000000000001,0.8019999999999999,9.829999999999998,16.362499999999997
all,STR loser-minus-winner,long_short,vw,3,100,0.0295,-14.4,13.8,-1.049,-97.3,108.5,587.6,590.6,876,915,272,-33.49,-2.696,-99.99,0.0001,19.090000000000003,1.6470000000000002,2.6899999999999977,294.99999999999994
all,STR loser-minus-winner,long_short,vw,4,0,0.785,-1.06,15.51,0.005,-60.43,81.1,579.8,584.5,1031,1030,272,-2.12,-0.076,-65.63,0.6159,1.06,0.081,5.199999999999996,1.2745575580451372
all,STR loser-minus-winner,long_short,vw,4,10,0.63,-2.02,15.55,-0.057,-62.19,81.1,579.8,584.5,1031,1030,272,-5.77,-0.34,-79.34,0.2598,3.7499999999999996,0.28300000000000003,17.150000000000006,2.424942263279446
all,STR loser-minus-winner,long_short,vw,4,20,0.5052,-2.97,15.59,-0.119,-63.88,81.1,579.8,584.5,1031,1030,272,-9.31,-0.604,-89.18,0.1093,6.34,0.485,25.300000000000004,4.622140896614821
all,STR loser-minus-winner,long_short,vw,4,50,0.2594,-5.78,15.82,-0.3,-75.89,81.1,579.8,584.5,1031,1030,272,-19.19,-1.392,-99.17,0.008,13.41,1.0919999999999999,23.28,32.425000000000004
all,STR loser-minus-winner,long_short,vw,4,100,0.0841,-10.35,16.5,-0.579,-92.18,81.1,579.8,584.5,1031,1030,272,-33.49,-2.696,-99.99,0.0001,23.14,2.117,7.809999999999988,840.9999999999999
all,STR loser-minus-winner,long_short,vw,5,0,0.3139,-4.98,14.38,-0.286,-74.36,66.7,601.0,601.9,876,915,272,-2.12,-0.076,-65.63,0.6159,-2.8600000000000003,-0.20999999999999996,-8.730000000000004,0.5096606591979218
all,STR loser-minus-winner,long_short,vw,5,10,0.2622,-5.74,14.38,-0.341,-78.26,66.7,601.0,601.9,876,915,272,-5.77,-0.34,-79.34,0.2598,0.02999999999999936,-0.0010000000000000009,1.0799999999999983,1.0092378752886837
all,STR loser-minus-winner,long_short,vw,5,20,0.2188,-6.48,14.39,-0.396,-81.58,66.7,601.0,601.9,876,915,272,-9.31,-0.604,-89.18,0.1093,2.83,0.20799999999999996,7.6000000000000085,2.001829826166514
all,STR loser-minus-winner,long_short,vw,5,50,0.1268,-8.71,14.5,-0.557,-88.83,66.7,601.0,601.9,876,915,272,-19.19,-1.392,-99.17,0.008,10.48,0.8349999999999999,10.340000000000003,15.85
all,STR loser-minus-winner,long_short,vw,5,100,0.0504,-12.35,14.98,-0.803,-95.37,66.7,601.0,601.9,876,915,272,-33.49,-2.696,-99.99,0.0001,21.14,1.8930000000000002,4.61999999999999,504.0
all,STR loser-minus-winner,long_short,vw,6,0,0.3669,-4.33,14.59,-0.23,-77.75,56.2,560.6,566.6,876,915,272,-2.12,-0.076,-65.63,0.6159,-2.21,-0.15400000000000003,-12.120000000000005,0.5957135898684851
all,STR loser-minus-winner,long_short,vw,6,10,0.3158,-4.96,14.54,-0.276,-79.73,56.2,560.6,566.6,876,915,272,-5.77,-0.34,-79.34,0.2598,0.8099999999999996,0.064,-0.39000000000000057,1.2155504234026175
all,STR loser-minus-winner,long_short,vw,6,20,0.2717,-5.59,14.5,-0.323,-81.53,56.2,560.6,566.6,876,915,272,-9.31,-0.604,-89.18,0.1093,3.7200000000000006,0.28099999999999997,7.650000000000006,2.485818847209515
all,STR loser-minus-winner,long_short,vw,6,50,0.1725,-7.46,14.47,-0.462,-86.09,56.2,560.6,566.6,876,915,272,-19.19,-1.392,-99.17,0.008,11.73,0.9299999999999999,13.079999999999998,21.562499999999996
all,STR loser-minus-winner,long_short,vw,6,100,0.08,-10.55,14.68,-0.682,-92.94,56.2,560.6,566.6,876,915,272,-33.49,-2.696,-99.99,0.0001,22.94,2.0140000000000002,7.049999999999997,800.0
all,STR loser-minus-winner,long_short,vw,7,0,0.1037,-9.51,13.99,-0.64,-90.53,50.0,601.8,603.0,1040,1038,272,-2.12,-0.076,-65.63,0.6159,-7.39,-0.5640000000000001,-24.900000000000006,0.16837148887806463
all,STR loser-minus-winner,long_short,vw,7,10,0.0906,-10.05,13.99,-0.683,-91.73,50.0,601.8,603.0,1040,1038,272,-5.77,-0.34,-79.34,0.2598,-4.280000000000001,-0.343,-12.39,0.34872979214780603
all,STR loser-minus-winner,long_short,vw,7,20,0.0791,-10.59,14.0,-0.724,-92.78,50.0,601.8,603.0,1040,1038,272,-9.31,-0.604,-89.18,0.1093,-1.2799999999999994,-0.12,-3.5999999999999943,0.7236962488563587
all,STR loser-minus-winner,long_short,vw,7,50,0.0525,-12.19,14.12,-0.844,-95.21,50.0,601.8,603.0,1040,1038,272,-19.19,-1.392,-99.17,0.008,7.000000000000002,0.5479999999999999,3.960000000000008,6.5625
all,STR loser-minus-winner,long_short,vw,7,100,0.0263,-14.83,14.57,-1.021,-97.6,50.0,601.8,603.0,1040,1038,272,-33.49,-2.696,-99.99,0.0001,18.660000000000004,1.6750000000000003,2.3900000000000006,263.0
all,STR loser-minus-winner,long_short,vw,8,0,0.2936,-5.26,14.63,-0.299,-72.29,42.8,570.0,577.3,894,918,272,-2.12,-0.076,-65.63,0.6159,-3.1399999999999997,-0.22299999999999998,-6.660000000000011,0.47670076311089465
all,STR loser-minus-winner,long_short,vw,8,10,0.2615,-5.75,14.66,-0.333,-75.23,42.8,570.0,577.3,894,918,272,-5.77,-0.34,-79.34,0.2598,0.019999999999999574,0.007000000000000006,4.109999999999999,1.006543494996151
all,STR loser-minus-winner,long_short,vw,8,20,0.2328,-6.23,14.69,-0.367,-77.87,42.8,570.0,577.3,894,918,272,-9.31,-0.604,-89.18,0.1093,3.08,0.237,11.310000000000002,2.129917657822507
all,STR loser-minus-winner,long_short,vw,8,50,0.1638,-7.67,14.86,-0.464,-84.26,42.8,570.0,577.3,894,918,272,-19.19,-1.392,-99.17,0.008,11.520000000000001,0.9279999999999999,14.909999999999997,20.475
all,STR loser-minus-winner,long_short,vw,8,100,0.0904,-10.06,15.35,-0.614,-91.26,42.8,570.0,577.3,894,918,272,-33.49,-2.696,-99.99,0.0001,23.43,2.0820000000000003,8.72999999999999,903.9999999999999
all,STR loser-minus-winner,long_short,vw,9,0,0.3524,-4.5,15.32,-0.223,-70.3,40.0,577.6,583.1,876,915,272,-2.12,-0.076,-65.63,0.6159,-2.38,-0.14700000000000002,-4.670000000000002,0.5721708069491801
all,STR loser-minus-winner,long_short,vw,9,10,0.3171,-4.94,15.27,-0.255,-72.44,40.0,577.6,583.1,876,915,272,-5.77,-0.34,-79.34,0.2598,0.8299999999999992,0.08500000000000002,6.900000000000006,1.220554272517321
all,STR loser-minus-winner,long_short,vw,9,20,0.2852,-5.38,15.24,-0.286,-74.44,40.0,577.6,583.1,876,915,272,-9.31,-0.604,-89.18,0.1093,3.9300000000000006,0.318,14.740000000000009,2.6093321134492227
all,STR loser-minus-winner,long_short,vw,9,50,0.207,-6.71,15.18,-0.38,-81.2,40.0,577.6,583.1,876,915,272,-19.19,-1.392,-99.17,0.008,12.48,1.012,17.97,25.874999999999996
all,STR loser-minus-winner,long_short,vw,9,100,0.1204,-8.92,15.3,-0.531,-88.92,40.0,577.6,583.1,876,915,272,-33.49,-2.696,-99.99,0.0001,24.57,2.165,11.069999999999993,1203.9999999999998
all,STR loser-minus-winner,long_short,vw,10,0,0.133,-8.52,13.37,-0.598,-89.27,37.8,583.2,585.8,876,915,272,-2.12,-0.076,-65.63,0.6159,-6.3999999999999995,-0.522,-23.64,0.21594414677707421
all,STR loser-minus-winner,long_short,vw,10,10,0.1201,-8.93,13.37,-0.631,-90.25,37.8,583.2,585.8,876,915,272,-5.77,-0.34,-79.34,0.2598,-3.16,-0.291,-10.909999999999997,0.46227867590454197
all,STR loser-minus-winner,long_short,vw,10,20,0.1084,-9.34,13.39,-0.663,-91.15,37.8,583.2,585.8,876,915,272,-9.31,-0.604,-89.18,0.1093,-0.02999999999999936,-0.05900000000000005,-1.9699999999999989,0.9917657822506862
all,STR loser-minus-winner,long_short,vw,10,50,0.0795,-10.57,13.52,-0.755,-93.38,37.8,583.2,585.8,876,915,272,-19.19,-1.392,-99.17,0.008,8.620000000000001,0.6369999999999999,5.790000000000006,9.9375
all,STR loser-minus-winner,long_short,vw,10,100,0.0471,-12.61,13.96,-0.891,-95.96,37.8,583.2,585.8,876,915,272,-33.49,-2.696,-99.99,0.0001,20.880000000000003,1.8050000000000002,4.030000000000001,471.0
all,STR loser-minus-winner,long_short,vw,11,0,0.0977,-9.75,15.0,-0.607,-90.56,34.4,584.0,588.3,894,918,272,-2.12,-0.076,-65.63,0.6159,-7.63,-0.531,-24.930000000000007,0.1586296476700763
all,STR loser-minus-winner,long_short,vw,11,10,0.0891,-10.12,14.99,-0.635,-91.39,34.4,584.0,588.3,894,918,272,-5.77,-0.34,-79.34,0.2598,-4.35,-0.295,-12.049999999999997,0.3429561200923788
all,STR loser-minus-winner,long_short,vw,11,20,0.0812,-10.48,14.98,-0.662,-92.15,34.4,584.0,588.3,894,918,272,-9.31,-0.604,-89.18,0.1093,-1.17,-0.05800000000000005,-2.969999999999999,0.7429094236047575
all,STR loser-minus-winner,long_short,vw,11,50,0.0614,-11.58,15.03,-0.74,-94.06,34.4,584.0,588.3,894,918,272,-19.19,-1.392,-99.17,0.008,7.610000000000001,0.6519999999999999,5.109999999999999,7.675
all,STR loser-minus-winner,long_short,vw,11,100,0.0383,-13.41,15.31,-0.859,-96.3,34.4,584.0,588.3,894,918,272,-33.49,-2.696,-99.99,0.0001,20.080000000000002,1.8370000000000002,3.6899999999999977,383.0
all,STR loser-minus-winner,long_short,vw,12,0,0.2228,-6.41,13.77,-0.412,-78.46,31.0,510.0,526.4,894,918,272,-2.12,-0.076,-65.63,0.6159,-4.29,-0.33599999999999997,-12.829999999999998,0.36174703685663256
all,STR loser-minus-winner,long_short,vw,12,10,0.205,-6.75,13.77,-0.438,-80.18,31.0,510.0,526.4,894,918,272,-5.77,-0.34,-79.34,0.2598,-0.9800000000000004,-0.09799999999999998,-0.8400000000000034,0.7890685142417244
all,STR loser-minus-winner,long_short,vw,12,20,0.1886,-7.1,13.79,-0.464,-81.77,31.0,510.0,526.4,894,918,272,-9.31,-0.604,-89.18,0.1093,2.210000000000001,0.13999999999999996,7.410000000000011,1.725526075022873
all,STR loser-minus-winner,long_short,vw,12,50,0.1465,-8.12,13.88,-0.539,-85.84,31.0,510.0,526.4,894,918,272,-19.19,-1.392,-99.17,0.008,11.070000000000002,0.8529999999999999,13.329999999999998,18.3125
all,STR loser-minus-winner,long_short,vw,12,100,0.0955,-9.84,14.22,-0.654,-90.76,31.0,510.0,526.4,894,918,272,-33.49,-2.696,-99.99,0.0001,23.650000000000002,2.0420000000000003,9.22999999999999,955.0
all,Small,long_only,vw,1,0,45.0502,18.29,29.05,0.513,-72.78,5.9,1838.2,0.0,3060,0,272,18.29,0.513,-72.78,45.0502,0.0,0.0,0.0,1.0
all,Small,long_only,vw,1,10,44.3844,18.21,29.05,0.511,-72.81,5.9,1838.2,0.0,3060,0,272,18.21,0.511,-72.81,44.3844,0.0,0.0,0.0,1.0
all,Small,long_only,vw,1,20,43.7284,18.14,29.06,0.508,-72.84,5.9,1838.2,0.0,3060,0,272,18.14,0.508,-72.84,43.7284,0.0,0.0,0.0,1.0
all,Small,long_only,vw,1,50,41.817,17.9,29.06,0.501,-72.92,5.9,1838.2,0.0,3060,0,272,17.9,0.501,-72.92,41.817,0.0,0.0,0.0,1.0
all,Small,long_only,vw,1,100,38.8125,17.52,29.06,0.49,-73.06,5.9,1838.2,0.0,3060,0,272,17.52,0.49,-73.06,38.8125,0.0,0.0,0.0,1.0
all,Small,long_only,vw,2,0,44.9854,18.28,29.05,0.513,-72.82,5.3,1822.0,0.0,2668,0,272,18.29,0.513,-72.78,45.0502,-0.00999999999999801,0.0,-0.03999999999999204,0.9985616046099685
all,Small,long_only,vw,2,10,44.3947,18.22,29.05,0.511,-72.84,5.3,1822.0,0.0,2668,0,272,18.21,0.511,-72.81,44.3844,0.00999999999999801,0.0,-0.030000000000001137,1.0002320635178126
all,Small,long_only,vw,2,20,43.8115,18.15,29.05,0.509,-72.86,5.3,1822.0,0.0,2668,0,272,18.14,0.508,-72.84,43.7284,0.00999999999999801,0.0010000000000000009,-0.01999999999999602,1.0019003668096707
all,Small,long_only,vw,2,50,42.1069,17.94,29.05,0.503,-72.93,5.3,1822.0,0.0,2668,0,272,17.9,0.501,-72.92,41.817,0.0400000000000027,0.0020000000000000018,-0.010000000000005116,1.0069325872252912
all,Small,long_only,vw,2,100,39.4093,17.6,29.04,0.492,-73.05,5.3,1822.0,0.0,2668,0,272,17.52,0.49,-73.06,38.8125,0.08000000000000185,0.0020000000000000018,0.010000000000005116,1.0153764895330113
all,Small,long_only,vw,3,0,46.2157,18.43,29.04,0.517,-72.64,5.0,1806.9,0.0,2668,0,272,18.29,0.513,-72.78,45.0502,0.14000000000000057,0.0040000000000000036,0.14000000000000057,1.0258711393068178
all,Small,long_only,vw,3,10,45.6308,18.36,29.05,0.515,-72.67,5.0,1806.9,0.0,2668,0,272,18.21,0.511,-72.81,44.3844,0.14999999999999858,0.0040000000000000036,0.14000000000000057,1.0280819386991826
all,Small,long_only,vw,3,20,45.053,18.29,29.05,0.513,-72.7,5.0,1806.9,0.0,2668,0,272,18.14,0.508,-72.84,43.7284,0.14999999999999858,0.0050000000000000044,0.14000000000000057,1.0302915267880828
all,Small,long_only,vw,3,50,43.3625,18.09,29.06,0.507,-72.78,5.0,1806.9,0.0,2668,0,272,17.9,0.501,-72.92,41.817,0.19000000000000128,0.006000000000000005,0.14000000000000057,1.036958653179329
all,Small,long_only,vw,3,100,40.6819,17.76,29.07,0.497,-72.93,5.0,1806.9,0.0,2668,0,272,17.52,0.49,-73.06,38.8125,0.240000000000002,0.007000000000000006,0.12999999999999545,1.0481648953301126
all,Small,long_only,vw,4,0,45.9368,18.39,29.01,0.516,-72.49,4.8,1795.6,0.0,3090,0,272,18.29,0.513,-72.78,45.0502,0.10000000000000142,0.0030000000000000027,0.29000000000000625,1.0196802677901542
all,Small,long_only,vw,4,10,45.3778,18.33,29.01,0.514,-72.52,4.8,1795.6,0.0,3090,0,272,18.21,0.511,-72.81,44.3844,0.11999999999999744,0.0030000000000000027,0.29000000000000625,1.02238173772767
all,Small,long_only,vw,4,20,44.8254,18.27,29.02,0.513,-72.55,4.8,1795.6,0.0,3090,0,272,18.14,0.508,-72.84,43.7284,0.129999999999999,0.0050000000000000044,0.29000000000000625,1.0250866713623183
all,Small,long_only,vw,4,50,43.2075,18.07,29.03,0.507,-72.63,4.8,1795.6,0.0,3090,0,272,17.9,0.501,-72.92,41.817,0.1700000000000017,0.006000000000000005,0.29000000000000625,1.0332520266877108
all,Small,long_only,vw,4,100,40.6368,17.76,29.06,0.497,-72.76,4.8,1795.6,0.0,3090,0,272,17.52,0.49,-73.06,38.8125,0.240000000000002,0.007000000000000006,0.29999999999999716,1.0470028985507247
all,Small,long_only,vw,5,0,48.8116,18.71,28.94,0.526,-72.43,4.2,1820.2,0.0,2668,0,272,18.29,0.513,-72.78,45.0502,0.4200000000000017,0.013000000000000012,0.3499999999999943,1.083493525000999
all,Small,long_only,vw,5,10,48.3048,18.66,28.94,0.525,-72.44,4.2,1820.2,0.0,2668,0,272,18.21,0.511,-72.81,44.3844,0.4499999999999993,0.014000000000000012,0.37000000000000455,1.088328331575959
all,Small,long_only,vw,5,20,47.8031,18.6,28.94,0.523,-72.46,4.2,1820.2,0.0,2668,0,272,18.14,0.508,-72.84,43.7284,0.46000000000000085,0.015000000000000013,0.38000000000000966,1.0931820052871817
all,Small,long_only,vw,5,50,46.3281,18.44,28.95,0.518,-72.51,4.2,1820.2,0.0,2668,0,272,17.9,0.501,-72.92,41.817,0.5400000000000027,0.017000000000000015,0.4099999999999966,1.1078771791376714
all,Small,long_only,vw,5,100,43.967,18.17,28.95,0.51,-72.59,4.2,1820.2,0.0,2668,0,272,17.52,0.49,-73.06,38.8125,0.6500000000000021,0.020000000000000018,0.46999999999999886,1.132805152979066
all,Small,long_only,vw,6,0,49.9789,18.84,29.02,0.529,-72.26,4.6,1762.8,0.0,2668,0,272,18.29,0.513,-72.78,45.0502,0.5500000000000007,0.016000000000000014,0.519999999999996,1.1094046197353176
all,Small,long_only,vw,6,10,49.4218,18.78,29.02,0.527,-72.28,4.6,1762.8,0.0,2668,0,272,18.21,0.511,-72.81,44.3844,0.5700000000000003,0.016000000000000014,0.5300000000000011,1.11349483151738
all,Small,long_only,vw,6,20,48.8707,18.72,29.02,0.526,-72.3,4.6,1762.8,0.0,2668,0,272,18.14,0.508,-72.84,43.7284,0.5799999999999983,0.018000000000000016,0.5400000000000063,1.1175963447096167
all,Small,long_only,vw,6,50,47.2529,18.54,29.01,0.521,-72.36,4.6,1762.8,0.0,2668,0,272,17.9,0.501,-72.92,41.817,0.6400000000000006,0.020000000000000018,0.5600000000000023,1.1299925867470166
all,Small,long_only,vw,6,100,44.6716,18.25,29.01,0.512,-72.45,4.6,1762.8,0.0,2668,0,272,17.52,0.49,-73.06,38.8125,0.7300000000000004,0.02200000000000002,0.6099999999999994,1.1509590982286635
all,Small,long_only,vw,7,0,47.7409,18.6,28.8,0.524,-71.79,4.0,1831.3,0.0,3116,0,272,18.29,0.513,-72.78,45.0502,0.3100000000000023,0.01100000000000001,0.9899999999999949,1.0597267048758943
all,Small,long_only,vw,7,10,47.2686,18.54,28.8,0.522,-71.81,4.0,1831.3,0.0,3116,0,272,18.21,0.511,-72.81,44.3844,0.3299999999999983,0.01100000000000001,1.0,1.0649822910752427
all,Small,long_only,vw,7,20,46.8009,18.49,28.81,0.52,-71.82,4.0,1831.3,0.0,3116,0,272,18.14,0.508,-72.84,43.7284,0.34999999999999787,0.01200000000000001,1.0200000000000102,1.0702632614044876
all,Small,long_only,vw,7,50,45.4243,18.34,28.81,0.516,-71.87,4.0,1831.3,0.0,3116,0,272,17.9,0.501,-72.92,41.817,0.4400000000000013,0.015000000000000013,1.0499999999999972,1.0862639596336419
all,Small,long_only,vw,7,100,43.2162,18.08,28.83,0.508,-71.95,4.0,1831.3,0.0,3116,0,272,17.52,0.49,-73.06,38.8125,0.5599999999999987,0.018000000000000016,1.1099999999999994,1.1134608695652175
all,Small,long_only,vw,8,0,51.7059,19.01,28.74,0.536,-70.99,4.0,1768.7,0.0,2804,0,272,18.29,0.513,-72.78,45.0502,0.7200000000000024,0.02300000000000002,1.7900000000000063,1.1477396326764366
all,Small,long_only,vw,8,10,51.184,18.96,28.74,0.535,-71.01,4.0,1768.7,0.0,2804,0,272,18.21,0.511,-72.81,44.3844,0.75,0.02400000000000002,1.7999999999999972,1.1531979704580888
all,Small,long_only,vw,8,20,50.6671,18.91,28.75,0.533,-71.03,4.0,1768.7,0.0,2804,0,272,18.14,0.508,-72.84,43.7284,0.7699999999999996,0.025000000000000022,1.8100000000000023,1.158677198342496
all,Small,long_only,vw,8,50,49.1464,18.75,28.76,0.528,-71.09,4.0,1768.7,0.0,2804,0,272,17.9,0.501,-72.92,41.817,0.8500000000000014,0.027000000000000024,1.8299999999999983,1.1752732142430111
all,Small,long_only,vw,8,100,46.7091,18.48,28.78,0.52,-71.2,4.0,1768.7,0.0,2804,0,272,17.52,0.49,-73.06,38.8125,0.9600000000000009,0.030000000000000027,1.8599999999999994,1.203455072463768
all,Small,long_only,vw,9,0,52.4018,19.08,28.45,0.541,-71.26,4.1,1779.7,0.0,2668,0,272,18.29,0.513,-72.78,45.0502,0.7899999999999991,0.028000000000000025,1.519999999999996,1.16318684489747
all,Small,long_only,vw,9,10,51.8983,19.03,28.44,0.539,-71.28,4.1,1779.7,0.0,2668,0,272,18.21,0.511,-72.81,44.3844,0.8200000000000003,0.028000000000000025,1.5300000000000011,1.1692914627661972
all,Small,long_only,vw,9,20,51.3993,18.98,28.44,0.538,-71.31,4.1,1779.7,0.0,2668,0,272,18.14,0.508,-72.84,43.7284,0.8399999999999999,0.030000000000000027,1.5300000000000011,1.1754214652262602
all,Small,long_only,vw,9,50,49.9301,18.83,28.43,0.533,-71.38,4.1,1779.7,0.0,2668,0,272,17.9,0.501,-72.92,41.817,0.9299999999999997,0.03200000000000003,1.5400000000000063,1.194014396059019
all,Small,long_only,vw,9,100,47.5708,18.58,28.41,0.526,-71.5,4.1,1779.7,0.0,2668,0,272,17.52,0.49,-73.06,38.8125,1.0599999999999987,0.03600000000000003,1.5600000000000023,1.2256566827697262
all,Small,long_only,vw,10,0,54.2906,19.27,28.55,0.546,-72.08,3.9,1774.1,0.0,2668,0,272,18.29,0.513,-72.78,45.0502,0.9800000000000004,0.03300000000000003,0.7000000000000028,1.2051134068217233
all,Small,long_only,vw,10,10,53.7813,19.22,28.55,0.544,-72.1,3.9,1774.1,0.0,2668,0,272,18.21,0.511,-72.81,44.3844,1.009999999999998,0.03300000000000003,0.710000000000008,1.2117162786925137
all,Small,long_only,vw,10,20,53.2766,19.17,28.55,0.543,-72.12,3.9,1774.1,0.0,2668,0,272,18.14,0.508,-72.84,43.7284,1.0300000000000011,0.03500000000000003,0.7199999999999989,1.2183523751154857
all,Small,long_only,vw,10,50,51.7895,19.02,28.54,0.538,-72.17,3.9,1774.1,0.0,2668,0,272,17.9,0.501,-72.92,41.817,1.120000000000001,0.03700000000000003,0.75,1.2384795657268575
all,Small,long_only,vw,10,100,49.399,18.77,28.53,0.531,-72.25,3.9,1774.1,0.0,2668,0,272,17.52,0.49,-73.06,38.8125,1.25,0.041000000000000036,0.8100000000000023,1.2727600644122383
all,Small,long_only,vw,11,0,51.653,19.01,28.29,0.54,-70.57,3.8,1781.0,0.0,2804,0,272,18.29,0.513,-72.78,45.0502,0.7200000000000024,0.027000000000000024,2.210000000000008,1.1465653870571053
all,Small,long_only,vw,11,10,51.1931,18.96,28.28,0.538,-70.59,3.8,1781.0,0.0,2804,0,272,18.21,0.511,-72.81,44.3844,0.75,0.027000000000000024,2.219999999999999,1.1534029974495543
all,Small,long_only,vw,11,20,50.7371,18.91,28.28,0.537,-70.6,3.8,1781.0,0.0,2804,0,272,18.14,0.508,-72.84,43.7284,0.7699999999999996,0.029000000000000026,2.240000000000009,1.1602779886755517
all,Small,long_only,vw,11,50,49.3923,18.77,28.27,0.533,-70.65,3.8,1781.0,0.0,2804,0,272,17.9,0.501,-72.92,41.817,0.870000000000001,0.03200000000000003,2.269999999999996,1.1811535978190688
all,Small,long_only,vw,11,100,47.2264,18.54,28.26,0.526,-70.72,3.8,1781.0,0.0,2804,0,272,17.52,0.49,-73.06,38.8125,1.0199999999999996,0.03600000000000003,2.3400000000000034,1.2167832528180353
all,Small,long_only,vw,12,0,51.5457,19.0,28.84,0.536,-71.73,3.7,1682.5,0.0,2804,0,272,18.29,0.513,-72.78,45.0502,0.7100000000000009,0.02300000000000002,1.0499999999999972,1.1441835996288585
all,Small,long_only,vw,12,10,51.0734,18.95,28.84,0.534,-71.75,3.7,1682.5,0.0,2804,0,272,18.21,0.511,-72.81,44.3844,0.7399999999999984,0.02300000000000002,1.0600000000000023,1.1507061039464317
all,Small,long_only,vw,12,20,50.6053,18.9,28.84,0.533,-71.77,3.7,1682.5,0.0,2804,0,272,18.14,0.508,-72.84,43.7284,0.759999999999998,0.025000000000000022,1.0700000000000074,1.157263929162741
all,Small,long_only,vw,12,50,49.2252,18.76,28.85,0.528,-71.83,3.7,1682.5,0.0,2804,0,272,17.9,0.501,-72.92,41.817,0.860000000000003,0.027000000000000024,1.0900000000000034,1.1771576153239114
all,Small,long_only,vw,12,100,47.0042,18.51,28.87,0.521,-71.92,3.7,1682.5,0.0,2804,0,272,17.52,0.49,-73.06,38.8125,0.990000000000002,0.031000000000000028,1.1400000000000006,1.2110582930756844
all,Value,long_only,vw,1,0,58.5832,19.67,33.69,0.518,-67.01,11.3,500.7,0.0,814,0,272,19.67,0.518,-67.01,58.5832,0.0,0.0,0.0,1.0
all,Value,long_only,vw,1,10,56.8814,19.52,33.69,0.514,-67.1,11.3,500.7,0.0,814,0,272,19.52,0.514,-67.1,56.8814,0.0,0.0,0.0,1.0
all,Value,long_only,vw,1,20,55.2276,19.36,33.69,0.51,-67.19,11.3,500.7,0.0,814,0,272,19.36,0.51,-67.19,55.2276,0.0,0.0,0.0,1.0
all,Value,long_only,vw,1,50,50.5416,18.89,33.7,0.498,-67.47,11.3,500.7,0.0,814,0,272,18.89,0.498,-67.47,50.5416,0.0,0.0,0.0,1.0
all,Value,long_only,vw,1,100,43.5759,18.12,33.71,0.478,-67.92,11.3,500.7,0.0,814,0,272,18.12,0.478,-67.92,43.5759,0.0,0.0,0.0,1.0
all,Value,long_only,vw,2,0,59.4058,19.74,33.58,0.52,-67.0,10.4,501.0,0.0,811,0,272,19.67,0.518,-67.01,58.5832,0.06999999999999673,0.0020000000000000018,0.010000000000005116,1.0140415682311652
all,Value,long_only,vw,2,10,57.8285,19.6,33.58,0.516,-67.08,10.4,501.0,0.0,811,0,272,19.52,0.514,-67.1,56.8814,0.08000000000000185,0.0020000000000000018,0.01999999999999602,1.0166504340610463
all,Value,long_only,vw,2,20,56.2916,19.46,33.58,0.513,-67.17,10.4,501.0,0.0,811,0,272,19.36,0.51,-67.19,55.2276,0.10000000000000142,0.0030000000000000027,0.01999999999999602,1.0192657294541134
all,Value,long_only,vw,2,50,51.914,19.03,33.59,0.502,-67.41,10.4,501.0,0.0,811,0,272,18.89,0.498,-67.47,50.5416,0.14000000000000057,0.0040000000000000036,0.060000000000002274,1.0271538692878737
all,Value,long_only,vw,2,100,45.3384,18.33,33.6,0.484,-67.82,10.4,501.0,0.0,811,0,272,18.12,0.478,-67.92,43.5759,0.2099999999999973,0.006000000000000005,0.10000000000000853,1.0404466689156162
all,Value,long_only,vw,3,0,58.5067,19.66,33.58,0.518,-66.9,10.1,501.1,0.0,811,0,272,19.67,0.518,-67.01,58.5832,-0.010000000000001563,0.0,0.10999999999999943,0.9986941648800339
all,Value,long_only,vw,3,10,56.992,19.53,33.58,0.515,-66.98,10.1,501.1,0.0,811,0,272,19.52,0.514,-67.1,56.8814,0.010000000000001563,0.0010000000000000009,0.11999999999999034,1.001944396586582
all,Value,long_only,vw,3,20,55.5152,19.39,33.58,0.511,-67.06,10.1,501.1,0.0,811,0,272,19.36,0.51,-67.19,55.2276,0.030000000000001137,0.0010000000000000009,0.12999999999999545,1.0052075411569577
all,Value,long_only,vw,3,50,51.3026,18.97,33.59,0.501,-67.3,10.1,501.1,0.0,811,0,272,18.89,0.498,-67.47,50.5416,0.0799999999999983,0.0030000000000000027,0.1700000000000017,1.0150569036199881
all,Value,long_only,vw,3,100,44.9571,18.28,33.6,0.483,-67.7,10.1,501.1,0.0,811,0,272,18.12,0.478,-67.92,43.5759,0.16000000000000014,0.0050000000000000044,0.21999999999999886,1.0316964193510634
all,Value,long_only,vw,4,0,60.4555,19.84,33.49,0.523,-66.61,9.8,502.0,0.0,899,0,272,19.67,0.518,-67.01,58.5832,0.16999999999999815,0.0050000000000000044,0.4000000000000057,1.0319596744459163
all,Value,long_only,vw,4,10,58.935,19.7,33.49,0.519,-66.69,9.8,502.0,0.0,899,0,272,19.52,0.514,-67.1,56.8814,0.17999999999999972,0.0050000000000000044,0.4099999999999966,1.0361031901465154
all,Value,long_only,vw,4,20,57.4513,19.57,33.5,0.516,-66.76,9.8,502.0,0.0,899,0,272,19.36,0.51,-67.19,55.2276,0.21000000000000085,0.006000000000000005,0.4299999999999926,1.0402642881457822
all,Value,long_only,vw,4,50,53.2126,19.16,33.51,0.506,-67.0,9.8,502.0,0.0,899,0,272,18.89,0.498,-67.47,50.5416,0.2699999999999996,0.008000000000000007,0.46999999999999886,1.052847555281194
all,Value,long_only,vw,4,100,46.8077,18.49,33.53,0.489,-67.39,9.8,502.0,0.0,899,0,272,18.12,0.478,-67.92,43.5759,0.36999999999999744,0.01100000000000001,0.5300000000000011,1.0741648480008446
all,Value,long_only,vw,5,0,47.1476,18.53,33.26,0.491,-66.5,9.5,493.6,0.0,811,0,272,19.67,0.518,-67.01,58.5832,-1.1400000000000006,-0.027000000000000024,0.5100000000000051,0.8047972797662128
all,Value,long_only,vw,5,10,45.983,18.4,33.26,0.487,-66.89,9.5,493.6,0.0,811,0,272,19.52,0.514,-67.1,56.8814,-1.120000000000001,-0.027000000000000024,0.20999999999999375,0.8084013403326922
all,Value,long_only,vw,5,20,44.846,18.27,33.27,0.484,-67.27,9.5,493.6,0.0,811,0,272,19.36,0.51,-67.19,55.2276,-1.0899999999999999,-0.026000000000000023,-0.0799999999999983,0.8120215254691494
all,Value,long_only,vw,5,50,41.5942,17.88,33.28,0.474,-68.4,9.5,493.6,0.0,811,0,272,18.89,0.498,-67.47,50.5416,-1.0100000000000016,-0.02400000000000002,-0.9300000000000068,0.8229695933646738
all,Value,long_only,vw,5,100,36.6707,17.22,33.31,0.457,-70.2,9.5,493.6,0.0,811,0,272,18.12,0.478,-67.92,43.5759,-0.9000000000000021,-0.020999999999999963,-2.280000000000001,0.8415362620163898
all,Value,long_only,vw,6,0,59.03,19.71,33.49,0.52,-66.91,9.5,502.0,0.0,811,0,272,19.67,0.518,-67.01,58.5832,0.03999999999999915,0.0020000000000000018,0.10000000000000853,1.0076267598902076
all,Value,long_only,vw,6,10,57.6027,19.58,33.48,0.516,-66.98,9.5,502.0,0.0,811,0,272,19.52,0.514,-67.1,56.8814,0.05999999999999872,0.0020000000000000018,0.11999999999999034,1.0126807708671024
all,Value,long_only,vw,6,20,56.2085,19.45,33.48,0.513,-67.06,9.5,502.0,0.0,811,0,272,19.36,0.51,-67.19,55.2276,0.08999999999999986,0.0030000000000000027,0.12999999999999545,1.0177610470127254
all,Value,long_only,vw,6,50,52.2172,19.07,33.48,0.503,-67.27,9.5,502.0,0.0,811,0,272,18.89,0.498,-67.47,50.5416,0.17999999999999972,0.0050000000000000044,0.20000000000000284,1.0331528879180714
all,Value,long_only,vw,6,100,46.1612,18.42,33.49,0.487,-67.62,9.5,502.0,0.0,811,0,272,18.12,0.478,-67.92,43.5759,0.3000000000000007,0.009000000000000008,0.29999999999999716,1.059328665615627
all,Value,long_only,vw,7,0,61.9335,19.97,32.9,0.53,-66.68,9.1,491.8,0.0,904,0,272,19.67,0.518,-67.01,58.5832,0.29999999999999716,0.01200000000000001,0.3299999999999983,1.0571887503584647
all,Value,long_only,vw,7,10,60.4698,19.84,32.91,0.527,-66.76,9.1,491.8,0.0,904,0,272,19.52,0.514,-67.1,56.8814,0.3200000000000003,0.013000000000000012,0.3399999999999892,1.0630856483841817
all,Value,long_only,vw,7,20,59.0392,19.71,32.91,0.523,-66.84,9.1,491.8,0.0,904,0,272,19.36,0.51,-67.19,55.2276,0.3500000000000014,0.013000000000000012,0.3499999999999943,1.0690162165294164
all,Value,long_only,vw,7,50,54.9389,19.33,32.93,0.514,-67.08,9.1,491.8,0.0,904,0,272,18.89,0.498,-67.47,50.5416,0.4399999999999977,0.016000000000000014,0.39000000000000057,1.0870035772512148
all,Value,long_only,vw,7,100,48.7034,18.7,32.96,0.497,-67.47,9.1,491.8,0.0,904,0,272,18.12,0.478,-67.92,43.5759,0.5799999999999983,0.019000000000000017,0.45000000000000284,1.117668252405573
all,Value,long_only,vw,8,0,64.4668,20.18,33.21,0.533,-66.81,9.1,496.1,0.0,904,0,272,19.67,0.518,-67.01,58.5832,0.509999999999998,0.015000000000000013,0.20000000000000284,1.1004315230304935
all,Value,long_only,vw,8,10,62.9044,20.05,33.22,0.53,-66.88,9.1,496.1,0.0,904,0,272,19.52,0.514,-67.1,56.8814,0.5300000000000011,0.016000000000000014,0.21999999999999886,1.105886985904004
all,Value,long_only,vw,8,20,61.3781,19.92,33.23,0.526,-66.95,9.1,496.1,0.0,904,0,272,19.36,0.51,-67.19,55.2276,0.5600000000000023,0.016000000000000014,0.23999999999999488,1.1113664182401553
all,Value,long_only,vw,8,50,57.0084,19.53,33.27,0.516,-67.16,9.1,496.1,0.0,904,0,272,18.89,0.498,-67.47,50.5416,0.6400000000000006,0.018000000000000016,0.3100000000000023,1.1279500451113538
all,Value,long_only,vw,8,100,50.3776,18.88,33.33,0.5,-67.5,9.1,496.1,0.0,904,0,272,18.12,0.478,-67.92,43.5759,0.759999999999998,0.02200000000000002,0.4200000000000017,1.1560885718940974
all,Value,long_only,vw,9,0,54.0397,19.25,32.95,0.511,-66.38,8.9,492.3,0.0,811,0,272,19.67,0.518,-67.01,58.5832,-0.4200000000000017,-0.007000000000000006,0.6300000000000097,0.92244363571809
all,Value,long_only,vw,9,10,52.8384,19.13,32.94,0.508,-66.44,8.9,492.3,0.0,811,0,272,19.52,0.514,-67.1,56.8814,-0.39000000000000057,-0.006000000000000005,0.6599999999999966,0.9289222839100304
all,Value,long_only,vw,9,20,51.6626,19.01,32.93,0.505,-66.5,8.9,492.3,0.0,811,0,272,19.36,0.51,-67.19,55.2276,-0.34999999999999787,-0.0050000000000000044,0.6899999999999977,0.9354489421955688
all,Value,long_only,vw,9,50,48.283,18.65,32.91,0.496,-66.69,8.9,492.3,0.0,811,0,272,18.89,0.498,-67.47,50.5416,-0.240000000000002,-0.0020000000000000018,0.7800000000000011,0.9553120597685867
all,Value,long_only,vw,9,100,43.1137,18.06,32.88,0.481,-66.99,8.9,492.3,0.0,811,0,272,18.12,0.478,-67.92,43.5759,-0.060000000000002274,0.0030000000000000027,0.9300000000000068,0.9893932196466396
all,Value,long_only,vw,10,0,59.1946,19.73,32.66,0.525,-65.68,9.0,491.7,0.0,811,0,272,19.67,0.518,-67.01,58.5832,0.05999999999999872,0.007000000000000006,1.3299999999999983,1.010436439115651
all,Value,long_only,vw,10,10,57.8447,19.6,32.66,0.522,-65.73,9.0,491.7,0.0,811,0,272,19.52,0.514,-67.1,56.8814,0.08000000000000185,0.008000000000000007,1.3699999999999903,1.0169352371777067
all,Value,long_only,vw,10,20,56.5242,19.48,32.66,0.519,-65.77,9.0,491.7,0.0,811,0,272,19.36,0.51,-67.19,55.2276,0.120000000000001,0.009000000000000008,1.4200000000000017,1.023477391738913
all,Value,long_only,vw,10,50,52.7325,19.12,32.65,0.509,-65.89,9.0,491.7,0.0,811,0,272,18.89,0.498,-67.47,50.5416,0.23000000000000043,0.01100000000000001,1.5799999999999983,1.0433484495939978
all,Value,long_only,vw,10,100,46.9454,18.51,32.65,0.494,-66.1,9.0,491.7,0.0,811,0,272,18.12,0.478,-67.92,43.5759,0.39000000000000057,0.016000000000000014,1.8200000000000074,1.077324851580805
all,Value,long_only,vw,11,0,48.014,18.63,33.26,0.493,-68.06,8.7,483.7,0.0,904,0,272,19.67,0.518,-67.01,58.5832,-1.0400000000000027,-0.025000000000000022,-1.0499999999999972,0.8195865026150843
all,Value,long_only,vw,11,10,46.9714,18.51,33.25,0.491,-68.11,8.7,483.7,0.0,904,0,272,19.52,0.514,-67.1,56.8814,-1.009999999999998,-0.02300000000000002,-1.0100000000000051,0.8257778465368293
all,Value,long_only,vw,11,20,45.9504,18.4,33.24,0.488,-68.16,8.7,483.7,0.0,904,0,272,19.36,0.51,-67.19,55.2276,-0.9600000000000009,-0.02200000000000002,-0.9699999999999989,0.8320187732220846
all,Value,long_only,vw,11,50,43.0126,18.05,33.22,0.479,-68.3,8.7,483.7,0.0,904,0,272,18.89,0.498,-67.47,50.5416,-0.8399999999999999,-0.019000000000000017,-0.8299999999999983,0.8510336040014561
all,Value,long_only,vw,11,100,38.5091,17.48,33.19,0.464,-68.55,8.7,483.7,0.0,904,0,272,18.12,0.478,-67.92,43.5759,-0.6400000000000006,-0.013999999999999957,-0.6299999999999955,0.8837247193976486
all,Value,long_only,vw,12,0,63.8328,20.13,33.14,0.532,-65.61,8.8,504.1,0.0,904,0,272,19.67,0.518,-67.01,58.5832,0.4599999999999973,0.014000000000000012,1.4000000000000057,1.0896093077878983
all,Value,long_only,vw,12,10,62.3953,20.0,33.14,0.529,-65.67,8.8,504.1,0.0,904,0,272,19.52,0.514,-67.1,56.8814,0.4800000000000004,0.015000000000000013,1.4299999999999926,1.096936784256365
all,Value,long_only,vw,12,20,60.9887,19.88,33.14,0.526,-65.74,8.8,504.1,0.0,904,0,272,19.36,0.51,-67.19,55.2276,0.5199999999999996,0.016000000000000014,1.4500000000000028,1.1043155958252757
all,Value,long_only,vw,12,50,56.9474,19.52,33.15,0.517,-65.93,8.8,504.1,0.0,904,0,272,18.89,0.498,-67.47,50.5416,0.629999999999999,0.019000000000000017,1.539999999999992,1.126743118539975
all,Value,long_only,vw,12,100,50.7716,18.92,33.17,0.501,-66.26,8.8,504.1,0.0,904,0,272,18.12,0.478,-67.92,43.5759,0.8000000000000007,0.02300000000000002,1.6599999999999966,1.1651302669594892
all,Robust profitability,long_only,vw,1,0,24.0934,15.07,23.61,0.453,-70.88,10.3,475.0,0.0,512,0,272,15.07,0.453,-70.88,24.0934,0.0,0.0,0.0,1.0
all,Robust profitability,long_only,vw,1,10,23.4503,14.93,23.61,0.448,-70.94,10.3,475.0,0.0,512,0,272,14.93,0.448,-70.94,23.4503,0.0,0.0,0.0,1.0
all,Robust profitability,long_only,vw,1,20,22.8242,14.8,23.61,0.443,-71.0,10.3,475.0,0.0,512,0,272,14.8,0.443,-71.0,22.8242,0.0,0.0,0.0,1.0
all,Robust profitability,long_only,vw,1,50,21.0432,14.39,23.62,0.427,-71.17,10.3,475.0,0.0,512,0,272,14.39,0.427,-71.17,21.0432,0.0,0.0,0.0,1.0
all,Robust profitability,long_only,vw,1,100,18.3749,13.7,23.65,0.402,-71.45,10.3,475.0,0.0,512,0,272,13.7,0.402,-71.45,18.3749,0.0,0.0,0.0,1.0
all,Robust profitability,long_only,vw,2,0,33.6275,16.78,23.54,0.517,-69.94,8.7,470.2,0.0,426,0,272,15.07,0.453,-70.88,24.0934,1.7100000000000009,0.064,0.9399999999999977,1.3957141789867764
all,Robust profitability,long_only,vw,2,10,32.8775,16.66,23.54,0.512,-69.99,8.7,470.2,0.0,426,0,272,14.93,0.448,-70.94,23.4503,1.7300000000000004,0.064,0.9500000000000028,1.4020076502219587
all,Robust profitability,long_only,vw,2,20,32.1439,16.54,23.54,0.508,-70.03,8.7,470.2,0.0,426,0,272,14.8,0.443,-71.0,22.8242,1.7399999999999984,0.065,0.9699999999999989,1.4083253739451986
all,Robust profitability,long_only,vw,2,50,30.0381,16.2,23.55,0.495,-70.17,8.7,470.2,0.0,426,0,272,14.39,0.427,-71.17,21.0432,1.8099999999999987,0.068,1.0,1.4274492472627738
all,Robust profitability,long_only,vw,2,100,26.8257,15.62,23.56,0.474,-70.4,8.7,470.2,0.0,426,0,272,13.7,0.402,-71.45,18.3749,1.92,0.07199999999999995,1.0499999999999972,1.4599099859046853
all,Robust profitability,long_only,vw,3,0,38.067,17.42,23.49,0.541,-69.76,7.8,465.9,0.0,426,0,272,15.07,0.453,-70.88,24.0934,2.3500000000000014,0.08800000000000002,1.1199999999999903,1.5799762590584974
all,Robust profitability,long_only,vw,3,10,37.2941,17.31,23.5,0.537,-69.81,7.8,465.9,0.0,426,0,272,14.93,0.448,-70.94,23.4503,2.379999999999999,0.08900000000000002,1.1299999999999955,1.59034639215703
all,Robust profitability,long_only,vw,3,20,36.5365,17.2,23.5,0.533,-69.86,7.8,465.9,0.0,426,0,272,14.8,0.443,-71.0,22.8242,2.3999999999999986,0.09000000000000002,1.1400000000000006,1.6007789977304787
all,Robust profitability,long_only,vw,3,50,34.353,16.89,23.53,0.521,-70.02,7.8,465.9,0.0,426,0,272,14.39,0.427,-71.17,21.0432,2.5,0.09400000000000003,1.1500000000000057,1.6324988594890513
all,Robust profitability,long_only,vw,3,100,30.994,16.36,23.56,0.501,-70.28,7.8,465.9,0.0,426,0,272,13.7,0.402,-71.45,18.3749,2.66,0.09899999999999998,1.1700000000000017,1.6867574789522664
all,Robust profitability,long_only,vw,4,0,40.1571,17.69,23.63,0.549,-69.25,7.4,461.9,0.0,512,0,272,15.07,0.453,-70.88,24.0934,2.620000000000001,0.09600000000000003,1.6299999999999955,1.6667261573708982
all,Robust profitability,long_only,vw,4,10,39.3889,17.59,23.64,0.545,-69.3,7.4,461.9,0.0,512,0,272,14.93,0.448,-70.94,23.4503,2.66,0.09700000000000003,1.6400000000000006,1.6796757397559947
all,Robust profitability,long_only,vw,4,20,38.635,17.49,23.65,0.541,-69.35,7.4,461.9,0.0,512,0,272,14.8,0.443,-71.0,22.8242,2.6899999999999977,0.09800000000000003,1.6500000000000057,1.6927208839740273
all,Robust profitability,long_only,vw,4,50,36.4568,17.19,23.68,0.53,-69.5,7.4,461.9,0.0,512,0,272,14.39,0.427,-71.17,21.0432,2.8000000000000007,0.10300000000000004,1.6700000000000017,1.7324741484184916
all,Robust profitability,long_only,vw,4,100,33.0897,16.69,23.72,0.511,-69.75,7.4,461.9,0.0,512,0,272,13.7,0.402,-71.45,18.3749,2.990000000000002,0.10899999999999999,1.7000000000000028,1.800809800325444
all,Robust profitability,long_only,vw,5,0,40.9756,17.8,23.3,0.557,-68.04,6.7,471.0,0.0,426,0,272,15.07,0.453,-70.88,24.0934,2.7300000000000004,0.10400000000000004,2.839999999999989,1.700698116496634
all,Robust profitability,long_only,vw,5,10,40.2718,17.71,23.3,0.554,-68.08,6.7,471.0,0.0,426,0,272,14.93,0.448,-70.94,23.4503,2.780000000000001,0.10600000000000004,2.8599999999999994,1.7173255779243763
all,Robust profitability,long_only,vw,5,20,39.5796,17.62,23.31,0.55,-68.11,6.7,471.0,0.0,426,0,272,14.8,0.443,-71.0,22.8242,2.8200000000000003,0.10700000000000004,2.8900000000000006,1.7341067813986908
all,Robust profitability,long_only,vw,5,50,37.5717,17.35,23.32,0.54,-68.22,6.7,471.0,0.0,426,0,272,14.39,0.427,-71.17,21.0432,2.960000000000001,0.11300000000000004,2.950000000000003,1.7854556341240877
all,Robust profitability,long_only,vw,5,100,34.4422,16.9,23.34,0.523,-68.39,6.7,471.0,0.0,426,0,272,13.7,0.402,-71.45,18.3749,3.1999999999999993,0.121,3.0600000000000023,1.8744156430783296
all,Robust profitability,long_only,vw,6,0,47.0708,18.52,23.4,0.582,-68.08,6.8,452.5,0.0,426,0,272,15.07,0.453,-70.88,24.0934,3.4499999999999993,0.12899999999999995,2.799999999999997,1.953680260984336
all,Robust profitability,long_only,vw,6,10,46.2506,18.43,23.4,0.579,-68.12,6.8,452.5,0.0,426,0,272,14.93,0.448,-70.94,23.4503,3.5,0.13099999999999995,2.819999999999993,1.9722818044971706
all,Robust profitability,long_only,vw,6,20,45.4443,18.34,23.41,0.576,-68.15,6.8,452.5,0.0,426,0,272,14.8,0.443,-71.0,22.8242,3.539999999999999,0.13299999999999995,2.8499999999999943,1.9910577369633984
all,Robust profitability,long_only,vw,6,50,43.1061,18.06,23.42,0.565,-68.27,6.8,452.5,0.0,426,0,272,14.39,0.427,-71.17,21.0432,3.669999999999998,0.13799999999999996,2.9000000000000057,2.048457458941606
all,Robust profitability,long_only,vw,6,100,39.466,17.6,23.43,0.548,-68.46,6.8,452.5,0.0,426,0,272,13.7,0.402,-71.45,18.3749,3.900000000000002,0.14600000000000002,2.990000000000009,2.14782121263245
all,Robust profitability,long_only,vw,7,0,42.1843,17.95,23.6,0.559,-69.72,6.4,472.1,0.0,512,0,272,15.07,0.453,-70.88,24.0934,2.879999999999999,0.10600000000000004,1.1599999999999966,1.7508653822208573
all,Robust profitability,long_only,vw,7,10,41.5015,17.87,23.6,0.556,-69.75,6.4,472.1,0.0,512,0,272,14.93,0.448,-70.94,23.4503,2.9400000000000013,0.10800000000000004,1.1899999999999977,1.76976413947796
all,Robust profitability,long_only,vw,7,20,40.8294,17.78,23.61,0.552,-69.78,6.4,472.1,0.0,512,0,272,14.8,0.443,-71.0,22.8242,2.9800000000000004,0.10900000000000004,1.2199999999999989,1.7888644508898448
all,Robust profitability,long_only,vw,7,50,38.8754,17.53,23.62,0.543,-69.87,6.4,472.1,0.0,512,0,272,14.39,0.427,-71.17,21.0432,3.1400000000000006,0.11600000000000005,1.2999999999999972,1.8474091392944039
all,Robust profitability,long_only,vw,7,100,35.8173,17.1,23.65,0.527,-70.02,6.4,472.1,0.0,512,0,272,13.7,0.402,-71.45,18.3749,3.400000000000002,0.125,1.4300000000000068,1.9492514244975485
all,Robust profitability,long_only,vw,8,0,41.7394,17.89,23.63,0.556,-68.82,6.1,456.3,0.0,440,0,272,15.07,0.453,-70.88,24.0934,2.8200000000000003,0.10300000000000004,2.0600000000000023,1.7323997443283226
all,Robust profitability,long_only,vw,8,10,41.0834,17.81,23.63,0.553,-68.86,6.1,456.3,0.0,440,0,272,14.93,0.448,-70.94,23.4503,2.879999999999999,0.10500000000000004,2.0799999999999983,1.751934943262986
all,Robust profitability,long_only,vw,8,20,40.4374,17.73,23.64,0.55,-68.9,6.1,456.3,0.0,440,0,272,14.8,0.443,-71.0,22.8242,2.9299999999999997,0.10700000000000004,2.0999999999999943,1.7716896977769208
all,Robust profitability,long_only,vw,8,50,38.5573,17.48,23.66,0.541,-69.01,6.1,456.3,0.0,440,0,272,14.39,0.427,-71.17,21.0432,3.09,0.11400000000000005,2.1599999999999966,1.8322926170924574
all,Robust profitability,long_only,vw,8,100,35.6094,17.07,23.7,0.525,-69.19,6.1,456.3,0.0,440,0,272,13.7,0.402,-71.45,18.3749,3.370000000000001,0.123,2.260000000000005,1.9379370772085835
all,Robust profitability,long_only,vw,9,0,43.9681,18.17,23.18,0.572,-66.9,6.0,463.3,0.0,426,0,272,15.07,0.453,-70.88,24.0934,3.1000000000000014,0.11899999999999994,3.9799999999999898,1.8249022553894427
all,Robust profitability,long_only,vw,9,10,43.3107,18.09,23.18,0.569,-66.95,6.0,463.3,0.0,426,0,272,14.93,0.448,-70.94,23.4503,3.16,0.12099999999999994,3.989999999999995,1.846914538406758
all,Robust profitability,long_only,vw,9,20,42.6627,18.01,23.17,0.566,-67.01,6.0,463.3,0.0,426,0,272,14.8,0.443,-71.0,22.8242,3.210000000000001,0.12299999999999994,3.989999999999995,1.869187090894752
all,Robust profitability,long_only,vw,9,50,40.7742,17.77,23.16,0.558,-67.17,6.0,463.3,0.0,426,0,272,14.39,0.427,-71.17,21.0432,3.379999999999999,0.13100000000000006,4.0,1.9376425638686132
all,Robust profitability,long_only,vw,9,100,37.8037,17.38,23.15,0.543,-67.43,6.0,463.3,0.0,426,0,272,13.7,0.402,-71.45,18.3749,3.6799999999999997,0.14100000000000001,4.019999999999996,2.0573554141791246
all,Robust profitability,long_only,vw,10,0,42.6892,18.01,22.86,0.572,-67.38,5.9,463.5,0.0,426,0,272,15.07,0.453,-70.88,24.0934,2.9400000000000013,0.11899999999999994,3.5,1.7718213286626214
all,Robust profitability,long_only,vw,10,10,42.0597,17.93,22.86,0.569,-67.41,5.9,463.5,0.0,426,0,272,14.93,0.448,-70.94,23.4503,3.0,0.12099999999999994,3.530000000000001,1.7935676729082357
all,Robust profitability,long_only,vw,10,20,41.4391,17.86,22.86,0.566,-67.45,5.9,463.5,0.0,426,0,272,14.8,0.443,-71.0,22.8242,3.0599999999999987,0.12299999999999994,3.549999999999997,1.8155773258208394
all,Robust profitability,long_only,vw,10,50,39.6294,17.63,22.85,0.558,-67.55,5.9,463.5,0.0,426,0,272,14.39,0.427,-71.17,21.0432,3.2399999999999984,0.13100000000000006,3.6200000000000045,1.8832401916058394
all,Robust profitability,long_only,vw,10,100,36.7803,17.24,22.86,0.543,-67.71,5.9,463.5,0.0,426,0,272,13.7,0.402,-71.45,18.3749,3.539999999999999,0.14100000000000001,3.740000000000009,2.0016598729789004
all,Robust profitability,long_only,vw,11,0,46.2309,18.43,23.01,0.584,-65.83,5.7,460.4,0.0,440,0,272,15.07,0.453,-70.88,24.0934,3.3599999999999994,0.13099999999999995,5.049999999999997,1.9188200918093752
all,Robust profitability,long_only,vw,11,10,45.5801,18.35,23.01,0.582,-65.86,5.7,460.4,0.0,440,0,272,14.93,0.448,-70.94,23.4503,3.4200000000000017,0.13399999999999995,5.079999999999998,1.94368941975156
all,Robust profitability,long_only,vw,11,20,44.938,18.28,23.01,0.579,-65.89,5.7,460.4,0.0,440,0,272,14.8,0.443,-71.0,22.8242,3.4800000000000004,0.13599999999999995,5.109999999999999,1.9688751412973948
all,Robust profitability,long_only,vw,11,50,43.0631,18.06,23.0,0.571,-65.98,5.7,460.4,0.0,440,0,272,14.39,0.427,-71.17,21.0432,3.669999999999998,0.14399999999999996,5.189999999999998,2.046414043491484
all,Robust profitability,long_only,vw,11,100,40.103,17.69,23.0,0.557,-66.13,5.7,460.4,0.0,440,0,272,13.7,0.402,-71.45,18.3749,3.990000000000002,0.15500000000000003,5.320000000000007,2.1824880679622747
all,Robust profitability,long_only,vw,12,0,48.246,18.65,23.01,0.594,-66.96,5.5,427.5,0.0,440,0,272,15.07,0.453,-70.88,24.0934,3.5799999999999983,0.14099999999999996,3.9200000000000017,2.0024571044352397
all,Robust profitability,long_only,vw,12,10,47.5713,18.58,23.02,0.591,-66.99,5.5,427.5,0.0,440,0,272,14.93,0.448,-70.94,23.4503,3.6499999999999986,0.14299999999999996,3.950000000000003,2.0286009134211502
all,Robust profitability,long_only,vw,12,20,46.9056,18.5,23.02,0.588,-67.02,5.5,427.5,0.0,440,0,272,14.8,0.443,-71.0,22.8242,3.6999999999999993,0.14499999999999996,3.980000000000004,2.0550818867693064
all,Robust profitability,long_only,vw,12,50,44.9613,18.28,23.04,0.58,-67.13,5.5,427.5,0.0,440,0,272,14.39,0.427,-71.17,21.0432,3.8900000000000006,0.15299999999999997,4.040000000000006,2.136618955291971
all,Robust profitability,long_only,vw,12,100,41.8899,17.91,23.08,0.566,-67.3,5.5,427.5,0.0,440,0,272,13.7,0.402,-71.45,18.3749,4.210000000000001,0.16399999999999992,4.150000000000006,2.279734855699895
all,Conservative investment,long_only,vw,1,0,21.0237,14.38,26.44,0.409,-65.52,16.6,630.2,0.0,1054,0,272,14.38,0.409,-65.52,21.0237,0.0,0.0,0.0,1.0
all,Conservative investment,long_only,vw,1,10,20.11,14.16,26.45,0.401,-65.62,16.6,630.2,0.0,1054,0,272,14.16,0.401,-65.62,20.11,0.0,0.0,0.0,1.0
all,Conservative investment,long_only,vw,1,20,19.2352,13.93,26.46,0.394,-65.72,16.6,630.2,0.0,1054,0,272,13.93,0.394,-65.72,19.2352,0.0,0.0,0.0,1.0
all,Conservative investment,long_only,vw,1,50,16.8275,13.26,26.49,0.371,-66.03,16.6,630.2,0.0,1054,0,272,13.26,0.371,-66.03,16.8275,0.0,0.0,0.0,1.0
all,Conservative investment,long_only,vw,1,100,13.4525,12.15,26.56,0.333,-66.54,16.6,630.2,0.0,1054,0,272,12.15,0.333,-66.54,13.4525,0.0,0.0,0.0,1.0
all,Conservative investment,long_only,vw,2,0,29.5657,16.11,26.48,0.465,-65.01,15.1,626.6,0.0,1003,0,272,14.38,0.409,-65.52,21.0237,1.7299999999999986,0.05600000000000005,0.5099999999999909,1.4063033623957724
all,Conservative investment,long_only,vw,2,10,28.3978,15.91,26.49,0.459,-65.1,15.1,626.6,0.0,1003,0,272,14.16,0.401,-65.62,20.11,1.75,0.057999999999999996,0.5200000000000102,1.4121233217304825
all,Conservative investment,long_only,vw,2,20,27.2747,15.7,26.5,0.452,-65.19,15.1,626.6,0.0,1003,0,272,13.93,0.394,-65.72,19.2352,1.7699999999999996,0.057999999999999996,0.5300000000000011,1.4179577025453336
all,Conservative investment,long_only,vw,2,50,24.1578,15.08,26.53,0.431,-65.46,15.1,626.6,0.0,1003,0,272,13.26,0.371,-66.03,16.8275,1.8200000000000003,0.06,0.5700000000000074,1.4356143217946813
all,Conservative investment,long_only,vw,2,100,19.7149,14.06,26.6,0.397,-65.91,15.1,626.6,0.0,1003,0,272,12.15,0.333,-66.54,13.4525,1.9100000000000001,0.064,0.6300000000000097,1.4655194201821222
all,Conservative investment,long_only,vw,3,0,32.9376,16.67,26.5,0.484,-64.88,14.5,623.0,0.0,1003,0,272,14.38,0.409,-65.52,21.0237,2.290000000000001,0.07500000000000001,0.6400000000000006,1.5666890223890182
all,Conservative investment,long_only,vw,3,10,31.6772,16.47,26.52,0.477,-64.99,14.5,623.0,0.0,1003,0,272,14.16,0.401,-65.62,20.11,2.3099999999999987,0.07599999999999996,0.6300000000000097,1.5751964196916957
all,Conservative investment,long_only,vw,3,20,30.4634,16.27,26.53,0.47,-65.1,14.5,623.0,0.0,1003,0,272,13.93,0.394,-65.72,19.2352,2.34,0.07599999999999996,0.6200000000000045,1.583731908168358
all,Conservative investment,long_only,vw,3,50,27.0862,15.67,26.58,0.45,-65.42,14.5,623.0,0.0,1003,0,272,13.26,0.371,-66.03,16.8275,2.41,0.07900000000000001,0.6099999999999994,1.6096389838062695
all,Conservative investment,long_only,vw,3,100,22.2469,14.67,26.67,0.417,-65.95,14.5,623.0,0.0,1003,0,272,12.15,0.333,-66.54,13.4525,2.5199999999999996,0.08399999999999996,0.5900000000000034,1.6537372235643932
all,Conservative investment,long_only,vw,4,0,35.195,17.01,26.46,0.495,-64.75,13.9,620.1,0.0,1054,0,272,14.38,0.409,-65.52,21.0237,2.630000000000001,0.08600000000000002,0.769999999999996,1.6740630811893242
all,Conservative investment,long_only,vw,4,10,33.9005,16.82,26.47,0.489,-64.85,13.9,620.1,0.0,1054,0,272,14.16,0.401,-65.62,20.11,2.66,0.08799999999999997,0.7700000000000102,1.6857533565390355
all,Conservative investment,long_only,vw,4,20,32.6521,16.62,26.49,0.482,-64.96,13.9,620.1,0.0,1054,0,272,13.93,0.394,-65.72,19.2352,2.6900000000000013,0.08799999999999997,0.7600000000000051,1.697518091831642
all,Conservative investment,long_only,vw,4,50,29.1673,16.05,26.54,0.463,-65.27,13.9,620.1,0.0,1054,0,272,13.26,0.371,-66.03,16.8275,2.790000000000001,0.09200000000000003,0.7600000000000051,1.7333115436042192
all,Conservative investment,long_only,vw,4,100,24.1423,15.08,26.64,0.431,-65.79,13.9,620.1,0.0,1054,0,272,12.15,0.333,-66.54,13.4525,2.9299999999999997,0.09799999999999998,0.75,1.7946329678498418
all,Conservative investment,long_only,vw,5,0,40.335,17.72,26.54,0.517,-64.82,13.3,624.2,0.0,1003,0,272,14.38,0.409,-65.52,21.0237,3.339999999999998,0.10800000000000004,0.7000000000000028,1.9185490660540245
all,Conservative investment,long_only,vw,5,10,38.9395,17.53,26.55,0.511,-64.91,13.3,624.2,0.0,1003,0,272,14.16,0.401,-65.62,20.11,3.370000000000001,0.10999999999999999,0.710000000000008,1.9363252113376432
all,Conservative investment,long_only,vw,5,20,37.5904,17.35,26.55,0.505,-64.99,13.3,624.2,0.0,1003,0,272,13.93,0.394,-65.72,19.2352,3.4200000000000017,0.11099999999999999,0.730000000000004,1.9542505406754287
all,Conservative investment,long_only,vw,5,50,33.8076,16.8,26.58,0.487,-65.26,13.3,624.2,0.0,1003,0,272,13.26,0.371,-66.03,16.8275,3.540000000000001,0.11599999999999999,0.769999999999996,2.0090684890803745
all,Conservative investment,long_only,vw,5,100,28.3025,15.89,26.63,0.457,-65.7,13.3,624.2,0.0,1003,0,272,12.15,0.333,-66.54,13.4525,3.74,0.124,0.8400000000000034,2.103884036424456
all,Conservative investment,long_only,vw,6,0,41.9367,17.92,26.41,0.525,-64.53,13.3,612.8,0.0,1003,0,272,14.38,0.409,-65.52,21.0237,3.540000000000001,0.11600000000000005,0.9899999999999949,1.9947345139057349
all,Conservative investment,long_only,vw,6,10,40.4709,17.73,26.42,0.519,-64.63,13.3,612.8,0.0,1003,0,272,14.16,0.401,-65.62,20.11,3.5700000000000003,0.118,0.9900000000000091,2.0124763799104923
all,Conservative investment,long_only,vw,6,20,39.0544,17.55,26.43,0.513,-64.72,13.3,612.8,0.0,1003,0,272,13.93,0.394,-65.72,19.2352,3.620000000000001,0.119,1.0,2.0303610048244884
all,Conservative investment,long_only,vw,6,50,35.0853,16.99,26.47,0.495,-65.02,13.3,612.8,0.0,1003,0,272,13.26,0.371,-66.03,16.8275,3.7299999999999986,0.124,1.0100000000000051,2.084997771504977
all,Conservative investment,long_only,vw,6,100,29.3173,16.07,26.54,0.464,-65.5,13.3,612.8,0.0,1003,0,272,12.15,0.333,-66.54,13.4525,3.92,0.131,1.0400000000000063,2.1793198290280618
all,Conservative investment,long_only,vw,7,0,42.9817,18.05,26.63,0.526,-65.19,12.8,628.2,0.0,1056,0,272,14.38,0.409,-65.52,21.0237,3.67,0.11700000000000005,0.3299999999999983,2.044440322112663
all,Conservative investment,long_only,vw,7,10,41.5509,17.87,26.64,0.52,-65.19,12.8,628.2,0.0,1056,0,272,14.16,0.401,-65.62,20.11,3.710000000000001,0.119,0.4300000000000068,2.066181004475385
all,Conservative investment,long_only,vw,7,20,40.1659,17.7,26.65,0.514,-65.2,12.8,628.2,0.0,1056,0,272,13.93,0.394,-65.72,19.2352,3.7699999999999996,0.12,0.519999999999996,2.0881456912327403
all,Conservative investment,long_only,vw,7,50,36.2716,17.17,26.68,0.497,-65.21,12.8,628.2,0.0,1056,0,272,13.26,0.371,-66.03,16.8275,3.910000000000002,0.126,0.8200000000000074,2.1554954687267864
all,Conservative investment,long_only,vw,7,100,30.5734,16.29,26.76,0.468,-65.24,12.8,628.2,0.0,1056,0,272,12.15,0.333,-66.54,13.4525,4.139999999999999,0.135,1.3000000000000114,2.2726928080282476
all,Conservative investment,long_only,vw,8,0,37.9137,17.4,26.69,0.504,-65.29,12.7,611.1,0.0,1031,0,272,14.38,0.409,-65.52,21.0237,3.019999999999998,0.09500000000000003,0.22999999999998977,1.8033790436507369
all,Conservative investment,long_only,vw,8,10,36.6455,17.22,26.71,0.499,-65.31,12.7,611.1,0.0,1031,0,272,14.16,0.401,-65.62,20.11,3.0599999999999987,0.09799999999999998,0.3100000000000023,1.8222526106414718
all,Conservative investment,long_only,vw,8,20,35.4179,17.04,26.72,0.493,-65.33,12.7,611.1,0.0,1031,0,272,13.93,0.394,-65.72,19.2352,3.1099999999999994,0.09899999999999998,0.39000000000000057,1.8413065629678924
all,Conservative investment,long_only,vw,8,50,31.9676,16.52,26.76,0.475,-65.39,12.7,611.1,0.0,1031,0,272,13.26,0.371,-66.03,16.8275,3.26,0.10399999999999998,0.6400000000000006,1.8997236666171446
all,Conservative investment,long_only,vw,8,100,26.9221,15.64,26.84,0.446,-65.49,12.7,611.1,0.0,1031,0,272,12.15,0.333,-66.54,13.4525,3.49,0.11299999999999999,1.0500000000000114,2.0012711391934586
all,Conservative investment,long_only,vw,9,0,44.0331,18.17,26.31,0.532,-62.69,12.4,614.2,0.0,1003,0,272,14.38,0.409,-65.52,21.0237,3.790000000000001,0.12300000000000005,2.8299999999999983,2.094450548666505
all,Conservative investment,long_only,vw,9,10,42.6524,18.01,26.3,0.527,-62.74,12.4,614.2,0.0,1003,0,272,14.16,0.401,-65.62,20.11,3.8500000000000014,0.126,2.8800000000000026,2.1209547488811538
all,Conservative investment,long_only,vw,9,20,41.3131,17.84,26.3,0.522,-62.79,12.4,614.2,0.0,1003,0,272,13.93,0.394,-65.72,19.2352,3.91,0.128,2.9299999999999997,2.1477863500249543
all,Conservative investment,long_only,vw,9,50,37.5325,17.34,26.27,0.506,-62.94,12.4,614.2,0.0,1003,0,272,13.26,0.371,-66.03,16.8275,4.08,0.135,3.0900000000000034,2.2304263853810724
all,Conservative investment,long_only,vw,9,100,31.9563,16.51,26.25,0.479,-63.19,12.4,614.2,0.0,1003,0,272,12.15,0.333,-66.54,13.4525,4.360000000000001,0.14599999999999996,3.3500000000000085,2.3754915443226166
all,Conservative investment,long_only,vw,10,0,46.774,18.49,26.2,0.545,-64.2,12.4,610.4,0.0,1003,0,272,14.38,0.409,-65.52,21.0237,4.109999999999998,0.13600000000000007,1.3199999999999932,2.2248224622687727
all,Conservative investment,long_only,vw,10,10,45.2854,18.32,26.2,0.54,-64.29,12.4,610.4,0.0,1003,0,272,14.16,0.401,-65.62,20.11,4.16,0.139,1.3299999999999983,2.251884634510194
all,Conservative investment,long_only,vw,10,20,43.842,18.15,26.19,0.534,-64.37,12.4,610.4,0.0,1003,0,272,13.93,0.394,-65.72,19.2352,4.219999999999999,0.14,1.3499999999999943,2.279258858758942
all,Conservative investment,long_only,vw,10,50,39.7711,17.64,26.18,0.518,-64.63,12.4,610.4,0.0,1003,0,272,13.26,0.371,-66.03,16.8275,4.380000000000001,0.14700000000000002,1.4000000000000057,2.3634586242757387
all,Conservative investment,long_only,vw,10,100,33.7772,16.8,26.19,0.49,-65.06,12.4,610.4,0.0,1003,0,272,12.15,0.333,-66.54,13.4525,4.65,0.15699999999999997,1.480000000000004,2.510849284519606
all,Conservative investment,long_only,vw,11,0,42.0659,17.94,26.1,0.527,-65.03,12.2,610.2,0.0,1031,0,272,14.38,0.409,-65.52,21.0237,3.5600000000000005,0.11800000000000005,0.4899999999999949,2.000879959284046
all,Conservative investment,long_only,vw,11,10,40.7587,17.77,26.09,0.521,-65.09,12.2,610.2,0.0,1031,0,272,14.16,0.401,-65.62,20.11,3.6099999999999994,0.12,0.5300000000000011,2.0267876678269516
all,Conservative investment,long_only,vw,11,20,39.4903,17.61,26.09,0.516,-65.15,12.2,610.2,0.0,1031,0,272,13.93,0.394,-65.72,19.2352,3.6799999999999997,0.122,0.5699999999999932,2.0530225835967393
all,Conservative investment,long_only,vw,11,50,35.9075,17.11,26.08,0.5,-65.32,12.2,610.2,0.0,1031,0,272,13.26,0.371,-66.03,16.8275,3.8499999999999996,0.129,0.710000000000008,2.133858267716535
all,Conservative investment,long_only,vw,11,100,30.6162,16.29,26.07,0.473,-65.61,12.2,610.2,0.0,1031,0,272,12.15,0.333,-66.54,13.4525,4.139999999999999,0.13999999999999996,0.9300000000000068,2.275874372793161
all,Conservative investment,long_only,vw,12,0,43.7155,18.14,26.1,0.536,-64.34,12.1,593.0,0.0,1031,0,272,14.38,0.409,-65.52,21.0237,3.76,0.12700000000000006,1.1799999999999926,2.079343788200935
all,Conservative investment,long_only,vw,12,10,42.3185,17.97,26.12,0.53,-64.43,12.1,593.0,0.0,1031,0,272,14.16,0.401,-65.62,20.11,3.8099999999999987,0.129,1.1899999999999977,2.104351069119841
all,Conservative investment,long_only,vw,12,20,40.9642,17.8,26.13,0.524,-64.51,12.1,593.0,0.0,1031,0,272,13.93,0.394,-65.72,19.2352,3.870000000000001,0.13,1.2099999999999937,2.1296477291632008
all,Conservative investment,long_only,vw,12,50,37.1449,17.29,26.18,0.507,-64.77,12.1,593.0,0.0,1031,0,272,13.26,0.371,-66.03,16.8275,4.029999999999999,0.136,1.2600000000000051,2.2073926608230576
all,Conservative investment,long_only,vw,12,100,31.5224,16.44,26.27,0.479,-65.19,12.1,593.0,0.0,1031,0,272,12.15,0.333,-66.54,13.4525,4.290000000000001,0.14599999999999996,1.3500000000000085,2.343237316483925
all,Momentum winner,long_only,vw,1,0,105.6321,22.82,25.25,0.702,-66.94,49.0,605.1,0.0,899,0,272,22.82,0.702,-66.94,105.6321,0.0,0.0,0.0,1.0
all,Momentum winner,long_only,vw,1,10,92.7538,22.12,25.24,0.679,-67.17,49.0,605.1,0.0,899,0,272,22.12,0.679,-67.17,92.7538,0.0,0.0,0.0,1.0
all,Momentum winner,long_only,vw,1,20,81.4399,21.42,25.24,0.657,-67.39,49.0,605.1,0.0,899,0,272,21.42,0.657,-67.39,81.4399,0.0,0.0,0.0,1.0
all,Momentum winner,long_only,vw,1,50,55.1025,19.35,25.21,0.588,-68.05,49.0,605.1,0.0,899,0,272,19.35,0.588,-68.05,55.1025,0.0,0.0,0.0,1.0
all,Momentum winner,long_only,vw,1,100,28.6936,15.96,25.18,0.473,-69.13,49.0,605.1,0.0,899,0,272,15.96,0.473,-69.13,28.6936,0.0,0.0,0.0,1.0
all,Momentum winner,long_only,vw,2,0,98.8252,22.46,25.4,0.688,-69.3,33.0,599.9,0.0,889,0,272,22.82,0.702,-66.94,105.6321,-0.35999999999999943,-0.014000000000000012,-2.3599999999999994,0.93556030789883
all,Momentum winner,long_only,vw,2,10,90.5886,21.99,25.39,0.673,-69.43,33.0,599.9,0.0,889,0,272,22.12,0.679,-67.17,92.7538,-0.13000000000000256,-0.006000000000000005,-2.260000000000005,0.9766564819985812
all,Momentum winner,long_only,vw,2,20,83.0333,21.53,25.38,0.658,-69.56,33.0,599.9,0.0,889,0,272,21.42,0.657,-67.39,81.4399,0.10999999999999943,0.0010000000000000009,-2.1700000000000017,1.0195653481892784
all,Momentum winner,long_only,vw,2,50,63.9189,20.13,25.37,0.612,-69.96,33.0,599.9,0.0,889,0,272,19.35,0.588,-68.05,55.1025,0.7799999999999976,0.02400000000000002,-1.9099999999999966,1.16
all,Momentum winner,long_only,vw,2,100,41.2782,17.84,25.36,0.535,-70.61,33.0,599.9,0.0,889,0,272,15.96,0.473,-69.13,28.6936,1.879999999999999,0.062000000000000055,-1.480000000000004,1.4385856079404467
all,Momentum winner,long_only,vw,3,0,75.0695,20.99,25.6,0.637,-69.08,26.5,594.7,0.0,889,0,272,22.82,0.702,-66.94,105.6321,-1.8300000000000018,-0.06499999999999995,-2.1400000000000006,0.7106693893238893
all,Momentum winner,long_only,vw,3,10,70.0152,20.62,25.59,0.625,-69.17,26.5,594.7,0.0,889,0,272,22.12,0.679,-67.17,92.7538,-1.5,-0.05400000000000005,-2.0,0.7548499360673093
all,Momentum winner,long_only,vw,3,20,65.2975,20.25,25.58,0.613,-69.26,26.5,594.7,0.0,889,0,272,21.42,0.657,-67.39,81.4399,-1.1700000000000017,-0.04400000000000004,-1.8700000000000045,0.801787575868831
all,Momentum winner,long_only,vw,3,50,52.9489,19.14,25.56,0.577,-69.52,26.5,594.7,0.0,889,0,272,19.35,0.588,-68.05,55.1025,-0.21000000000000085,-0.01100000000000001,-1.4699999999999989,0.9609164738441995
all,Momentum winner,long_only,vw,3,100,37.292,17.31,25.55,0.516,-69.97,26.5,594.7,0.0,889,0,272,15.96,0.473,-69.13,28.6936,1.3499999999999979,0.04300000000000004,-0.8400000000000034,1.299662642540497
all,Momentum winner,long_only,vw,4,0,99.5935,22.51,25.17,0.693,-67.37,22.2,590.6,0.0,1024,0,272,22.82,0.702,-66.94,105.6321,-0.3099999999999987,-0.009000000000000008,-0.4300000000000068,0.9428336651453489
all,Momentum winner,long_only,vw,4,10,93.8181,22.18,25.19,0.682,-67.45,22.2,590.6,0.0,1024,0,272,22.12,0.679,-67.17,92.7538,0.05999999999999872,0.0030000000000000027,-0.28000000000000114,1.011474462501806
all,Momentum winner,long_only,vw,4,20,88.3726,21.86,25.21,0.671,-67.54,22.2,590.6,0.0,1024,0,272,21.42,0.657,-67.39,81.4399,0.4399999999999977,0.014000000000000012,-0.15000000000000568,1.085126578004148
all,Momentum winner,long_only,vw,4,50,73.8349,20.9,25.29,0.638,-67.79,22.2,590.6,0.0,1024,0,272,19.35,0.588,-68.05,55.1025,1.5499999999999972,0.050000000000000044,0.2599999999999909,1.3399555374075587
all,Momentum winner,long_only,vw,4,100,54.6603,19.31,25.43,0.584,-68.21,22.2,590.6,0.0,1024,0,272,15.96,0.473,-69.13,28.6936,3.349999999999998,0.11099999999999999,0.9200000000000017,1.9049648702149609
all,Momentum winner,long_only,vw,5,0,72.4691,20.8,25.23,0.636,-67.84,20.0,600.1,0.0,889,0,272,22.82,0.702,-66.94,105.6321,-2.0199999999999996,-0.06599999999999995,-0.9000000000000057,0.6860518724895179
all,Momentum winner,long_only,vw,5,10,68.7649,20.52,25.22,0.627,-67.9,20.0,600.1,0.0,889,0,272,22.12,0.679,-67.17,92.7538,-1.6000000000000014,-0.052000000000000046,-0.730000000000004,0.7413701648881231
all,Momentum winner,long_only,vw,5,20,65.2465,20.24,25.22,0.618,-67.96,20.0,600.1,0.0,889,0,272,21.42,0.657,-67.39,81.4399,-1.1800000000000033,-0.039000000000000035,-0.5699999999999932,0.8011613472020471
all,Momentum winner,long_only,vw,5,50,55.7171,19.41,25.21,0.59,-68.14,20.0,600.1,0.0,889,0,272,19.35,0.588,-68.05,55.1025,0.05999999999999872,0.0020000000000000018,-0.09000000000000341,1.011153758903861
all,Momentum winner,long_only,vw,5,100,42.7797,18.02,25.22,0.543,-68.44,20.0,600.1,0.0,889,0,272,15.96,0.473,-69.13,28.6936,2.0599999999999987,0.07000000000000006,0.6899999999999977,1.4909143502383806
all,Momentum winner,long_only,vw,6,0,83.032,21.53,25.37,0.658,-67.56,18.1,579.2,0.0,889,0,272,22.82,0.702,-66.94,105.6321,-1.2899999999999991,-0.04399999999999993,-0.6200000000000045,0.7860489377755436
all,Momentum winner,long_only,vw,6,10,79.2279,21.28,25.36,0.65,-67.63,18.1,579.2,0.0,889,0,272,22.12,0.679,-67.17,92.7538,-0.8399999999999999,-0.029000000000000026,-0.45999999999999375,0.8541741686054912
all,Momentum winner,long_only,vw,6,20,75.5942,21.02,25.35,0.642,-67.7,18.1,579.2,0.0,889,0,272,21.42,0.657,-67.39,81.4399,-0.40000000000000213,-0.015000000000000013,-0.3100000000000023,0.928220687893772
all,Momentum winner,long_only,vw,6,50,65.6423,20.27,25.31,0.618,-67.9,18.1,579.2,0.0,889,0,272,19.35,0.588,-68.05,55.1025,0.9199999999999982,0.030000000000000027,0.14999999999999147,1.1912762578830363
all,Momentum winner,long_only,vw,6,100,51.8271,19.03,25.28,0.576,-68.25,18.1,579.2,0.0,889,0,272,15.96,0.473,-69.13,28.6936,3.0700000000000003,0.10299999999999998,0.8799999999999955,1.8062250815512868
all,Momentum winner,long_only,vw,7,0,77.958,21.19,25.8,0.641,-70.72,16.2,601.0,0.0,1021,0,272,22.82,0.702,-66.94,105.6321,-1.629999999999999,-0.06099999999999994,-3.780000000000001,0.7380142967904643
all,Momentum winner,long_only,vw,7,10,74.6949,20.96,25.8,0.634,-70.74,16.2,601.0,0.0,1021,0,272,22.12,0.679,-67.17,92.7538,-1.1600000000000001,-0.04500000000000004,-3.569999999999993,0.8053028555164318
all,Momentum winner,long_only,vw,7,20,71.5649,20.73,25.8,0.626,-70.77,16.2,601.0,0.0,1021,0,272,21.42,0.657,-67.39,81.4399,-0.6900000000000013,-0.031000000000000028,-3.3799999999999955,0.8787449395198177
all,Momentum winner,long_only,vw,7,50,62.9212,20.05,25.82,0.604,-70.86,16.2,601.0,0.0,1021,0,272,19.35,0.588,-68.05,55.1025,0.6999999999999993,0.016000000000000014,-2.8100000000000023,1.1418937434780636
all,Momentum winner,long_only,vw,7,100,50.7216,18.91,25.87,0.566,-71.0,16.2,601.0,0.0,1021,0,272,15.96,0.473,-69.13,28.6936,2.9499999999999993,0.09299999999999997,-1.8700000000000045,1.7676973262330276
all,Momentum winner,long_only,vw,8,0,71.4568,20.72,25.21,0.634,-70.31,14.7,583.7,0.0,946,0,272,22.82,0.702,-66.94,105.6321,-2.1000000000000014,-0.06799999999999995,-3.3700000000000045,0.6764686113406815
all,Momentum winner,long_only,vw,8,10,68.7102,20.52,25.22,0.627,-70.35,14.7,583.7,0.0,946,0,272,22.12,0.679,-67.17,92.7538,-1.6000000000000014,-0.052000000000000046,-3.1799999999999926,0.7407804316373022
all,Momentum winner,long_only,vw,8,20,66.0659,20.31,25.24,0.62,-70.39,14.7,583.7,0.0,946,0,272,21.42,0.657,-67.39,81.4399,-1.110000000000003,-0.03700000000000003,-3.0,0.8112227544483724
all,Momentum winner,long_only,vw,8,50,58.7106,19.68,25.29,0.599,-70.51,14.7,583.7,0.0,946,0,272,19.35,0.588,-68.05,55.1025,0.3299999999999983,0.01100000000000001,-2.460000000000008,1.065479787668436
all,Momentum winner,long_only,vw,8,100,48.1783,18.64,25.38,0.563,-70.71,14.7,583.7,0.0,946,0,272,15.96,0.473,-69.13,28.6936,2.6799999999999997,0.08999999999999997,-1.5799999999999983,1.6790608358658377
all,Momentum winner,long_only,vw,9,0,65.1872,20.24,25.63,0.613,-70.6,14.2,588.6,0.0,889,0,272,22.82,0.702,-66.94,105.6321,-2.580000000000002,-0.08899999999999997,-3.6599999999999966,0.6171154412342461
all,Momentum winner,long_only,vw,9,10,62.8582,20.04,25.62,0.606,-70.63,14.2,588.6,0.0,889,0,272,22.12,0.679,-67.17,92.7538,-2.080000000000002,-0.07300000000000006,-3.4599999999999937,0.6776886769059596
all,Momentum winner,long_only,vw,9,20,60.6097,19.85,25.61,0.6,-70.65,14.2,588.6,0.0,889,0,272,21.42,0.657,-67.39,81.4399,-1.5700000000000003,-0.05700000000000005,-3.260000000000005,0.7442261102972867
all,Momentum winner,long_only,vw,9,50,54.3204,19.27,25.58,0.581,-70.73,14.2,588.6,0.0,889,0,272,19.35,0.588,-68.05,55.1025,-0.08000000000000185,-0.007000000000000006,-2.680000000000007,0.9858064516129033
all,Momentum winner,long_only,vw,9,100,45.2128,18.31,25.55,0.55,-70.87,14.2,588.6,0.0,889,0,272,15.96,0.473,-69.13,28.6936,2.349999999999998,0.07700000000000007,-1.740000000000009,1.5757102629157722
all,Momentum winner,long_only,vw,10,0,58.7288,19.68,25.64,0.592,-69.27,13.7,586.0,0.0,889,0,272,22.82,0.702,-66.94,105.6321,-3.1400000000000006,-0.10999999999999999,-2.3299999999999983,0.555974935649296
all,Momentum winner,long_only,vw,10,10,56.666,19.5,25.64,0.586,-69.32,13.7,586.0,0.0,889,0,272,22.12,0.679,-67.17,92.7538,-2.620000000000001,-0.09300000000000008,-2.1499999999999915,0.6109291479163118
all,Momentum winner,long_only,vw,10,20,54.6729,19.31,25.64,0.58,-69.37,13.7,586.0,0.0,889,0,272,21.42,0.657,-67.39,81.4399,-2.110000000000003,-0.07700000000000007,-1.980000000000004,0.6713281818862744
all,Momentum winner,long_only,vw,10,50,49.0901,18.74,25.64,0.561,-69.52,13.7,586.0,0.0,889,0,272,19.35,0.588,-68.05,55.1025,-0.610000000000003,-0.026999999999999913,-1.4699999999999989,0.8908869833492128
all,Momentum winner,long_only,vw,10,100,40.9826,17.8,25.65,0.53,-69.78,13.7,586.0,0.0,889,0,272,15.96,0.473,-69.13,28.6936,1.8399999999999999,0.05700000000000005,-0.6500000000000057,1.4282836590738004
all,Momentum winner,long_only,vw,11,0,59.0782,19.72,25.16,0.601,-68.57,12.7,585.6,0.0,946,0,272,22.82,0.702,-66.94,105.6321,-3.1000000000000014,-0.10099999999999998,-1.6299999999999955,0.5592826423028606
all,Momentum winner,long_only,vw,11,10,57.1705,19.54,25.15,0.596,-68.61,12.7,585.6,0.0,946,0,272,22.12,0.679,-67.17,92.7538,-2.580000000000002,-0.08300000000000007,-1.4399999999999977,0.6163682781729697
all,Momentum winner,long_only,vw,11,20,55.3219,19.37,25.15,0.59,-68.65,12.7,585.6,0.0,946,0,272,21.42,0.657,-67.39,81.4399,-2.0500000000000007,-0.06700000000000006,-1.2600000000000051,0.679297248645934
all,Momentum winner,long_only,vw,11,50,50.113,18.85,25.14,0.572,-68.78,12.7,585.6,0.0,946,0,272,19.35,0.588,-68.05,55.1025,-0.5,-0.016000000000000014,-0.730000000000004,0.9094505693934032
all,Momentum winner,long_only,vw,11,100,42.4588,17.98,25.15,0.543,-68.99,12.7,585.6,0.0,946,0,272,15.96,0.473,-69.13,28.6936,2.0199999999999996,0.07000000000000006,0.14000000000000057,1.479730671648033
all,Momentum winner,long_only,vw,12,0,66.1862,20.32,25.33,0.617,-68.23,11.4,548.5,0.0,946,0,272,22.82,0.702,-66.94,105.6321,-2.5,-0.08499999999999996,-1.2900000000000063,0.6265727936867675
all,Momentum winner,long_only,vw,12,10,64.2253,20.16,25.34,0.612,-68.3,11.4,548.5,0.0,946,0,272,22.12,0.679,-67.17,92.7538,-1.9600000000000009,-0.06700000000000006,-1.1299999999999955,0.6924276956847052
all,Momentum winner,long_only,vw,12,20,62.3199,20.0,25.34,0.607,-68.36,11.4,548.5,0.0,946,0,272,21.42,0.657,-67.39,81.4399,-1.4200000000000017,-0.050000000000000044,-0.9699999999999989,0.7652256449234344
all,Momentum winner,long_only,vw,12,50,56.9214,19.52,25.37,0.59,-68.55,11.4,548.5,0.0,946,0,272,19.35,0.588,-68.05,55.1025,0.16999999999999815,0.0020000000000000018,-0.5,1.0330093915884033
all,Momentum winner,long_only,vw,12,100,48.9007,18.72,25.42,0.563,-68.87,11.4,548.5,0.0,946,0,272,15.96,0.473,-69.13,28.6936,2.759999999999998,0.08999999999999997,0.2599999999999909,1.704237181810578
all,High asset turnover,long_only,vw,1,0,50.4292,18.88,22.95,0.602,-59.93,7.1,546.7,0.0,550,0,272,18.88,0.602,-59.93,50.4292,0.0,0.0,0.0,1.0
all,High asset turnover,long_only,vw,1,10,49.5291,18.79,22.95,0.599,-59.96,7.1,546.7,0.0,550,0,272,18.79,0.599,-59.96,49.5291,0.0,0.0,0.0,1.0
all,High asset turnover,long_only,vw,1,20,48.6447,18.69,22.95,0.595,-59.99,7.1,546.7,0.0,550,0,272,18.69,0.595,-59.99,48.6447,0.0,0.0,0.0,1.0
all,High asset turnover,long_only,vw,1,50,46.0836,18.41,22.95,0.584,-60.09,7.1,546.7,0.0,550,0,272,18.41,0.584,-60.09,46.0836,0.0,0.0,0.0,1.0
all,High asset turnover,long_only,vw,1,100,42.1065,17.94,22.96,0.567,-60.26,7.1,546.7,0.0,550,0,272,17.94,0.567,-60.26,42.1065,0.0,0.0,0.0,1.0
all,High asset turnover,long_only,vw,2,0,51.9362,19.04,22.91,0.608,-59.62,6.2,542.1,0.0,471,0,272,18.88,0.602,-59.93,50.4292,0.16000000000000014,0.006000000000000005,0.3100000000000023,1.0298834802059125
all,High asset turnover,long_only,vw,2,10,51.1239,18.95,22.91,0.605,-59.64,6.2,542.1,0.0,471,0,272,18.79,0.599,-59.96,49.5291,0.16000000000000014,0.006000000000000005,0.3200000000000003,1.0321992525606158
all,High asset turnover,long_only,vw,2,20,50.3241,18.87,22.91,0.602,-59.67,6.2,542.1,0.0,471,0,272,18.69,0.595,-59.99,48.6447,0.17999999999999972,0.007000000000000006,0.3200000000000003,1.0345238021819438
all,High asset turnover,long_only,vw,2,50,47.9974,18.62,22.91,0.593,-59.74,6.2,542.1,0.0,471,0,272,18.41,0.584,-60.09,46.0836,0.21000000000000085,0.009000000000000008,0.3500000000000014,1.0415288736123047
all,High asset turnover,long_only,vw,2,100,44.351,18.21,22.91,0.578,-59.87,6.2,542.1,0.0,471,0,272,17.94,0.567,-60.26,42.1065,0.2699999999999996,0.01100000000000001,0.39000000000000057,1.0533053091565436
all,High asset turnover,long_only,vw,3,0,52.216,19.07,22.96,0.609,-59.54,5.9,538.0,0.0,471,0,272,18.88,0.602,-59.93,50.4292,0.19000000000000128,0.007000000000000006,0.39000000000000057,1.0354318529740705
all,High asset turnover,long_only,vw,3,10,51.4358,18.99,22.96,0.606,-59.58,5.9,538.0,0.0,471,0,272,18.79,0.599,-59.96,49.5291,0.1999999999999993,0.007000000000000006,0.38000000000000256,1.0384965606078043
all,High asset turnover,long_only,vw,3,20,50.667,18.91,22.97,0.603,-59.62,5.9,538.0,0.0,471,0,272,18.69,0.595,-59.99,48.6447,0.21999999999999886,0.008000000000000007,0.37000000000000455,1.0415728743316333
all,High asset turnover,long_only,vw,3,50,48.4271,18.67,22.98,0.594,-59.73,5.9,538.0,0.0,471,0,272,18.41,0.584,-60.09,46.0836,0.26000000000000156,0.010000000000000009,0.36000000000000654,1.050853231952365
all,High asset turnover,long_only,vw,3,100,44.9067,18.28,23.0,0.579,-59.92,5.9,538.0,0.0,471,0,272,17.94,0.567,-60.26,42.1065,0.33999999999999986,0.01200000000000001,0.3399999999999963,1.0665027964803535
all,High asset turnover,long_only,vw,4,0,52.5239,19.1,22.86,0.611,-59.43,5.6,534.1,0.0,549,0,272,18.88,0.602,-59.93,50.4292,0.22000000000000242,0.009000000000000008,0.5,1.0415374425927835
all,High asset turnover,long_only,vw,4,10,51.7759,19.02,22.87,0.609,-59.46,5.6,534.1,0.0,549,0,272,18.79,0.599,-59.96,49.5291,0.23000000000000043,0.010000000000000009,0.5,1.0453632309086982
all,High asset turnover,long_only,vw,4,20,51.0383,18.95,22.87,0.606,-59.5,5.6,534.1,0.0,549,0,272,18.69,0.595,-59.99,48.6447,0.259999999999998,0.01100000000000001,0.490000000000002,1.049205771646243
all,High asset turnover,long_only,vw,4,50,48.8863,18.72,22.88,0.597,-59.6,5.6,534.1,0.0,549,0,272,18.41,0.584,-60.09,46.0836,0.3099999999999987,0.013000000000000012,0.490000000000002,1.0608177312536347
all,High asset turnover,long_only,vw,4,100,45.4941,18.34,22.9,0.583,-59.78,5.6,534.1,0.0,549,0,272,17.94,0.567,-60.26,42.1065,0.3999999999999986,0.016000000000000014,0.4799999999999969,1.08045313668911
all,High asset turnover,long_only,vw,5,0,54.9672,19.34,22.89,0.62,-59.52,5.3,542.3,0.0,471,0,272,18.88,0.602,-59.93,50.4292,0.46000000000000085,0.018000000000000016,0.4099999999999966,1.0899875468974323
all,High asset turnover,long_only,vw,5,10,54.2455,19.27,22.89,0.617,-59.55,5.3,542.3,0.0,471,0,272,18.79,0.599,-59.96,49.5291,0.4800000000000004,0.018000000000000016,0.4100000000000037,1.0952248274246856
all,High asset turnover,long_only,vw,5,20,53.5329,19.2,22.9,0.615,-59.57,5.3,542.3,0.0,471,0,272,18.69,0.595,-59.99,48.6447,0.509999999999998,0.020000000000000018,0.4200000000000017,1.1004878229282944
all,High asset turnover,long_only,vw,5,50,51.4489,18.99,22.9,0.607,-59.64,5.3,542.3,0.0,471,0,272,18.41,0.584,-60.09,46.0836,0.5799999999999983,0.02300000000000002,0.45000000000000284,1.1164253660738312
all,High asset turnover,long_only,vw,5,100,48.1484,18.64,22.9,0.594,-59.76,5.3,542.3,0.0,471,0,272,17.94,0.567,-60.26,42.1065,0.6999999999999993,0.027000000000000024,0.5,1.1434909099545203
all,High asset turnover,long_only,vw,6,0,55.1707,19.35,22.95,0.62,-59.37,5.3,525.2,0.0,471,0,272,18.88,0.602,-59.93,50.4292,0.4700000000000024,0.018000000000000016,0.5600000000000023,1.0940229073631942
all,High asset turnover,long_only,vw,6,10,54.4412,19.28,22.95,0.617,-59.4,5.3,525.2,0.0,471,0,272,18.79,0.599,-59.96,49.5291,0.490000000000002,0.018000000000000016,0.5600000000000023,1.0991760399441945
all,High asset turnover,long_only,vw,6,20,53.721,19.21,22.95,0.614,-59.43,5.3,525.2,0.0,471,0,272,18.69,0.595,-59.99,48.6447,0.5199999999999996,0.019000000000000017,0.5600000000000023,1.1043546367846857
all,High asset turnover,long_only,vw,6,50,51.6154,19.0,22.95,0.607,-59.52,5.3,525.2,0.0,471,0,272,18.41,0.584,-60.09,46.0836,0.5899999999999999,0.02300000000000002,0.5700000000000003,1.1200383650582855
all,High asset turnover,long_only,vw,6,100,48.282,18.65,22.95,0.594,-59.67,5.3,525.2,0.0,471,0,272,17.94,0.567,-60.26,42.1065,0.7099999999999973,0.027000000000000024,0.5899999999999963,1.1466638167503829
all,High asset turnover,long_only,vw,7,0,47.7454,18.6,22.81,0.594,-59.45,4.9,545.5,0.0,550,0,272,18.88,0.602,-59.93,50.4292,-0.2799999999999976,-0.008000000000000007,0.4799999999999969,0.9467808333267234
all,High asset turnover,long_only,vw,7,10,47.1592,18.53,22.82,0.591,-59.48,4.9,545.5,0.0,550,0,272,18.79,0.599,-59.96,49.5291,-0.259999999999998,-0.008000000000000007,0.480000000000004,0.9521513615228219
all,High asset turnover,long_only,vw,7,20,46.5799,18.47,22.82,0.589,-59.5,4.9,545.5,0.0,550,0,272,18.69,0.595,-59.99,48.6447,-0.22000000000000242,-0.006000000000000005,0.490000000000002,0.957553443643398
all,High asset turnover,long_only,vw,7,50,44.8826,18.27,22.83,0.581,-59.56,4.9,545.5,0.0,550,0,272,18.41,0.584,-60.09,46.0836,-0.14000000000000057,-0.0030000000000000027,0.5300000000000011,0.973938667986008
all,High asset turnover,long_only,vw,7,100,42.1848,17.95,22.85,0.569,-59.66,4.9,545.5,0.0,550,0,272,17.94,0.567,-60.26,42.1065,0.00999999999999801,0.0020000000000000018,0.6000000000000014,1.0018595703751203
all,High asset turnover,long_only,vw,8,0,56.105,19.44,22.8,0.625,-59.07,5.0,527.1,0.0,503,0,272,18.88,0.602,-59.93,50.4292,0.5600000000000023,0.02300000000000002,0.8599999999999994,1.1125498718996136
all,High asset turnover,long_only,vw,8,10,55.3978,19.38,22.81,0.623,-59.09,5.0,527.1,0.0,503,0,272,18.79,0.599,-59.96,49.5291,0.5899999999999999,0.02400000000000002,0.8699999999999974,1.1184899382383284
all,High asset turnover,long_only,vw,8,20,54.6992,19.31,22.81,0.62,-59.1,5.0,527.1,0.0,503,0,272,18.69,0.595,-59.99,48.6447,0.6199999999999974,0.025000000000000022,0.8900000000000006,1.12446371341585
all,High asset turnover,long_only,vw,8,50,52.6538,19.11,22.83,0.612,-59.14,5.0,527.1,0.0,503,0,272,18.41,0.584,-60.09,46.0836,0.6999999999999993,0.028000000000000025,0.9500000000000028,1.1425713268928643
all,High asset turnover,long_only,vw,8,100,49.4073,18.78,22.86,0.6,-59.2,5.0,527.1,0.0,503,0,272,17.94,0.567,-60.26,42.1065,0.8399999999999999,0.03300000000000003,1.0599999999999952,1.1733889067008658
all,High asset turnover,long_only,vw,9,0,56.1431,19.45,22.73,0.626,-59.02,5.0,537.4,0.0,471,0,272,18.88,0.602,-59.93,50.4292,0.5700000000000003,0.02400000000000002,0.9099999999999966,1.1133053865617537
all,High asset turnover,long_only,vw,9,10,55.4688,19.38,22.73,0.624,-59.07,5.0,537.4,0.0,471,0,272,18.79,0.599,-59.96,49.5291,0.5899999999999999,0.025000000000000022,0.8900000000000006,1.1199234389480124
all,High asset turnover,long_only,vw,9,20,54.8023,19.32,22.72,0.622,-59.12,5.0,537.4,0.0,471,0,272,18.69,0.595,-59.99,48.6447,0.629999999999999,0.027000000000000024,0.8700000000000045,1.1265831632223038
all,High asset turnover,long_only,vw,9,50,52.8484,19.13,22.7,0.615,-59.26,5.0,537.4,0.0,471,0,272,18.41,0.584,-60.09,46.0836,0.7199999999999989,0.031000000000000028,0.8300000000000054,1.1467940872674878
all,High asset turnover,long_only,vw,9,100,49.7396,18.81,22.68,0.603,-59.49,5.0,537.4,0.0,471,0,272,17.94,0.567,-60.26,42.1065,0.8699999999999974,0.03600000000000003,0.769999999999996,1.1812807998765038
all,High asset turnover,long_only,vw,10,0,53.8005,19.22,22.55,0.621,-59.44,4.9,536.0,0.0,471,0,272,18.88,0.602,-59.93,50.4292,0.33999999999999986,0.019000000000000017,0.490000000000002,1.0668521412197693
all,High asset turnover,long_only,vw,10,10,53.1505,19.16,22.55,0.619,-59.46,4.9,536.0,0.0,471,0,272,18.79,0.599,-59.96,49.5291,0.370000000000001,0.020000000000000018,0.5,1.0731166122542102
all,High asset turnover,long_only,vw,10,20,52.5081,19.09,22.55,0.617,-59.48,4.9,536.0,0.0,471,0,272,18.69,0.595,-59.99,48.6447,0.3999999999999986,0.02200000000000002,0.5100000000000051,1.0794207796532818
all,High asset turnover,long_only,vw,10,50,50.625,18.9,22.54,0.61,-59.55,4.9,536.0,0.0,471,0,272,18.41,0.584,-60.09,46.0836,0.48999999999999844,0.026000000000000023,0.5400000000000063,1.0985469885165222
all,High asset turnover,long_only,vw,10,100,47.6295,18.58,22.52,0.598,-59.66,4.9,536.0,0.0,471,0,272,17.94,0.567,-60.26,42.1065,0.639999999999997,0.031000000000000028,0.6000000000000014,1.1311673969577145
all,High asset turnover,long_only,vw,11,0,56.1867,19.45,22.77,0.626,-59.44,4.9,529.9,0.0,503,0,272,18.88,0.602,-59.93,50.4292,0.5700000000000003,0.02400000000000002,0.490000000000002,1.114169965020266
all,High asset turnover,long_only,vw,11,10,55.516,19.39,22.76,0.624,-59.47,4.9,529.9,0.0,503,0,272,18.79,0.599,-59.96,49.5291,0.6000000000000014,0.025000000000000022,0.490000000000002,1.1208764140676895
all,High asset turnover,long_only,vw,11,20,54.8529,19.32,22.76,0.621,-59.5,4.9,529.9,0.0,503,0,272,18.69,0.595,-59.99,48.6447,0.629999999999999,0.026000000000000023,0.490000000000002,1.1276233587626194
all,High asset turnover,long_only,vw,11,50,52.9087,19.13,22.76,0.614,-59.6,4.9,529.9,0.0,503,0,272,18.41,0.584,-60.09,46.0836,0.7199999999999989,0.030000000000000027,0.490000000000002,1.1481025787915875
all,High asset turnover,long_only,vw,11,100,49.8134,18.82,22.75,0.603,-59.76,4.9,529.9,0.0,503,0,272,17.94,0.567,-60.26,42.1065,0.879999999999999,0.03600000000000003,0.5,1.183033498390985
all,High asset turnover,long_only,vw,12,0,51.8799,19.03,22.74,0.611,-59.03,4.7,501.1,0.0,503,0,272,18.88,0.602,-59.93,50.4292,0.15000000000000213,0.009000000000000008,0.8999999999999986,1.0287670635266868
all,High asset turnover,long_only,vw,12,10,51.2672,18.97,22.75,0.609,-59.06,4.7,501.1,0.0,503,0,272,18.79,0.599,-59.96,49.5291,0.17999999999999972,0.010000000000000009,0.8999999999999986,1.0350925011760763
all,High asset turnover,long_only,vw,12,20,50.6614,18.91,22.75,0.606,-59.09,4.7,501.1,0.0,503,0,272,18.69,0.595,-59.99,48.6447,0.21999999999999886,0.01100000000000001,0.8999999999999986,1.0414577538765786
all,High asset turnover,long_only,vw,12,50,48.8844,18.72,22.76,0.599,-59.19,4.7,501.1,0.0,503,0,272,18.41,0.584,-60.09,46.0836,0.3099999999999987,0.015000000000000013,0.9000000000000057,1.0607765018357942
all,High asset turnover,long_only,vw,12,100,46.0538,18.41,22.78,0.587,-59.34,4.7,501.1,0.0,503,0,272,17.94,0.567,-60.26,42.1065,0.46999999999999886,0.020000000000000018,0.9199999999999946,1.0937456212223768
all,High sales growth,long_only,vw,1,0,26.158,15.49,26.69,0.441,-72.52,14.3,541.1,0.0,547,0,272,15.49,0.441,-72.52,26.158,0.0,0.0,0.0,1.0
all,High sales growth,long_only,vw,1,10,25.1868,15.3,26.7,0.435,-72.59,14.3,541.1,0.0,547,0,272,15.3,0.435,-72.59,25.1868,0.0,0.0,0.0,1.0
all,High sales growth,long_only,vw,1,20,24.2506,15.1,26.7,0.429,-72.66,14.3,541.1,0.0,547,0,272,15.1,0.429,-72.66,24.2506,0.0,0.0,0.0,1.0
all,High sales growth,long_only,vw,1,50,21.6409,14.53,26.72,0.41,-72.86,14.3,541.1,0.0,547,0,272,14.53,0.41,-72.86,21.6409,0.0,0.0,0.0,1.0
all,High sales growth,long_only,vw,1,100,17.8863,13.57,26.76,0.378,-73.2,14.3,541.1,0.0,547,0,272,13.57,0.378,-73.2,17.8863,0.0,0.0,0.0,1.0
all,High sales growth,long_only,vw,2,0,27.2949,15.71,26.65,0.449,-72.29,13.4,534.8,0.0,442,0,272,15.49,0.441,-72.52,26.158,0.22000000000000064,0.008000000000000007,0.22999999999998977,1.0434628029665876
all,High sales growth,long_only,vw,2,10,26.3486,15.53,26.65,0.443,-72.35,13.4,534.8,0.0,442,0,272,15.3,0.435,-72.59,25.1868,0.22999999999999865,0.008000000000000007,0.2400000000000091,1.0461273365413628
all,High sales growth,long_only,vw,2,20,25.4342,15.35,26.66,0.437,-72.41,13.4,534.8,0.0,442,0,272,15.1,0.429,-72.66,24.2506,0.25,0.008000000000000007,0.25,1.048807039825819
all,High sales growth,long_only,vw,2,50,22.8716,14.81,26.67,0.419,-72.6,13.4,534.8,0.0,442,0,272,14.53,0.41,-72.86,21.6409,0.28000000000000114,0.009000000000000008,0.2600000000000051,1.0568691690271663
all,High sales growth,long_only,vw,2,100,19.1465,13.91,26.7,0.389,-72.9,13.4,534.8,0.0,442,0,272,13.57,0.378,-73.2,17.8863,0.33999999999999986,0.01100000000000001,0.29999999999999716,1.0704561591832855
all,High sales growth,long_only,vw,3,0,27.1371,15.68,26.72,0.447,-72.4,12.9,529.0,0.0,442,0,272,15.49,0.441,-72.52,26.158,0.1899999999999995,0.006000000000000005,0.11999999999999034,1.0374302316690878
all,High sales growth,long_only,vw,3,10,26.2184,15.5,26.73,0.442,-72.48,12.9,529.0,0.0,442,0,272,15.3,0.435,-72.59,25.1868,0.1999999999999993,0.007000000000000006,0.10999999999999943,1.0409579621071354
all,High sales growth,long_only,vw,3,20,25.3298,15.33,26.73,0.436,-72.55,12.9,529.0,0.0,442,0,272,15.1,0.429,-72.66,24.2506,0.23000000000000043,0.007000000000000006,0.10999999999999943,1.044501991703298
all,High sales growth,long_only,vw,3,50,22.8353,14.8,26.76,0.418,-72.77,12.9,529.0,0.0,442,0,272,14.53,0.41,-72.86,21.6409,0.27000000000000135,0.008000000000000007,0.09000000000000341,1.0551917896205796
all,High sales growth,long_only,vw,3,100,19.1965,13.92,26.82,0.389,-73.13,12.9,529.0,0.0,442,0,272,13.57,0.378,-73.2,17.8863,0.34999999999999964,0.01100000000000001,0.07000000000000739,1.073251594796017
all,High sales growth,long_only,vw,4,0,28.3037,15.89,26.65,0.455,-71.61,12.6,523.9,0.0,547,0,272,15.49,0.441,-72.52,26.158,0.40000000000000036,0.014000000000000012,0.9099999999999966,1.0820284425414786
all,High sales growth,long_only,vw,4,10,27.3691,15.72,26.66,0.449,-71.68,12.6,523.9,0.0,547,0,272,15.3,0.435,-72.59,25.1868,0.41999999999999993,0.014000000000000012,0.9099999999999966,1.0866445916114789
all,High sales growth,long_only,vw,4,20,26.4643,15.55,26.67,0.443,-71.75,12.6,523.9,0.0,547,0,272,15.1,0.429,-72.66,24.2506,0.45000000000000107,0.014000000000000012,0.9099999999999966,1.0912843393565521
all,High sales growth,long_only,vw,4,50,23.92,15.03,26.7,0.426,-71.96,12.6,523.9,0.0,547,0,272,14.53,0.41,-72.86,21.6409,0.5,0.016000000000000014,0.9000000000000057,1.105314473982136
all,High sales growth,long_only,vw,4,100,20.1954,14.18,26.75,0.398,-72.32,12.6,523.9,0.0,547,0,272,13.57,0.378,-73.2,17.8863,0.6099999999999994,0.020000000000000018,0.8800000000000097,1.1290988074671677
all,High sales growth,long_only,vw,5,0,27.423,15.73,26.55,0.45,-71.67,11.8,536.4,0.0,442,0,272,15.49,0.441,-72.52,26.158,0.2400000000000002,0.009000000000000008,0.8499999999999943,1.048359966358284
all,High sales growth,long_only,vw,5,10,26.5766,15.57,26.55,0.445,-71.72,11.8,536.4,0.0,442,0,272,15.3,0.435,-72.59,25.1868,0.2699999999999996,0.010000000000000009,0.8700000000000045,1.055179697301761
all,High sales growth,long_only,vw,5,20,25.7554,15.41,26.56,0.44,-71.77,11.8,536.4,0.0,442,0,272,15.1,0.429,-72.66,24.2506,0.3100000000000005,0.01100000000000001,0.8900000000000006,1.0620520729384018
all,High sales growth,long_only,vw,5,50,23.4352,14.93,26.59,0.424,-71.93,11.8,536.4,0.0,442,0,272,14.53,0.41,-72.86,21.6409,0.40000000000000036,0.014000000000000012,0.9299999999999926,1.082912448188384
all,High sales growth,long_only,vw,5,100,20.0073,14.13,26.64,0.397,-72.19,11.8,536.4,0.0,442,0,272,13.57,0.378,-73.2,17.8863,0.5600000000000005,0.019000000000000017,1.0100000000000051,1.1185823786920717
all,High sales growth,long_only,vw,6,0,29.1641,16.04,26.68,0.459,-71.48,12.2,511.4,0.0,442,0,272,15.49,0.441,-72.52,26.158,0.5499999999999989,0.018000000000000016,1.039999999999992,1.1149208655095955
all,High sales growth,long_only,vw,6,10,28.2398,15.88,26.69,0.454,-71.54,12.2,511.4,0.0,442,0,272,15.3,0.435,-72.59,25.1868,0.5800000000000001,0.019000000000000017,1.0499999999999972,1.1212142868486668
all,High sales growth,long_only,vw,6,20,27.3437,15.72,26.69,0.449,-71.6,12.2,511.4,0.0,442,0,272,15.1,0.429,-72.66,24.2506,0.620000000000001,0.020000000000000018,1.0600000000000023,1.127547359652957
all,High sales growth,long_only,vw,6,50,24.8168,15.22,26.7,0.433,-71.78,12.2,511.4,0.0,442,0,272,14.53,0.41,-72.86,21.6409,0.6900000000000013,0.02300000000000002,1.0799999999999983,1.14675452499665
all,High sales growth,long_only,vw,6,100,21.0969,14.4,26.73,0.405,-72.07,12.2,511.4,0.0,442,0,272,13.57,0.378,-73.2,17.8863,0.8300000000000001,0.027000000000000024,1.1300000000000097,1.1795005115647172
all,High sales growth,long_only,vw,7,0,27.1568,15.68,26.66,0.447,-72.5,11.5,539.4,0.0,548,0,272,15.49,0.441,-72.52,26.158,0.1899999999999995,0.006000000000000005,0.01999999999999602,1.038183347350715
all,High sales growth,long_only,vw,7,10,26.3396,15.52,26.67,0.442,-72.54,11.5,539.4,0.0,548,0,272,15.3,0.435,-72.59,25.1868,0.21999999999999886,0.007000000000000006,0.04999999999999716,1.045770006511347
all,High sales growth,long_only,vw,7,20,25.546,15.37,26.68,0.437,-72.58,11.5,539.4,0.0,548,0,272,15.1,0.429,-72.66,24.2506,0.2699999999999996,0.008000000000000007,0.0799999999999983,1.0534172350374837
all,High sales growth,long_only,vw,7,50,23.3002,14.9,26.72,0.421,-72.7,11.5,539.4,0.0,548,0,272,14.53,0.41,-72.86,21.6409,0.370000000000001,0.01100000000000001,0.1599999999999966,1.076674260312649
all,High sales growth,long_only,vw,7,100,19.9713,14.12,26.8,0.395,-72.91,11.5,539.4,0.0,548,0,272,13.57,0.378,-73.2,17.8863,0.5499999999999989,0.017000000000000015,0.29000000000000625,1.116569665050905
all,High sales growth,long_only,vw,8,0,27.0226,15.66,26.49,0.447,-71.72,11.6,517.3,0.0,486,0,272,15.49,0.441,-72.52,26.158,0.16999999999999993,0.006000000000000005,0.7999999999999972,1.0330529857022708
all,High sales growth,long_only,vw,8,10,26.197,15.5,26.5,0.442,-71.77,11.6,517.3,0.0,486,0,272,15.3,0.435,-72.59,25.1868,0.1999999999999993,0.007000000000000006,0.8200000000000074,1.0401083107024314
all,High sales growth,long_only,vw,8,20,25.3956,15.34,26.51,0.437,-71.82,11.6,517.3,0.0,486,0,272,15.1,0.429,-72.66,24.2506,0.2400000000000002,0.008000000000000007,0.8400000000000034,1.0472153266310937
all,High sales growth,long_only,vw,8,50,23.1299,14.86,26.55,0.421,-71.97,11.6,517.3,0.0,486,0,272,14.53,0.41,-72.86,21.6409,0.33000000000000007,0.01100000000000001,0.8900000000000006,1.0688049018294064
all,High sales growth,long_only,vw,8,100,19.7782,14.07,26.63,0.394,-72.22,11.6,517.3,0.0,486,0,272,13.57,0.378,-73.2,17.8863,0.5,0.016000000000000014,0.980000000000004,1.1057736927145356
all,High sales growth,long_only,vw,9,0,29.4313,16.09,26.35,0.463,-70.71,11.5,527.4,0.0,442,0,272,15.49,0.441,-72.52,26.158,0.5999999999999996,0.02200000000000002,1.8100000000000023,1.1251357137395825
all,High sales growth,long_only,vw,9,10,28.5826,15.94,26.34,0.458,-70.77,11.5,527.4,0.0,442,0,272,15.3,0.435,-72.59,25.1868,0.6399999999999988,0.02300000000000002,1.8200000000000074,1.1348245906585988
all,High sales growth,long_only,vw,9,20,27.7573,15.79,26.33,0.453,-70.84,11.5,527.4,0.0,442,0,272,15.1,0.429,-72.66,24.2506,0.6899999999999995,0.02400000000000002,1.8199999999999932,1.1446026077705296
all,High sales growth,long_only,vw,9,50,25.4162,15.34,26.3,0.439,-71.04,11.5,527.4,0.0,442,0,272,14.53,0.41,-72.86,21.6409,0.8100000000000005,0.029000000000000026,1.8199999999999932,1.1744520791649147
all,High sales growth,long_only,vw,9,100,21.9286,14.59,26.27,0.414,-71.37,11.5,527.4,0.0,442,0,272,13.57,0.378,-73.2,17.8863,1.0199999999999996,0.035999999999999976,1.8299999999999983,1.2259997875468935
all,High sales growth,long_only,vw,10,0,26.093,15.48,26.27,0.445,-71.52,11.3,528.2,0.0,442,0,272,15.49,0.441,-72.52,26.158,-0.009999999999999787,0.0040000000000000036,1.0,0.9975151005428549
all,High sales growth,long_only,vw,10,10,25.334,15.33,26.26,0.44,-71.57,11.3,528.2,0.0,442,0,272,15.3,0.435,-72.59,25.1868,0.02999999999999936,0.0050000000000000044,1.0200000000000102,1.0058443311575904
all,High sales growth,long_only,vw,10,20,24.5962,15.18,26.26,0.435,-71.62,11.3,528.2,0.0,442,0,272,15.1,0.429,-72.66,24.2506,0.08000000000000007,0.006000000000000005,1.039999999999992,1.0142511937848961
all,High sales growth,long_only,vw,10,50,22.5038,14.73,26.25,0.42,-71.78,11.3,528.2,0.0,442,0,272,14.53,0.41,-72.86,21.6409,0.20000000000000107,0.010000000000000009,1.0799999999999983,1.0398735727257185
all,High sales growth,long_only,vw,10,100,19.3895,13.97,26.26,0.395,-72.04,11.3,528.2,0.0,442,0,272,13.57,0.378,-73.2,17.8863,0.40000000000000036,0.017000000000000015,1.1599999999999966,1.084041976261161
all,High sales growth,long_only,vw,11,0,29.5076,16.1,26.27,0.464,-70.81,11.1,524.7,0.0,486,0,272,15.49,0.441,-72.52,26.158,0.6100000000000012,0.02300000000000002,1.7099999999999937,1.1280526034100467
all,High sales growth,long_only,vw,11,10,28.6758,15.96,26.26,0.46,-70.84,11.1,524.7,0.0,486,0,272,15.3,0.435,-72.59,25.1868,0.6600000000000001,0.025000000000000022,1.75,1.138524941636095
all,High sales growth,long_only,vw,11,20,27.8664,15.81,26.25,0.455,-70.88,11.1,524.7,0.0,486,0,272,15.1,0.429,-72.66,24.2506,0.7100000000000009,0.026000000000000023,1.7800000000000011,1.1491014655307499
all,High sales growth,long_only,vw,11,50,25.5671,15.37,26.23,0.44,-70.97,11.1,524.7,0.0,486,0,272,14.53,0.41,-72.86,21.6409,0.8399999999999999,0.030000000000000027,1.8900000000000006,1.1814249869460143
all,High sales growth,long_only,vw,11,100,22.1322,14.64,26.22,0.416,-71.13,11.1,524.7,0.0,486,0,272,13.57,0.378,-73.2,17.8863,1.0700000000000003,0.03799999999999998,2.0700000000000074,1.2373828013619363
all,High sales growth,long_only,vw,12,0,27.9632,15.83,26.37,0.455,-71.29,11.1,478.3,0.0,486,0,272,15.49,0.441,-72.52,26.158,0.33999999999999986,0.014000000000000012,1.2299999999999898,1.0690113923082805
all,High sales growth,long_only,vw,12,10,27.15,15.68,26.37,0.45,-71.35,11.1,478.3,0.0,486,0,272,15.3,0.435,-72.59,25.1868,0.379999999999999,0.015000000000000013,1.240000000000009,1.0779455905474296
all,High sales growth,long_only,vw,12,20,26.3593,15.53,26.38,0.445,-71.41,11.1,478.3,0.0,486,0,272,15.1,0.429,-72.66,24.2506,0.4299999999999997,0.016000000000000014,1.25,1.086954549578155
all,High sales growth,long_only,vw,12,50,24.117,15.08,26.4,0.43,-71.57,11.1,478.3,0.0,486,0,272,14.53,0.41,-72.86,21.6409,0.5500000000000007,0.020000000000000018,1.2900000000000063,1.1144176074008014
all,High sales growth,long_only,vw,12,100,20.7784,14.32,26.46,0.405,-71.85,11.1,478.3,0.0,486,0,272,13.57,0.378,-73.2,17.8863,0.75,0.027000000000000024,1.3500000000000085,1.1616935867116174
all,Conservative accruals,long_only,vw,1,0,24.1295,15.08,27.85,0.422,-65.97,12.5,632.9,0.0,1051,0,272,15.08,0.422,-65.97,24.1295,0.0,0.0,0.0,1.0
all,Conservative accruals,long_only,vw,1,10,23.348,14.91,27.85,0.417,-66.03,12.5,632.9,0.0,1051,0,272,14.91,0.417,-66.03,23.348,0.0,0.0,0.0,1.0
all,Conservative accruals,long_only,vw,1,20,22.5911,14.74,27.85,0.411,-66.09,12.5,632.9,0.0,1051,0,272,14.74,0.411,-66.09,22.5911,0.0,0.0,0.0,1.0
all,Conservative accruals,long_only,vw,1,50,20.461,14.24,27.86,0.396,-66.27,12.5,632.9,0.0,1051,0,272,14.24,0.396,-66.27,20.461,0.0,0.0,0.0,1.0
all,Conservative accruals,long_only,vw,1,100,17.3378,13.41,27.89,0.369,-66.58,12.5,632.9,0.0,1051,0,272,13.41,0.369,-66.58,17.3378,0.0,0.0,0.0,1.0
all,Conservative accruals,long_only,vw,2,0,24.9662,15.25,27.87,0.427,-66.09,11.5,629.5,0.0,1000,0,272,15.08,0.422,-65.97,24.1295,0.16999999999999993,0.0050000000000000044,-0.12000000000000455,1.034675397335212
all,Conservative accruals,long_only,vw,2,10,24.2224,15.1,27.88,0.422,-66.14,11.5,629.5,0.0,1000,0,272,14.91,0.417,-66.03,23.348,0.1899999999999995,0.0050000000000000044,-0.10999999999999943,1.0374507452458455
all,Conservative accruals,long_only,vw,2,20,23.5001,14.94,27.88,0.417,-66.19,11.5,629.5,0.0,1000,0,272,14.74,0.411,-66.09,22.5911,0.1999999999999993,0.006000000000000005,-0.09999999999999432,1.0402370845155835
all,Conservative accruals,long_only,vw,2,50,21.4563,14.48,27.89,0.403,-66.35,11.5,629.5,0.0,1000,0,272,14.24,0.396,-66.27,20.461,0.2400000000000002,0.007000000000000006,-0.0799999999999983,1.0486437613019892
all,Conservative accruals,long_only,vw,2,100,18.4268,13.72,27.91,0.379,-66.61,11.5,629.5,0.0,1000,0,272,13.41,0.369,-66.58,17.3378,0.3100000000000005,0.010000000000000009,-0.030000000000001137,1.0628107372330975
all,Conservative accruals,long_only,vw,3,0,26.0296,15.46,27.87,0.434,-65.76,11.2,626.3,0.0,1000,0,272,15.08,0.422,-65.97,24.1295,0.3800000000000008,0.01200000000000001,0.20999999999999375,1.0787459334010236
all,Conservative accruals,long_only,vw,3,10,25.2759,15.31,27.87,0.429,-65.82,11.2,626.3,0.0,1000,0,272,14.91,0.417,-66.03,23.348,0.40000000000000036,0.01200000000000001,0.21000000000000796,1.0825723830734968
all,Conservative accruals,long_only,vw,3,20,24.5434,15.17,27.88,0.425,-65.88,11.2,626.3,0.0,1000,0,272,14.74,0.411,-66.09,22.5911,0.4299999999999997,0.014000000000000012,0.21000000000000796,1.086418988008552
all,Conservative accruals,long_only,vw,3,50,22.4668,14.72,27.89,0.41,-66.06,11.2,626.3,0.0,1000,0,272,14.24,0.396,-66.27,20.461,0.4800000000000004,0.013999999999999957,0.20999999999999375,1.0980303992962221
all,Conservative accruals,long_only,vw,3,100,19.3778,13.97,27.92,0.387,-66.37,11.2,626.3,0.0,1000,0,272,13.41,0.369,-66.58,17.3378,0.5600000000000005,0.018000000000000016,0.20999999999999375,1.1176619871033233
all,Conservative accruals,long_only,vw,4,0,26.1066,15.48,27.79,0.435,-65.87,10.8,623.6,0.0,1052,0,272,15.08,0.422,-65.97,24.1295,0.40000000000000036,0.013000000000000012,0.09999999999999432,1.0819370480117698
all,Conservative accruals,long_only,vw,4,10,25.3731,15.33,27.79,0.43,-65.93,10.8,623.6,0.0,1052,0,272,14.91,0.417,-66.03,23.348,0.41999999999999993,0.013000000000000012,0.09999999999999432,1.0867354805550797
all,Conservative accruals,long_only,vw,4,20,24.6596,15.19,27.8,0.426,-65.99,10.8,623.6,0.0,1052,0,272,14.74,0.411,-66.09,22.5911,0.4499999999999993,0.015000000000000013,0.10000000000000853,1.0915626065131845
all,Conservative accruals,long_only,vw,4,50,22.6333,14.75,27.81,0.412,-66.16,10.8,623.6,0.0,1052,0,272,14.24,0.396,-66.27,20.461,0.5099999999999998,0.01599999999999996,0.10999999999999943,1.106167831484287
all,Conservative accruals,long_only,vw,4,100,19.6081,14.03,27.85,0.389,-66.44,10.8,623.6,0.0,1052,0,272,13.41,0.369,-66.58,17.3378,0.6199999999999992,0.020000000000000018,0.14000000000000057,1.130945102608174
all,Conservative accruals,long_only,vw,5,0,30.0836,16.2,27.68,0.459,-65.97,10.5,627.4,0.0,1000,0,272,15.08,0.422,-65.97,24.1295,1.1199999999999992,0.03700000000000003,0.0,1.2467560455044655
all,Conservative accruals,long_only,vw,5,10,29.2661,16.06,27.69,0.454,-66.02,10.5,627.4,0.0,1000,0,272,14.91,0.417,-66.03,23.348,1.1499999999999986,0.03700000000000003,0.010000000000005116,1.2534735309234197
all,Conservative accruals,long_only,vw,5,20,28.4699,15.92,27.69,0.45,-66.07,10.5,627.4,0.0,1000,0,272,14.74,0.411,-66.09,22.5911,1.1799999999999997,0.039000000000000035,0.020000000000010232,1.2602263723324671
all,Conservative accruals,long_only,vw,5,50,26.2046,15.5,27.71,0.436,-66.22,10.5,627.4,0.0,1000,0,272,14.24,0.396,-66.27,20.461,1.2599999999999998,0.03999999999999998,0.04999999999999716,1.2807096427349594
all,Conservative accruals,long_only,vw,5,100,22.8091,14.79,27.75,0.414,-66.47,10.5,627.4,0.0,1000,0,272,13.41,0.369,-66.58,17.3378,1.379999999999999,0.044999999999999984,0.10999999999999943,1.3155706029600065
all,Conservative accruals,long_only,vw,6,0,28.7356,15.97,27.85,0.45,-66.07,10.4,616.8,0.0,1000,0,272,15.08,0.422,-65.97,24.1295,0.8900000000000006,0.028000000000000025,-0.09999999999999432,1.190890818292961
all,Conservative accruals,long_only,vw,6,10,27.9649,15.83,27.86,0.446,-66.13,10.4,616.8,0.0,1000,0,272,14.91,0.417,-66.03,23.348,0.9199999999999999,0.029000000000000026,-0.09999999999999432,1.1977428473530924
all,Conservative accruals,long_only,vw,6,20,27.214,15.69,27.86,0.441,-66.18,10.4,616.8,0.0,1000,0,272,14.74,0.411,-66.09,22.5911,0.9499999999999993,0.030000000000000027,-0.09000000000000341,1.204633683176118
all,Conservative accruals,long_only,vw,6,50,25.0759,15.27,27.86,0.428,-66.35,10.4,616.8,0.0,1000,0,272,14.24,0.396,-66.27,20.461,1.0299999999999994,0.03199999999999997,-0.0799999999999983,1.225546160989199
all,Conservative accruals,long_only,vw,6,100,21.8666,14.58,27.89,0.406,-66.62,10.4,616.8,0.0,1000,0,272,13.41,0.369,-66.58,17.3378,1.17,0.03700000000000003,-0.04000000000000625,1.2612096113693776
all,Conservative accruals,long_only,vw,7,0,28.0658,15.85,27.64,0.447,-66.81,10.1,630.3,0.0,1053,0,272,15.08,0.422,-65.97,24.1295,0.7699999999999996,0.025000000000000022,-0.8400000000000034,1.1631322654841583
all,Conservative accruals,long_only,vw,7,10,27.3255,15.71,27.65,0.443,-66.81,10.1,630.3,0.0,1053,0,272,14.91,0.417,-66.03,23.348,0.8000000000000007,0.026000000000000023,-0.7800000000000011,1.170357204043173
all,Conservative accruals,long_only,vw,7,20,26.604,15.58,27.66,0.439,-66.81,10.1,630.3,0.0,1053,0,272,14.74,0.411,-66.09,22.5911,0.8399999999999999,0.028000000000000025,-0.7199999999999989,1.1776318992877726
all,Conservative accruals,long_only,vw,7,50,24.5474,15.17,27.68,0.426,-66.82,10.1,630.3,0.0,1053,0,272,14.24,0.396,-66.27,20.461,0.9299999999999997,0.02999999999999997,-0.5499999999999972,1.1997165338937492
all,Conservative accruals,long_only,vw,7,100,21.4543,14.48,27.74,0.404,-66.84,10.1,630.3,0.0,1053,0,272,13.41,0.369,-66.58,17.3378,1.0700000000000003,0.03500000000000003,-0.2600000000000051,1.2374292009366816
all,Conservative accruals,long_only,vw,8,0,30.768,16.32,27.71,0.462,-66.74,10.1,613.9,0.0,1031,0,272,15.08,0.422,-65.97,24.1295,1.2400000000000002,0.040000000000000036,-0.769999999999996,1.275119666797903
all,Conservative accruals,long_only,vw,8,10,29.9574,16.18,27.71,0.458,-66.75,10.1,613.9,0.0,1031,0,272,14.91,0.417,-66.03,23.348,1.2699999999999996,0.041000000000000036,-0.7199999999999989,1.2830820627034436
all,Conservative accruals,long_only,vw,8,20,29.1673,16.05,27.72,0.453,-66.76,10.1,613.9,0.0,1031,0,272,14.74,0.411,-66.09,22.5911,1.3100000000000005,0.04200000000000004,-0.6700000000000017,1.2910969364041591
all,Conservative accruals,long_only,vw,8,50,26.9152,15.63,27.75,0.44,-66.79,10.1,613.9,0.0,1031,0,272,14.24,0.396,-66.27,20.461,1.3900000000000006,0.043999999999999984,-0.5200000000000102,1.315439128097356
all,Conservative accruals,long_only,vw,8,100,23.5276,14.95,27.8,0.419,-66.84,10.1,613.9,0.0,1031,0,272,13.41,0.369,-66.58,17.3378,1.5399999999999991,0.04999999999999999,-0.2600000000000051,1.3570118469471326
all,Conservative accruals,long_only,vw,9,0,34.0648,16.84,27.25,0.48,-64.3,9.9,617.9,0.0,1000,0,272,15.08,0.422,-65.97,24.1295,1.7599999999999998,0.057999999999999996,1.6700000000000017,1.4117491037941108
all,Conservative accruals,long_only,vw,9,10,33.217,16.71,27.25,0.476,-64.34,9.9,617.9,0.0,1000,0,272,14.91,0.417,-66.03,23.348,1.8000000000000007,0.059,1.6899999999999977,1.4226914510878876
all,Conservative accruals,long_only,vw,9,20,32.3895,16.58,27.24,0.472,-64.37,9.9,617.9,0.0,1000,0,272,14.74,0.411,-66.09,22.5911,1.839999999999998,0.061,1.7199999999999989,1.4337283266419074
all,Conservative accruals,long_only,vw,9,50,30.0238,16.19,27.22,0.46,-64.46,9.9,617.9,0.0,1000,0,272,14.24,0.396,-66.27,20.461,1.950000000000001,0.064,1.8100000000000023,1.4673671863545283
all,Conservative accruals,long_only,vw,9,100,26.444,15.54,27.19,0.439,-64.62,9.9,617.9,0.0,1000,0,272,13.41,0.369,-66.58,17.3378,2.129999999999999,0.07,1.9599999999999937,1.5252223465491583
all,Conservative accruals,long_only,vw,10,0,36.0977,17.14,27.16,0.491,-65.88,9.9,614.3,0.0,1000,0,272,15.08,0.422,-65.97,24.1295,2.0600000000000005,0.069,0.09000000000000341,1.4959986738224995
all,Conservative accruals,long_only,vw,10,10,35.1825,17.01,27.16,0.487,-65.93,9.9,614.3,0.0,1000,0,272,14.91,0.417,-66.03,23.348,2.1000000000000014,0.07,0.09999999999999432,1.5068742504711323
all,Conservative accruals,long_only,vw,10,20,34.2895,16.88,27.15,0.483,-65.98,9.9,614.3,0.0,1000,0,272,14.74,0.411,-66.09,22.5911,2.139999999999999,0.07200000000000001,0.10999999999999943,1.51783224367118
all,Conservative accruals,long_only,vw,10,50,31.7387,16.48,27.15,0.47,-66.12,9.9,614.3,0.0,1000,0,272,14.24,0.396,-66.27,20.461,2.24,0.07399999999999995,0.14999999999999147,1.551180294218269
all,Conservative accruals,long_only,vw,10,100,27.8859,15.82,27.16,0.449,-66.36,9.9,614.3,0.0,1000,0,272,13.41,0.369,-66.58,17.3378,2.41,0.08000000000000002,0.21999999999999886,1.6083874540022378
all,Conservative accruals,long_only,vw,11,0,32.5544,16.61,27.1,0.474,-64.85,9.7,613.0,0.0,1031,0,272,15.08,0.422,-65.97,24.1295,1.5299999999999994,0.05199999999999999,1.1200000000000045,1.3491535257672145
all,Conservative accruals,long_only,vw,11,10,31.7533,16.48,27.1,0.47,-64.89,9.7,613.0,0.0,1031,0,272,14.91,0.417,-66.03,23.348,1.5700000000000003,0.05299999999999999,1.1400000000000006,1.3600008566044202
all,Conservative accruals,long_only,vw,11,20,30.9711,16.35,27.09,0.466,-64.93,9.7,613.0,0.0,1031,0,272,14.74,0.411,-66.09,22.5911,1.6100000000000012,0.05500000000000005,1.1599999999999966,1.3709425393185812
all,Conservative accruals,long_only,vw,11,50,28.7334,15.97,27.09,0.453,-65.05,9.7,613.0,0.0,1031,0,272,14.24,0.396,-66.27,20.461,1.7300000000000004,0.056999999999999995,1.2199999999999989,1.4043008650603588
all,Conservative accruals,long_only,vw,11,100,25.3431,15.33,27.08,0.433,-65.25,9.7,613.0,0.0,1031,0,272,13.41,0.369,-66.58,17.3378,1.92,0.064,1.3299999999999983,1.4617252477246248
all,Conservative accruals,long_only,vw,12,0,30.5364,16.28,27.67,0.461,-66.29,9.6,598.4,0.0,1031,0,272,15.08,0.422,-65.97,24.1295,1.200000000000001,0.039000000000000035,-0.3200000000000074,1.2655214571375288
all,Conservative accruals,long_only,vw,12,10,29.7738,16.15,27.68,0.457,-66.34,9.6,598.4,0.0,1031,0,272,14.91,0.417,-66.03,23.348,1.2399999999999984,0.040000000000000036,-0.3100000000000023,1.2752184341271202
all,Conservative accruals,long_only,vw,12,20,29.0294,16.02,27.68,0.453,-66.4,9.6,598.4,0.0,1031,0,272,14.74,0.411,-66.09,22.5911,1.2799999999999994,0.04200000000000004,-0.3100000000000023,1.2849927626366136
all,Conservative accruals,long_only,vw,12,50,26.9011,15.63,27.7,0.441,-66.56,9.6,598.4,0.0,1031,0,272,14.24,0.396,-66.27,20.461,1.3900000000000006,0.044999999999999984,-0.29000000000000625,1.3147500122183666
all,Conservative accruals,long_only,vw,12,100,23.6807,14.98,27.73,0.42,-66.82,9.6,598.4,0.0,1031,0,272,13.41,0.369,-66.58,17.3378,1.5700000000000003,0.05099999999999999,-0.23999999999999488,1.365842263724348
all,Low volatility,long_only,vw,1,0,32.4786,16.6,20.82,0.548,-58.39,21.7,557.8,0.0,847,0,272,16.6,0.548,-58.39,32.4786,0.0,0.0,0.0,1.0
all,Low volatility,long_only,vw,1,10,30.6692,16.3,20.82,0.535,-58.51,21.7,557.8,0.0,847,0,272,16.3,0.535,-58.51,30.6692,0.0,0.0,0.0,1.0
all,Low volatility,long_only,vw,1,20,28.9602,16.01,20.81,0.523,-58.63,21.7,557.8,0.0,847,0,272,16.01,0.523,-58.63,28.9602,0.0,0.0,0.0,1.0
all,Low volatility,long_only,vw,1,50,24.3814,15.13,20.81,0.486,-58.98,21.7,557.8,0.0,847,0,272,15.13,0.486,-58.98,24.3814,0.0,0.0,0.0,1.0
all,Low volatility,long_only,vw,1,100,18.2962,13.68,20.8,0.425,-59.57,21.7,557.8,0.0,847,0,272,13.68,0.425,-59.57,18.2962,0.0,0.0,0.0,1.0
all,Low volatility,long_only,vw,2,0,31.5603,16.45,20.93,0.539,-58.52,16.2,557.0,0.0,884,0,272,16.6,0.548,-58.39,32.4786,-0.15000000000000213,-0.009000000000000008,-0.13000000000000256,0.9717259980417876
all,Low volatility,long_only,vw,2,10,30.2535,16.23,20.93,0.53,-58.63,16.2,557.0,0.0,884,0,272,16.3,0.535,-58.51,30.6692,-0.07000000000000028,-0.0050000000000000044,-0.12000000000000455,0.9864456849216804
all,Low volatility,long_only,vw,2,20,29.0004,16.02,20.92,0.522,-58.75,16.2,557.0,0.0,884,0,272,16.01,0.523,-58.63,28.9602,0.00999999999999801,-0.0010000000000000009,-0.11999999999999744,1.0013881119605528
all,Low volatility,long_only,vw,2,50,25.5417,15.37,20.91,0.495,-59.08,16.2,557.0,0.0,884,0,272,15.13,0.486,-58.98,24.3814,0.23999999999999844,0.009000000000000008,-0.10000000000000142,1.0475895559729957
all,Low volatility,long_only,vw,2,100,20.663,14.29,20.89,0.45,-59.64,16.2,557.0,0.0,884,0,272,13.68,0.425,-59.57,18.2962,0.6099999999999994,0.025000000000000022,-0.07000000000000028,1.1293601950131722
all,Low volatility,long_only,vw,3,0,34.7036,16.94,20.89,0.56,-58.15,13.5,556.2,0.0,884,0,272,16.6,0.548,-58.39,32.4786,0.33999999999999986,0.01200000000000001,0.240000000000002,1.068506647454016
all,Low volatility,long_only,vw,3,10,33.4964,16.76,20.89,0.553,-58.22,13.5,556.2,0.0,884,0,272,16.3,0.535,-58.51,30.6692,0.46000000000000085,0.018000000000000016,0.28999999999999915,1.092183689173503
all,Low volatility,long_only,vw,3,20,32.3306,16.57,20.89,0.545,-58.29,13.5,556.2,0.0,884,0,272,16.01,0.523,-58.63,28.9602,0.5599999999999987,0.02200000000000002,0.3400000000000034,1.1163804117374878
all,Low volatility,long_only,vw,3,50,29.0686,16.03,20.88,0.523,-58.51,13.5,556.2,0.0,884,0,272,15.13,0.486,-58.98,24.3814,0.9000000000000004,0.03700000000000003,0.46999999999999886,1.1922449080036421
all,Low volatility,long_only,vw,3,100,24.3394,15.12,20.89,0.485,-58.87,13.5,556.2,0.0,884,0,272,13.68,0.425,-59.57,18.2962,1.4399999999999995,0.06,0.7000000000000028,1.3302980946863285
all,Low volatility,long_only,vw,4,0,31.8126,16.49,20.9,0.542,-58.68,11.6,555.4,0.0,932,0,272,16.6,0.548,-58.39,32.4786,-0.11000000000000298,-0.006000000000000005,-0.28999999999999915,0.9794941900205058
all,Low volatility,long_only,vw,4,10,30.8486,16.33,20.91,0.535,-58.77,11.6,555.4,0.0,932,0,272,16.3,0.535,-58.51,30.6692,0.029999999999997584,0.0,-0.2600000000000051,1.0058495167790487
all,Low volatility,long_only,vw,4,20,29.9133,16.17,20.92,0.528,-58.86,11.6,555.4,0.0,932,0,272,16.01,0.523,-58.63,28.9602,0.16000000000000014,0.0050000000000000044,-0.22999999999999687,1.0329106843184785
all,Low volatility,long_only,vw,4,50,27.2717,15.7,20.95,0.508,-59.13,11.6,555.4,0.0,932,0,272,15.13,0.486,-58.98,24.3814,0.5699999999999985,0.02200000000000002,-0.15000000000000568,1.118545284520167
all,Low volatility,long_only,vw,4,100,23.3702,14.92,21.01,0.474,-59.58,11.6,555.4,0.0,932,0,272,13.68,0.425,-59.57,18.2962,1.2400000000000002,0.04899999999999999,-0.00999999999999801,1.2773253462467618
all,Low volatility,long_only,vw,5,0,36.7294,17.23,21.12,0.568,-57.84,10.8,553.5,0.0,884,0,272,16.6,0.548,-58.39,32.4786,0.629999999999999,0.019999999999999907,0.5499999999999972,1.1308800256168676
all,Low volatility,long_only,vw,5,10,35.7173,17.09,21.12,0.562,-57.89,10.8,553.5,0.0,884,0,272,16.3,0.535,-58.51,30.6692,0.7899999999999991,0.027000000000000024,0.6199999999999974,1.1645983592659737
all,Low volatility,long_only,vw,5,20,34.7326,16.94,21.12,0.556,-57.95,10.8,553.5,0.0,884,0,272,16.01,0.523,-58.63,28.9602,0.9299999999999997,0.03300000000000003,0.6799999999999997,1.199321827887929
all,Low volatility,long_only,vw,5,50,31.9354,16.51,21.11,0.539,-58.1,10.8,553.5,0.0,884,0,272,15.13,0.486,-58.98,24.3814,1.3800000000000008,0.05300000000000005,0.8799999999999955,1.3098263430319834
all,Low volatility,long_only,vw,5,100,27.7564,15.79,21.1,0.509,-58.37,10.8,553.5,0.0,884,0,272,13.68,0.425,-59.57,18.2962,2.1099999999999994,0.08400000000000002,1.2000000000000028,1.5170581869459232
all,Low volatility,long_only,vw,6,0,37.6821,17.36,21.13,0.574,-59.33,9.9,553.4,0.0,884,0,272,16.6,0.548,-58.39,32.4786,0.759999999999998,0.025999999999999912,-0.9399999999999977,1.160213186528976
all,Low volatility,long_only,vw,6,10,36.7351,17.23,21.12,0.569,-59.37,9.9,553.4,0.0,884,0,272,16.3,0.535,-58.51,30.6692,0.9299999999999997,0.03399999999999992,-0.8599999999999994,1.1977847482164519
all,Low volatility,long_only,vw,6,20,35.8113,17.1,21.12,0.563,-59.42,9.9,553.4,0.0,884,0,272,16.01,0.523,-58.63,28.9602,1.0899999999999999,0.039999999999999925,-0.7899999999999991,1.236569498829428
all,Low volatility,long_only,vw,6,50,33.1741,16.71,21.11,0.547,-59.55,9.9,553.4,0.0,884,0,272,15.13,0.486,-58.98,24.3814,1.58,0.061000000000000054,-0.5700000000000003,1.360631464969198
all,Low volatility,long_only,vw,6,100,29.1942,16.05,21.09,0.521,-59.77,9.9,553.4,0.0,884,0,272,13.68,0.425,-59.57,18.2962,2.370000000000001,0.09600000000000003,-0.20000000000000284,1.5956428110755239
all,Low volatility,long_only,vw,7,0,38.0455,17.41,21.02,0.578,-57.36,9.1,551.7,0.0,940,0,272,16.6,0.548,-58.39,32.4786,0.8099999999999987,0.029999999999999916,1.0300000000000011,1.171402092454724
all,Low volatility,long_only,vw,7,10,37.1438,17.29,21.02,0.572,-57.4,9.1,551.7,0.0,940,0,272,16.3,0.535,-58.51,30.6692,0.9899999999999984,0.03699999999999992,1.1099999999999994,1.2111108212799813
all,Low volatility,long_only,vw,7,20,36.263,17.17,21.03,0.567,-57.43,9.1,551.7,0.0,940,0,272,16.01,0.523,-58.63,28.9602,1.1600000000000001,0.04399999999999993,1.2000000000000028,1.2521667668040966
all,Low volatility,long_only,vw,7,50,33.7405,16.79,21.06,0.551,-57.55,9.1,551.7,0.0,940,0,272,15.13,0.486,-58.98,24.3814,1.6599999999999984,0.06500000000000006,1.4299999999999997,1.3838622884657976
all,Low volatility,long_only,vw,7,100,29.9109,16.17,21.12,0.525,-57.73,9.1,551.7,0.0,940,0,272,13.68,0.425,-59.57,18.2962,2.490000000000002,0.10000000000000003,1.8400000000000034,1.634814879592484
all,Low volatility,long_only,vw,8,0,34.3932,16.89,21.05,0.556,-58.0,8.6,550.0,0.0,952,0,272,16.6,0.548,-58.39,32.4786,0.28999999999999915,0.008000000000000007,0.39000000000000057,1.0589495852653747
all,Low volatility,long_only,vw,8,10,33.6283,16.78,21.06,0.551,-58.06,8.6,550.0,0.0,952,0,272,16.3,0.535,-58.51,30.6692,0.4800000000000004,0.016000000000000014,0.44999999999999574,1.0964844208521907
all,Low volatility,long_only,vw,8,20,32.8799,16.66,21.07,0.546,-58.13,8.6,550.0,0.0,952,0,272,16.01,0.523,-58.63,28.9602,0.6499999999999986,0.02300000000000002,0.5,1.1353478221835485
all,Low volatility,long_only,vw,8,50,30.7301,16.31,21.08,0.531,-58.33,8.6,550.0,0.0,952,0,272,15.13,0.486,-58.98,24.3814,1.179999999999998,0.04500000000000004,0.6499999999999986,1.2603911178193212
all,Low volatility,long_only,vw,8,100,27.4463,15.73,21.12,0.507,-58.66,8.6,550.0,0.0,952,0,272,13.68,0.425,-59.57,18.2962,2.0500000000000007,0.08200000000000002,0.9100000000000037,1.5001093123162188
all,Low volatility,long_only,vw,9,0,37.7624,17.38,20.77,0.58,-57.24,8.2,547.1,0.0,884,0,272,16.6,0.548,-58.39,32.4786,0.7799999999999976,0.03199999999999992,1.1499999999999986,1.1626855837382153
all,Low volatility,long_only,vw,9,10,36.9805,17.27,20.77,0.576,-57.27,8.2,547.1,0.0,884,0,272,16.3,0.535,-58.51,30.6692,0.9699999999999989,0.040999999999999925,1.2399999999999949,1.2057862611349497
all,Low volatility,long_only,vw,9,20,36.2143,17.16,20.77,0.571,-57.3,8.2,547.1,0.0,884,0,272,16.01,0.523,-58.63,28.9602,1.1499999999999986,0.04799999999999993,1.3300000000000054,1.250485148583228
all,Low volatility,long_only,vw,9,50,34.0064,16.83,20.75,0.558,-57.39,8.2,547.1,0.0,884,0,272,15.13,0.486,-58.98,24.3814,1.6999999999999975,0.07200000000000006,1.5899999999999963,1.3947681429286258
all,Low volatility,long_only,vw,9,100,30.6126,16.29,20.74,0.535,-57.55,8.2,547.1,0.0,884,0,272,13.68,0.425,-59.57,18.2962,2.6099999999999994,0.11000000000000004,2.020000000000003,1.6731671057378037
all,Low volatility,long_only,vw,10,0,44.0626,18.18,21.03,0.608,-56.8,7.7,546.4,0.0,884,0,272,16.6,0.548,-58.39,32.4786,1.5799999999999983,0.05999999999999994,1.5900000000000034,1.3566656198235147
all,Low volatility,long_only,vw,10,10,43.203,18.07,21.03,0.604,-56.85,7.7,546.4,0.0,884,0,272,16.3,0.535,-58.51,30.6692,1.7699999999999996,0.06899999999999995,1.6599999999999966,1.4086771092822767
all,Low volatility,long_only,vw,10,20,42.3595,17.97,21.03,0.6,-56.9,7.7,546.4,0.0,884,0,272,16.01,0.523,-58.63,28.9602,1.9599999999999973,0.07699999999999996,1.730000000000004,1.4626798157471288
all,Low volatility,long_only,vw,10,50,39.923,17.66,21.03,0.587,-57.05,7.7,546.4,0.0,884,0,272,15.13,0.486,-58.98,24.3814,2.5299999999999994,0.10099999999999998,1.9299999999999997,1.6374367345599516
all,Low volatility,long_only,vw,10,100,36.1588,17.15,21.03,0.566,-57.31,7.7,546.4,0.0,884,0,272,13.68,0.425,-59.57,18.2962,3.469999999999999,0.14099999999999996,2.259999999999998,1.9763010898437927
all,Low volatility,long_only,vw,11,0,36.4798,17.2,20.86,0.571,-57.96,7.3,541.0,0.0,952,0,272,16.6,0.548,-58.39,32.4786,0.5999999999999979,0.02299999999999991,0.4299999999999997,1.1231949653002284
all,Low volatility,long_only,vw,11,10,35.8156,17.1,20.85,0.567,-58.0,7.3,541.0,0.0,952,0,272,16.3,0.535,-58.51,30.6692,0.8000000000000007,0.03199999999999992,0.509999999999998,1.1678035292736688
all,Low volatility,long_only,vw,11,20,35.1629,17.01,20.85,0.564,-58.03,7.3,541.0,0.0,952,0,272,16.01,0.523,-58.63,28.9602,1.0,0.040999999999999925,0.6000000000000014,1.214180150689567
all,Low volatility,long_only,vw,11,50,33.2727,16.72,20.83,0.552,-58.14,7.3,541.0,0.0,952,0,272,15.13,0.486,-58.98,24.3814,1.589999999999998,0.06600000000000006,0.8399999999999963,1.3646755313476666
all,Low volatility,long_only,vw,11,100,30.3365,16.25,20.81,0.533,-58.32,7.3,541.0,0.0,952,0,272,13.68,0.425,-59.57,18.2962,2.5700000000000003,0.10800000000000004,1.25,1.6580765404838165
all,Low volatility,long_only,vw,12,0,39.8461,17.65,21.24,0.583,-58.54,6.6,548.1,0.0,952,0,272,16.6,0.548,-58.39,32.4786,1.0499999999999972,0.03499999999999992,-0.14999999999999858,1.2268416742100952
all,Low volatility,long_only,vw,12,10,39.1687,17.56,21.25,0.58,-58.58,6.6,548.1,0.0,952,0,272,16.3,0.535,-58.51,30.6692,1.259999999999998,0.04499999999999993,-0.07000000000000028,1.2771347149583296
all,Low volatility,long_only,vw,12,20,38.5023,17.48,21.25,0.576,-58.63,6.6,548.1,0.0,952,0,272,16.01,0.523,-58.63,28.9602,1.4699999999999989,0.052999999999999936,0.0,1.3294901278306088
all,Low volatility,long_only,vw,12,50,36.5674,17.21,21.27,0.565,-58.75,6.6,548.1,0.0,952,0,272,15.13,0.486,-58.98,24.3814,2.08,0.07899999999999996,0.22999999999999687,1.499807230101635
all,Low volatility,long_only,vw,12,100,33.5468,16.76,21.31,0.546,-58.96,6.6,548.1,0.0,952,0,272,13.68,0.425,-59.57,18.2962,3.080000000000002,0.12100000000000005,0.6099999999999994,1.833539204862212
all,Short-term reversal loser,long_only,vw,1,0,17.7917,13.54,28.72,0.375,-70.04,165.2,605.8,0.0,903,0,272,13.54,0.375,-70.04,17.7917,0.0,0.0,0.0,1.0
all,Short-term reversal loser,long_only,vw,1,10,11.3977,11.33,28.71,0.306,-70.61,165.2,605.8,0.0,903,0,272,11.33,0.306,-70.61,11.3977,0.0,0.0,0.0,1.0
all,Short-term reversal loser,long_only,vw,1,20,7.2962,9.16,28.71,0.237,-71.17,165.2,605.8,0.0,903,0,272,9.16,0.237,-71.17,7.2962,0.0,0.0,0.0,1.0
all,Short-term reversal loser,long_only,vw,1,50,1.9054,2.89,28.71,0.03,-76.26,165.2,605.8,0.0,903,0,272,2.89,0.03,-76.26,1.9054,0.0,0.0,0.0,1.0
all,Short-term reversal loser,long_only,vw,1,100,0.2002,-6.85,28.71,-0.314,-93.07,165.2,605.8,0.0,903,0,272,-6.85,-0.314,-93.07,0.2002,0.0,0.0,0.0,1.0
all,Short-term reversal loser,long_only,vw,2,0,12.046,11.61,29.38,0.311,-73.26,82.5,596.8,0.0,876,0,272,13.54,0.375,-70.04,17.7917,-1.9299999999999997,-0.064,-3.219999999999999,0.6770572795179775
all,Short-term reversal loser,long_only,vw,2,10,9.6573,10.52,29.36,0.278,-73.57,82.5,596.8,0.0,876,0,272,11.33,0.306,-70.61,11.3977,-0.8100000000000005,-0.02799999999999997,-2.9599999999999937,0.8473025259482175
all,Short-term reversal loser,long_only,vw,2,20,7.7394,9.45,29.34,0.245,-73.87,82.5,596.8,0.0,876,0,272,9.16,0.237,-71.17,7.2962,0.28999999999999915,0.008000000000000007,-2.700000000000003,1.0607439489049093
all,Short-term reversal loser,long_only,vw,2,50,3.9746,6.28,29.31,0.144,-74.78,82.5,596.8,0.0,876,0,272,2.89,0.03,-76.26,1.9054,3.39,0.11399999999999999,1.480000000000004,2.085966201322557
all,Short-term reversal loser,long_only,vw,2,100,1.2993,1.16,29.32,-0.024,-83.81,82.5,596.8,0.0,876,0,272,-6.85,-0.314,-93.07,0.2002,8.01,0.29,9.259999999999991,6.49000999000999
all,Short-term reversal loser,long_only,vw,3,0,15.6131,12.89,28.48,0.353,-71.94,55.6,587.6,0.0,876,0,272,13.54,0.375,-70.04,17.7917,-0.6499999999999986,-0.02200000000000002,-1.8999999999999915,0.8775496439350934
all,Short-term reversal loser,long_only,vw,3,10,13.4657,12.16,28.46,0.33,-72.13,55.6,587.6,0.0,876,0,272,11.33,0.306,-70.61,11.3977,0.8300000000000001,0.02400000000000002,-1.519999999999996,1.1814401151109435
all,Short-term reversal loser,long_only,vw,3,20,11.6107,11.42,28.44,0.307,-72.33,55.6,587.6,0.0,876,0,272,9.16,0.237,-71.17,7.2962,2.26,0.07,-1.1599999999999966,1.5913352155916778
all,Short-term reversal loser,long_only,vw,3,50,7.432,9.25,28.4,0.237,-72.9,55.6,587.6,0.0,876,0,272,2.89,0.03,-76.26,1.9054,6.359999999999999,0.207,3.3599999999999994,3.9004933347328645
all,Short-term reversal loser,long_only,vw,3,100,3.5156,5.7,28.39,0.12,-78.82,55.6,587.6,0.0,876,0,272,-6.85,-0.314,-93.07,0.2002,12.55,0.434,14.25,17.560439560439562
all,Short-term reversal loser,long_only,vw,4,0,19.9849,14.13,30.76,0.379,-70.26,41.1,579.8,0.0,1031,0,272,13.54,0.375,-70.04,17.7917,0.5900000000000016,0.0040000000000000036,-0.21999999999999886,1.1232709634267666
all,Short-term reversal loser,long_only,vw,4,10,17.8596,13.56,30.79,0.362,-70.5,41.1,579.8,0.0,1031,0,272,11.33,0.306,-70.61,11.3977,2.2300000000000004,0.055999999999999994,0.10999999999999943,1.5669477175219562
all,Short-term reversal loser,long_only,vw,4,20,15.9572,13.0,30.83,0.346,-70.74,41.1,579.8,0.0,1031,0,272,9.16,0.237,-71.17,7.2962,3.84,0.10899999999999999,0.4300000000000068,2.187056275869631
all,Short-term reversal loser,long_only,vw,4,50,11.3686,11.32,30.95,0.297,-71.44,41.1,579.8,0.0,1031,0,272,2.89,0.03,-76.26,1.9054,8.43,0.267,4.820000000000007,5.966516217067283
all,Short-term reversal loser,long_only,vw,4,100,6.4357,8.56,31.19,0.217,-72.57,41.1,579.8,0.0,1031,0,272,-6.85,-0.314,-93.07,0.2002,15.41,0.531,20.5,32.146353646353646
all,Short-term reversal loser,long_only,vw,5,0,17.7729,13.54,28.98,0.366,-68.79,33.0,601.0,0.0,876,0,272,13.54,0.375,-70.04,17.7917,0.0,-0.009000000000000008,1.25,0.9989433275066464
all,Short-term reversal loser,long_only,vw,5,10,16.2805,13.1,28.97,0.353,-68.92,33.0,601.0,0.0,876,0,272,11.33,0.306,-70.61,11.3977,1.7699999999999996,0.046999999999999986,1.6899999999999977,1.428402221500829
all,Short-term reversal loser,long_only,vw,5,20,14.9113,12.66,28.96,0.339,-69.06,33.0,601.0,0.0,876,0,272,9.16,0.237,-71.17,7.2962,3.5,0.10200000000000004,2.1099999999999994,2.04370768345166
all,Short-term reversal loser,long_only,vw,5,50,11.4464,11.35,28.94,0.299,-69.46,33.0,601.0,0.0,876,0,272,2.89,0.03,-76.26,1.9054,8.459999999999999,0.269,6.800000000000011,6.007347538574578
all,Short-term reversal loser,long_only,vw,5,100,7.3448,9.2,28.96,0.231,-70.12,33.0,601.0,0.0,876,0,272,-6.85,-0.314,-93.07,0.2002,16.049999999999997,0.545,22.94999999999999,36.68731268731269
all,Short-term reversal loser,long_only,vw,6,0,15.06,12.71,29.0,0.346,-71.2,29.0,560.6,0.0,876,0,272,13.54,0.375,-70.04,17.7917,-0.8299999999999983,-0.029000000000000026,-1.1599999999999966,0.8464621143566945
all,Short-term reversal loser,long_only,vw,6,10,13.9608,12.33,28.97,0.335,-71.31,29.0,560.6,0.0,876,0,272,11.33,0.306,-70.61,11.3977,1.0,0.029000000000000026,-0.7000000000000028,1.2248787035980944
all,Short-term reversal loser,long_only,vw,6,20,12.9402,11.96,28.94,0.323,-71.43,29.0,560.6,0.0,876,0,272,9.16,0.237,-71.17,7.2962,2.8000000000000007,0.08600000000000002,-0.2600000000000051,1.7735533565417616
all,Short-term reversal loser,long_only,vw,6,50,10.2967,10.84,28.87,0.288,-71.77,29.0,560.6,0.0,876,0,272,2.89,0.03,-76.26,1.9054,7.949999999999999,0.258,4.490000000000009,5.403957174346593
all,Short-term reversal loser,long_only,vw,6,100,7.0169,8.98,28.8,0.229,-72.34,29.0,560.6,0.0,876,0,272,-6.85,-0.314,-93.07,0.2002,15.83,0.543,20.72999999999999,35.04945054945055
all,Short-term reversal loser,long_only,vw,7,0,10.7517,11.05,27.33,0.295,-68.23,23.6,601.8,0.0,1040,0,272,13.54,0.375,-70.04,17.7917,-2.4899999999999984,-0.08000000000000002,1.8100000000000023,0.6043098748292743
all,Short-term reversal loser,long_only,vw,7,10,10.0812,10.73,27.35,0.284,-68.3,23.6,601.8,0.0,1040,0,272,11.33,0.306,-70.61,11.3977,-0.5999999999999996,-0.02200000000000002,2.3100000000000023,0.8844942400659783
all,Short-term reversal loser,long_only,vw,7,20,9.4514,10.42,27.38,0.274,-68.37,23.6,601.8,0.0,1040,0,272,9.16,0.237,-71.17,7.2962,1.2599999999999998,0.03700000000000003,2.799999999999997,1.2953866396206244
all,Short-term reversal loser,long_only,vw,7,50,7.7833,9.48,27.46,0.243,-68.59,23.6,601.8,0.0,1040,0,272,2.89,0.03,-76.26,1.9054,6.59,0.213,7.670000000000002,4.08486407053637
all,Short-term reversal loser,long_only,vw,7,100,5.6186,7.91,27.63,0.191,-68.96,23.6,601.8,0.0,1040,0,272,-6.85,-0.314,-93.07,0.2002,14.76,0.505,24.11,28.064935064935067
all,Short-term reversal loser,long_only,vw,8,0,17.7648,13.53,29.41,0.363,-59.31,20.4,570.0,0.0,894,0,272,13.54,0.375,-70.04,17.7917,-0.009999999999999787,-0.01200000000000001,10.730000000000004,0.9984880590387654
all,Short-term reversal loser,long_only,vw,8,10,16.8122,13.26,29.42,0.354,-59.41,20.4,570.0,0.0,894,0,272,11.33,0.306,-70.61,11.3977,1.9299999999999997,0.04799999999999999,11.200000000000003,1.4750519841722454
all,Short-term reversal loser,long_only,vw,8,20,15.9092,12.98,29.44,0.346,-59.56,20.4,570.0,0.0,894,0,272,9.16,0.237,-71.17,7.2962,3.8200000000000003,0.10899999999999999,11.61,2.180477508840218
all,Short-term reversal loser,long_only,vw,8,50,13.4734,12.16,29.49,0.321,-60.05,20.4,570.0,0.0,894,0,272,2.89,0.03,-76.26,1.9054,9.27,0.29100000000000004,16.210000000000008,7.071166159336622
all,Short-term reversal loser,long_only,vw,8,100,10.1943,10.79,29.61,0.279,-60.87,20.4,570.0,0.0,894,0,272,-6.85,-0.314,-93.07,0.2002,17.64,0.593,32.199999999999996,50.92057942057942
all,Short-term reversal loser,long_only,vw,9,0,14.6463,12.57,28.39,0.344,-70.55,19.2,577.6,0.0,876,0,272,13.54,0.375,-70.04,17.7917,-0.9699999999999989,-0.031000000000000028,-0.5099999999999909,0.8232096989045454
all,Short-term reversal loser,long_only,vw,9,10,13.9382,12.33,28.37,0.336,-70.6,19.2,577.6,0.0,876,0,272,11.33,0.306,-70.61,11.3977,1.0,0.030000000000000027,0.010000000000005116,1.2228958474078102
all,Short-term reversal loser,long_only,vw,9,20,13.2633,12.08,28.36,0.328,-70.64,19.2,577.6,0.0,876,0,272,9.16,0.237,-71.17,7.2962,2.92,0.09100000000000003,0.5300000000000011,1.8178366821084948
all,Short-term reversal loser,long_only,vw,9,50,11.4227,11.34,28.3,0.305,-70.77,19.2,577.6,0.0,876,0,272,2.89,0.03,-76.26,1.9054,8.45,0.275,5.490000000000009,5.994909205416186
all,Short-term reversal loser,long_only,vw,9,100,8.8901,10.12,28.25,0.266,-70.98,19.2,577.6,0.0,876,0,272,-6.85,-0.314,-93.07,0.2002,16.97,0.5800000000000001,22.08999999999999,44.40609390609391
all,Short-term reversal loser,long_only,vw,10,0,11.2262,11.26,29.49,0.296,-71.24,17.4,583.2,0.0,876,0,272,13.54,0.375,-70.04,17.7917,-2.2799999999999994,-0.07900000000000001,-1.1999999999999886,0.630979614089716
all,Short-term reversal loser,long_only,vw,10,10,10.7209,11.03,29.48,0.289,-71.31,17.4,583.2,0.0,876,0,272,11.33,0.306,-70.61,11.3977,-0.3000000000000007,-0.017000000000000015,-0.7000000000000028,0.940619598690964
all,Short-term reversal loser,long_only,vw,10,20,10.2375,10.81,29.48,0.282,-71.38,17.4,583.2,0.0,876,0,272,9.16,0.237,-71.17,7.2962,1.6500000000000004,0.044999999999999984,-0.20999999999999375,1.4031276554919
all,Short-term reversal loser,long_only,vw,10,50,8.9099,10.13,29.47,0.261,-71.6,17.4,583.2,0.0,876,0,272,2.89,0.03,-76.26,1.9054,7.24,0.231,4.660000000000011,4.676130996116301
all,Short-term reversal loser,long_only,vw,10,100,7.0572,9.0,29.47,0.226,-71.97,17.4,583.2,0.0,876,0,272,-6.85,-0.314,-93.07,0.2002,15.85,0.54,21.099999999999994,35.25074925074925
all,Short-term reversal loser,long_only,vw,11,0,11.7685,11.49,27.1,0.307,-60.04,15.1,585.7,0.0,894,0,272,13.54,0.375,-70.04,17.7917,-2.049999999999999,-0.068,10.000000000000007,0.6614601190442735
all,Short-term reversal loser,long_only,vw,11,10,11.3159,11.3,27.09,0.301,-60.12,15.1,585.7,0.0,894,0,272,11.33,0.306,-70.61,11.3977,-0.02999999999999936,-0.0050000000000000044,10.490000000000002,0.9928231134351666
all,Short-term reversal loser,long_only,vw,11,20,10.8799,11.1,27.08,0.295,-60.19,15.1,585.7,0.0,894,0,272,9.16,0.237,-71.17,7.2962,1.9399999999999995,0.057999999999999996,10.980000000000004,1.4911734875688714
all,Short-term reversal loser,long_only,vw,11,50,9.6665,10.53,27.06,0.275,-60.42,15.1,585.7,0.0,894,0,272,2.89,0.03,-76.26,1.9054,7.639999999999999,0.24500000000000002,15.840000000000003,5.073212973653826
all,Short-term reversal loser,long_only,vw,11,100,7.9269,9.56,27.04,0.243,-60.81,15.1,585.7,0.0,894,0,272,-6.85,-0.314,-93.07,0.2002,16.41,0.5569999999999999,32.25999999999999,39.594905094905094
all,Short-term reversal loser,long_only,vw,12,0,14.3031,12.45,29.51,0.332,-67.31,13.7,510.0,0.0,894,0,272,13.54,0.375,-70.04,17.7917,-1.0899999999999999,-0.04299999999999998,2.730000000000004,0.8039198053024726
all,Short-term reversal loser,long_only,vw,12,10,13.7831,12.27,29.52,0.327,-67.4,13.7,510.0,0.0,894,0,272,11.33,0.306,-70.61,11.3977,0.9399999999999995,0.02100000000000002,3.2099999999999937,1.2092878387744894
all,Short-term reversal loser,long_only,vw,12,20,13.2812,12.09,29.53,0.321,-67.49,13.7,510.0,0.0,894,0,272,9.16,0.237,-71.17,7.2962,2.9299999999999997,0.08400000000000002,3.680000000000007,1.82029001397988
all,Short-term reversal loser,long_only,vw,12,50,11.8779,11.54,29.57,0.305,-67.75,13.7,510.0,0.0,894,0,272,2.89,0.03,-76.26,1.9054,8.649999999999999,0.275,8.510000000000005,6.233809173926735
all,Short-term reversal loser,long_only,vw,12,100,9.8479,10.62,29.65,0.277,-68.19,13.7,510.0,0.0,894,0,272,-6.85,-0.314,-93.07,0.2002,17.47,0.591,24.879999999999995,49.19030969030969
top500,SMB small-minus-big,long_short,vw,1,0,2.7316,4.53,11.28,0.45,-33.32,13.9,446.6,49.9,447,50,272,4.53,0.45,-33.32,2.7316,0.0,0.0,0.0,1.0
top500,SMB small-minus-big,long_short,vw,1,10,2.6355,4.37,11.28,0.436,-33.5,13.9,446.6,49.9,447,50,272,4.37,0.436,-33.5,2.6355,0.0,0.0,0.0,1.0
top500,SMB small-minus-big,long_short,vw,1,20,2.5428,4.2,11.28,0.422,-33.68,13.9,446.6,49.9,447,50,272,4.2,0.422,-33.68,2.5428,0.0,0.0,0.0,1.0
top500,SMB small-minus-big,long_short,vw,1,50,2.2837,3.71,11.3,0.38,-34.22,13.9,446.6,49.9,447,50,272,3.71,0.38,-34.22,2.2837,0.0,0.0,0.0,1.0
top500,SMB small-minus-big,long_short,vw,1,100,1.9087,2.89,11.32,0.309,-37.18,13.9,446.6,49.9,447,50,272,2.89,0.309,-37.18,1.9087,0.0,0.0,0.0,1.0
top500,SMB small-minus-big,long_short,vw,2,0,2.8611,4.75,11.61,0.458,-33.03,10.5,446.8,49.9,447,50,272,4.53,0.45,-33.32,2.7316,0.21999999999999975,0.008000000000000007,0.28999999999999915,1.047408112461561
top500,SMB small-minus-big,long_short,vw,2,10,2.7859,4.62,11.61,0.448,-33.18,10.5,446.8,49.9,447,50,272,4.37,0.436,-33.5,2.6355,0.25,0.01200000000000001,0.3200000000000003,1.0570669702143805
top500,SMB small-minus-big,long_short,vw,2,20,2.7127,4.5,11.61,0.438,-33.32,10.5,446.8,49.9,447,50,272,4.2,0.422,-33.68,2.5428,0.2999999999999998,0.016000000000000014,0.35999999999999943,1.066816108227151
top500,SMB small-minus-big,long_short,vw,2,50,2.5041,4.13,11.62,0.407,-33.75,10.5,446.8,49.9,447,50,272,3.71,0.38,-34.22,2.2837,0.41999999999999993,0.02699999999999997,0.46999999999999886,1.0965100494811053
top500,SMB small-minus-big,long_short,vw,2,100,2.1911,3.52,11.63,0.356,-34.46,10.5,446.8,49.9,447,50,272,2.89,0.309,-37.18,1.9087,0.6299999999999999,0.046999999999999986,2.719999999999999,1.1479541048881436
top500,SMB small-minus-big,long_short,vw,3,0,3.3385,5.46,11.65,0.515,-34.05,9.7,447.1,49.9,447,50,272,4.53,0.45,-33.32,2.7316,0.9299999999999997,0.065,-0.7299999999999969,1.2221774784009372
top500,SMB small-minus-big,long_short,vw,3,10,3.2576,5.35,11.66,0.506,-34.18,9.7,447.1,49.9,447,50,272,4.37,0.436,-33.5,2.6355,0.9799999999999995,0.07,-0.6799999999999997,1.2360462910263708
top500,SMB small-minus-big,long_short,vw,3,20,3.1786,5.23,11.67,0.496,-34.3,9.7,447.1,49.9,447,50,272,4.2,0.422,-33.68,2.5428,1.0300000000000002,0.07400000000000001,-0.6199999999999974,1.2500393267264431
top500,SMB small-minus-big,long_short,vw,3,50,2.9527,4.89,11.7,0.467,-34.68,9.7,447.1,49.9,447,50,272,3.71,0.38,-34.22,2.2837,1.1799999999999997,0.08700000000000002,-0.46000000000000085,1.292945658361431
top500,SMB small-minus-big,long_short,vw,3,100,2.6108,4.32,11.76,0.419,-35.3,9.7,447.1,49.9,447,50,272,2.89,0.309,-37.18,1.9087,1.4300000000000002,0.10999999999999999,1.8800000000000026,1.3678419866925131
top500,SMB small-minus-big,long_short,vw,4,0,3.1048,5.13,11.73,0.485,-32.96,8.6,447.4,49.9,450,50,272,4.53,0.45,-33.32,2.7316,0.5999999999999996,0.034999999999999976,0.35999999999999943,1.136623224483819
top500,SMB small-minus-big,long_short,vw,4,10,3.0385,5.03,11.74,0.477,-33.07,8.6,447.4,49.9,450,50,272,4.37,0.436,-33.5,2.6355,0.6600000000000001,0.04099999999999998,0.4299999999999997,1.1529121608802884
top500,SMB small-minus-big,long_short,vw,4,20,2.9736,4.93,11.75,0.469,-33.18,8.6,447.4,49.9,450,50,272,4.2,0.422,-33.68,2.5428,0.7299999999999995,0.046999999999999986,0.5,1.1694195375176968
top500,SMB small-minus-big,long_short,vw,4,50,2.7869,4.63,11.77,0.443,-33.52,8.6,447.4,49.9,450,50,272,3.71,0.38,-34.22,2.2837,0.9199999999999999,0.063,0.6999999999999957,1.2203441783071332
top500,SMB small-minus-big,long_short,vw,4,100,2.5009,4.13,11.82,0.401,-34.08,8.6,447.4,49.9,450,50,272,2.89,0.309,-37.18,1.9087,1.2399999999999998,0.09200000000000003,3.1000000000000014,1.310263530151412
top500,SMB small-minus-big,long_short,vw,5,0,3.5169,5.7,12.36,0.511,-34.83,8.8,446.5,49.9,447,50,272,4.53,0.45,-33.32,2.7316,1.17,0.061,-1.509999999999998,1.2874871869966322
top500,SMB small-minus-big,long_short,vw,5,10,3.4413,5.6,12.35,0.503,-34.94,8.8,446.5,49.9,447,50,272,4.37,0.436,-33.5,2.6355,1.2299999999999995,0.067,-1.4399999999999977,1.3057484348321002
top500,SMB small-minus-big,long_short,vw,5,20,3.3672,5.5,12.34,0.496,-35.04,8.8,446.5,49.9,447,50,272,4.2,0.422,-33.68,2.5428,1.2999999999999998,0.07400000000000001,-1.3599999999999994,1.3242095327984897
top500,SMB small-minus-big,long_short,vw,5,50,3.1543,5.2,12.33,0.473,-35.35,8.8,446.5,49.9,447,50,272,3.71,0.38,-34.22,2.2837,1.4900000000000002,0.09299999999999997,-1.1300000000000026,1.3812234531681045
top500,SMB small-minus-big,long_short,vw,5,100,2.8281,4.69,12.31,0.434,-35.87,8.8,446.5,49.9,447,50,272,2.89,0.309,-37.18,1.9087,1.8000000000000003,0.125,1.3100000000000023,1.481689107769686
top500,SMB small-minus-big,long_short,vw,6,0,3.5495,5.75,11.93,0.529,-35.18,7.9,447.7,49.9,447,50,272,4.53,0.45,-33.32,2.7316,1.2199999999999998,0.07900000000000001,-1.8599999999999994,1.299421584419388
top500,SMB small-minus-big,long_short,vw,6,10,3.4812,5.66,11.93,0.522,-35.28,7.9,447.7,49.9,447,50,272,4.37,0.436,-33.5,2.6355,1.29,0.08600000000000002,-1.7800000000000011,1.3208878770631758
top500,SMB small-minus-big,long_short,vw,6,20,3.4141,5.57,11.93,0.514,-35.38,7.9,447.7,49.9,447,50,272,4.2,0.422,-33.68,2.5428,1.37,0.09200000000000003,-1.7000000000000028,1.3426537675003931
top500,SMB small-minus-big,long_short,vw,6,50,3.2204,5.3,11.95,0.492,-35.68,7.9,447.7,49.9,447,50,272,3.71,0.38,-34.22,2.2837,1.5899999999999999,0.11199999999999999,-1.4600000000000009,1.4101677102946972
top500,SMB small-minus-big,long_short,vw,6,100,2.9209,4.84,11.98,0.455,-36.17,7.9,447.7,49.9,447,50,272,2.89,0.309,-37.18,1.9087,1.9499999999999997,0.14600000000000002,1.009999999999998,1.530308586996385
top500,SMB small-minus-big,long_short,vw,7,0,3.2274,5.31,11.45,0.51,-33.7,8.0,446.7,49.9,450,50,272,4.53,0.45,-33.32,2.7316,0.7799999999999994,0.06,-0.38000000000000256,1.1815053448528334
top500,SMB small-minus-big,long_short,vw,7,10,3.1647,5.21,11.44,0.502,-33.8,8.0,446.7,49.9,450,50,272,4.37,0.436,-33.5,2.6355,0.8399999999999999,0.066,-0.29999999999999716,1.2007968127490039
top500,SMB small-minus-big,long_short,vw,7,20,3.1033,5.12,11.44,0.495,-33.91,8.0,446.7,49.9,450,50,272,4.2,0.422,-33.68,2.5428,0.9199999999999999,0.07300000000000001,-0.22999999999999687,1.2204263017146453
top500,SMB small-minus-big,long_short,vw,7,50,2.9257,4.85,11.42,0.473,-34.22,8.0,446.7,49.9,450,50,272,3.71,0.38,-34.22,2.2837,1.1399999999999997,0.09299999999999997,0.0,1.2811227394141087
top500,SMB small-minus-big,long_short,vw,7,100,2.6511,4.4,11.39,0.435,-34.74,8.0,446.7,49.9,450,50,272,2.89,0.309,-37.18,1.9087,1.5100000000000002,0.126,2.4399999999999977,1.3889558338135903
top500,SMB small-minus-big,long_short,vw,8,0,3.8331,6.11,12.02,0.554,-32.75,7.6,447.5,49.9,450,50,272,4.53,0.45,-33.32,2.7316,1.58,0.10400000000000004,0.5700000000000003,1.403243520281154
top500,SMB small-minus-big,long_short,vw,8,10,3.7617,6.02,12.03,0.547,-32.85,7.6,447.5,49.9,450,50,272,4.37,0.436,-33.5,2.6355,1.6499999999999995,0.11100000000000004,0.6499999999999986,1.4273192942515651
top500,SMB small-minus-big,long_short,vw,8,20,3.6915,5.93,12.04,0.539,-32.95,7.6,447.5,49.9,450,50,272,4.2,0.422,-33.68,2.5428,1.7299999999999995,0.11700000000000005,0.7299999999999969,1.451746106654082
top500,SMB small-minus-big,long_short,vw,8,50,3.4885,5.67,12.07,0.518,-33.24,7.6,447.5,49.9,450,50,272,3.71,0.38,-34.22,2.2837,1.96,0.138,0.9799999999999969,1.5275649165827385
top500,SMB small-minus-big,long_short,vw,8,100,3.1737,5.23,12.14,0.481,-33.73,7.6,447.5,49.9,450,50,272,2.89,0.309,-37.18,1.9087,2.3400000000000003,0.172,3.450000000000003,1.6627547545449783
top500,SMB small-minus-big,long_short,vw,9,0,3.9442,6.24,12.63,0.543,-33.05,7.7,446.7,49.9,447,50,272,4.53,0.45,-33.32,2.7316,1.71,0.09300000000000003,0.2700000000000031,1.4439156538292577
top500,SMB small-minus-big,long_short,vw,9,10,3.8713,6.15,12.62,0.537,-33.16,7.7,446.7,49.9,447,50,272,4.37,0.436,-33.5,2.6355,1.7800000000000002,0.10100000000000003,0.3400000000000034,1.4689053310567255
top500,SMB small-minus-big,long_short,vw,9,20,3.7997,6.07,12.62,0.53,-33.28,7.7,446.7,49.9,447,50,272,4.2,0.422,-33.68,2.5428,1.87,0.10800000000000004,0.3999999999999986,1.4942976246657227
top500,SMB small-minus-big,long_short,vw,9,50,3.5924,5.8,12.61,0.511,-33.63,7.7,446.7,49.9,447,50,272,3.71,0.38,-34.22,2.2837,2.09,0.131,0.5899999999999963,1.5730612602355827
top500,SMB small-minus-big,long_short,vw,9,100,3.2706,5.37,12.61,0.478,-34.22,7.7,446.7,49.9,447,50,272,2.89,0.309,-37.18,1.9087,2.48,0.16899999999999998,2.960000000000001,1.7135222926599256
top500,SMB small-minus-big,long_short,vw,10,0,3.5631,5.77,12.32,0.517,-33.27,7.4,446.0,49.9,447,50,272,4.53,0.45,-33.32,2.7316,1.2399999999999993,0.067,0.04999999999999716,1.304400351442378
top500,SMB small-minus-big,long_short,vw,10,10,3.4998,5.68,12.32,0.51,-33.34,7.4,446.0,49.9,447,50,272,4.37,0.436,-33.5,2.6355,1.3099999999999996,0.07400000000000001,0.1599999999999966,1.3279453614114969
top500,SMB small-minus-big,long_short,vw,10,20,3.4376,5.6,12.31,0.504,-33.41,7.4,446.0,49.9,447,50,272,4.2,0.422,-33.68,2.5428,1.3999999999999995,0.08200000000000002,0.2700000000000031,1.3518955482145667
top500,SMB small-minus-big,long_short,vw,10,50,3.2571,5.35,12.29,0.485,-33.62,7.4,446.0,49.9,447,50,272,3.71,0.38,-34.22,2.2837,1.6399999999999997,0.10499999999999998,0.6000000000000014,1.4262381223453167
top500,SMB small-minus-big,long_short,vw,10,100,2.9763,4.93,12.27,0.453,-33.98,7.4,446.0,49.9,447,50,272,2.89,0.309,-37.18,1.9087,2.0399999999999996,0.14400000000000002,3.200000000000003,1.559333577827841
top500,SMB small-minus-big,long_short,vw,11,0,4.7045,7.07,12.78,0.599,-31.75,7.3,446.1,49.9,450,50,272,4.53,0.45,-33.32,2.7316,2.54,0.14899999999999997,1.5700000000000003,1.7222506955630403
top500,SMB small-minus-big,long_short,vw,11,10,4.622,6.99,12.78,0.593,-31.87,7.3,446.1,49.9,450,50,272,4.37,0.436,-33.5,2.6355,2.62,0.15699999999999997,1.629999999999999,1.7537469170935307
top500,SMB small-minus-big,long_short,vw,11,20,4.5409,6.9,12.78,0.587,-31.99,7.3,446.1,49.9,450,50,272,4.2,0.422,-33.68,2.5428,2.7,0.16499999999999998,1.6900000000000013,1.7857873210633946
top500,SMB small-minus-big,long_short,vw,11,50,4.3056,6.65,12.78,0.569,-32.33,7.3,446.1,49.9,450,50,272,3.71,0.38,-34.22,2.2837,2.9400000000000004,0.18899999999999995,1.8900000000000006,1.8853614747996672
top500,SMB small-minus-big,long_short,vw,11,100,3.9389,6.23,12.79,0.537,-32.91,7.3,446.1,49.9,450,50,272,2.89,0.309,-37.18,1.9087,3.3400000000000003,0.22800000000000004,4.270000000000003,2.0636558914444385
top500,SMB small-minus-big,long_short,vw,12,0,3.5091,5.69,12.09,0.519,-34.96,6.8,449.3,50.0,450,50,272,4.53,0.45,-33.32,2.7316,1.1600000000000001,0.069,-1.6400000000000006,1.2846317176746231
top500,SMB small-minus-big,long_short,vw,12,10,3.4505,5.62,12.1,0.513,-35.06,6.8,449.3,50.0,450,50,272,4.37,0.436,-33.5,2.6355,1.25,0.07700000000000001,-1.5600000000000023,1.3092392335420224
top500,SMB small-minus-big,long_short,vw,12,20,3.3929,5.54,12.11,0.506,-35.16,6.8,449.3,50.0,450,50,272,4.2,0.422,-33.68,2.5428,1.3399999999999999,0.08400000000000002,-1.4799999999999969,1.3343165014944156
top500,SMB small-minus-big,long_short,vw,12,50,3.2254,5.3,12.14,0.487,-35.45,6.8,449.3,50.0,450,50,272,3.71,0.38,-34.22,2.2837,1.5899999999999999,0.10699999999999998,-1.230000000000004,1.4123571397293866
top500,SMB small-minus-big,long_short,vw,12,100,2.9634,4.91,12.21,0.454,-35.93,6.8,449.3,50.0,450,50,272,2.89,0.309,-37.18,1.9087,2.02,0.14500000000000002,1.25,1.552575051081888
top500,HML value-minus-growth,long_short,vw,1,0,1.7327,2.45,16.22,0.229,-66.24,23.7,142.3,137.8,145,144,272,2.45,0.229,-66.24,1.7327,0.0,0.0,0.0,1.0
top500,HML value-minus-growth,long_short,vw,1,10,1.6281,2.17,16.22,0.213,-67.23,23.7,142.3,137.8,145,144,272,2.17,0.213,-67.23,1.6281,0.0,0.0,0.0,1.0
top500,HML value-minus-growth,long_short,vw,1,20,1.5296,1.89,16.22,0.196,-68.19,23.7,142.3,137.8,145,144,272,1.89,0.196,-68.19,1.5296,0.0,0.0,0.0,1.0
top500,HML value-minus-growth,long_short,vw,1,50,1.268,1.05,16.23,0.145,-70.92,23.7,142.3,137.8,145,144,272,1.05,0.145,-70.92,1.268,0.0,0.0,0.0,1.0
top500,HML value-minus-growth,long_short,vw,1,100,0.9263,-0.34,16.27,0.059,-74.98,23.7,142.3,137.8,145,144,272,-0.34,0.059,-74.98,0.9263,0.0,0.0,0.0,1.0
top500,HML value-minus-growth,long_short,vw,2,0,1.6619,2.27,16.42,0.217,-67.08,20.6,142.4,137.9,145,144,272,2.45,0.229,-66.24,1.7327,-0.18000000000000016,-0.01200000000000001,-0.8400000000000034,0.9591389161424366
top500,HML value-minus-growth,long_short,vw,2,10,1.5745,2.02,16.42,0.203,-67.94,20.6,142.4,137.9,145,144,272,2.17,0.213,-67.23,1.6281,-0.1499999999999999,-0.009999999999999981,-0.7099999999999937,0.9670781893004115
top500,HML value-minus-growth,long_short,vw,2,20,1.4916,1.78,16.43,0.188,-68.79,20.6,142.4,137.9,145,144,272,1.89,0.196,-68.19,1.5296,-0.10999999999999988,-0.008000000000000007,-0.6000000000000085,0.9751569037656903
top500,HML value-minus-growth,long_short,vw,2,50,1.2676,1.05,16.44,0.145,-71.2,20.6,142.4,137.9,145,144,272,1.05,0.145,-70.92,1.268,0.0,0.0,-0.28000000000000114,0.9996845425867508
top500,HML value-minus-growth,long_short,vw,2,100,0.9649,-0.16,16.51,0.072,-74.83,20.6,142.4,137.9,145,144,272,-0.34,0.059,-74.98,0.9263,0.18000000000000002,0.012999999999999998,0.15000000000000568,1.0416711648494008
top500,HML value-minus-growth,long_short,vw,3,0,1.8437,2.74,16.56,0.245,-66.75,20.0,142.4,138.0,145,144,272,2.45,0.229,-66.24,1.7327,0.29000000000000004,0.015999999999999986,-0.5100000000000051,1.0640618687597392
top500,HML value-minus-growth,long_short,vw,3,10,1.7501,2.5,16.55,0.231,-67.59,20.0,142.4,138.0,145,144,272,2.17,0.213,-67.23,1.6281,0.33000000000000007,0.018000000000000016,-0.35999999999999943,1.0749339721147348
top500,HML value-minus-growth,long_short,vw,3,20,1.6611,2.26,16.55,0.217,-68.41,20.0,142.4,138.0,145,144,272,1.89,0.196,-68.19,1.5296,0.3699999999999999,0.02099999999999999,-0.21999999999999886,1.0859701882845187
top500,HML value-minus-growth,long_short,vw,3,50,1.4196,1.56,16.55,0.175,-70.76,20.0,142.4,138.0,145,144,272,1.05,0.145,-70.92,1.268,0.51,0.03,0.1599999999999966,1.1195583596214511
top500,HML value-minus-growth,long_short,vw,3,100,1.0908,0.38,16.6,0.105,-74.31,20.0,142.4,138.0,145,144,272,-0.34,0.059,-74.98,0.9263,0.72,0.046,0.6700000000000017,1.1775882543452445
top500,HML value-minus-growth,long_short,vw,4,0,1.5585,1.98,16.85,0.199,-68.7,18.7,142.6,137.9,146,146,272,2.45,0.229,-66.24,1.7327,-0.4700000000000002,-0.03,-2.460000000000008,0.899463265423905
top500,HML value-minus-growth,long_short,vw,4,10,1.4841,1.76,16.85,0.186,-69.48,18.7,142.6,137.9,146,146,272,2.17,0.213,-67.23,1.6281,-0.4099999999999999,-0.026999999999999996,-2.25,0.9115533443891652
top500,HML value-minus-growth,long_short,vw,4,20,1.413,1.54,16.85,0.174,-70.25,18.7,142.6,137.9,146,146,272,1.89,0.196,-68.19,1.5296,-0.34999999999999987,-0.02200000000000002,-2.0600000000000023,0.923770920502092
top500,HML value-minus-growth,long_short,vw,4,50,1.2191,0.88,16.87,0.135,-72.43,18.7,142.6,137.9,146,146,272,1.05,0.145,-70.92,1.268,-0.17000000000000004,-0.009999999999999981,-1.5100000000000051,0.9614353312302839
top500,HML value-minus-growth,long_short,vw,4,100,0.9514,-0.22,16.95,0.071,-76.27,18.7,142.6,137.9,146,146,272,-0.34,0.059,-74.98,0.9263,0.12000000000000002,0.011999999999999997,-1.289999999999992,1.0270970527906726
top500,HML value-minus-growth,long_short,vw,5,0,1.5007,1.81,16.65,0.19,-68.72,18.9,142.3,137.8,145,144,272,2.45,0.229,-66.24,1.7327,-0.6400000000000001,-0.03900000000000001,-2.480000000000004,0.8661049229526173
top500,HML value-minus-growth,long_short,vw,5,10,1.4284,1.59,16.65,0.177,-69.37,18.9,142.3,137.8,145,144,272,2.17,0.213,-67.23,1.6281,-0.5799999999999998,-0.036000000000000004,-2.1400000000000006,0.8773416866285854
top500,HML value-minus-growth,long_short,vw,5,20,1.3595,1.36,16.65,0.163,-70.01,18.9,142.3,137.8,145,144,272,1.89,0.196,-68.19,1.5296,-0.5299999999999998,-0.033,-1.8200000000000074,0.8887944560669455
top500,HML value-minus-growth,long_short,vw,5,50,1.1713,0.7,16.66,0.124,-71.86,18.9,142.3,137.8,145,144,272,1.05,0.145,-70.92,1.268,-0.3500000000000001,-0.02099999999999999,-0.9399999999999977,0.9237381703470031
top500,HML value-minus-growth,long_short,vw,5,100,0.9121,-0.41,16.72,0.058,-75.56,18.9,142.3,137.8,145,144,272,-0.34,0.059,-74.98,0.9263,-0.06999999999999995,-0.000999999999999994,-0.5799999999999983,0.9846701932419303
top500,HML value-minus-growth,long_short,vw,6,0,1.6347,2.19,17.47,0.21,-70.02,17.8,142.6,138.2,145,144,272,2.45,0.229,-66.24,1.7327,-0.26000000000000023,-0.019000000000000017,-3.780000000000001,0.9434408726265366
top500,HML value-minus-growth,long_short,vw,6,10,1.5609,1.98,17.46,0.198,-70.74,17.8,142.6,138.2,145,144,272,2.17,0.213,-67.23,1.6281,-0.18999999999999995,-0.014999999999999986,-3.509999999999991,0.9587248940482771
top500,HML value-minus-growth,long_short,vw,6,20,1.4902,1.78,17.46,0.187,-71.44,17.8,142.6,138.2,145,144,272,1.89,0.196,-68.19,1.5296,-0.10999999999999988,-0.009000000000000008,-3.25,0.9742416317991631
top500,HML value-minus-growth,long_short,vw,6,50,1.2962,1.15,17.47,0.151,-73.46,17.8,142.6,138.2,145,144,272,1.05,0.145,-70.92,1.268,0.09999999999999987,0.006000000000000005,-2.539999999999992,1.0222397476340694
top500,HML value-minus-growth,long_short,vw,6,100,1.0254,0.11,17.52,0.092,-76.53,17.8,142.6,138.2,145,144,272,-0.34,0.059,-74.98,0.9263,0.45,0.033,-1.5499999999999972,1.1069847781496276
top500,HML value-minus-growth,long_short,vw,7,0,1.5016,1.81,16.75,0.19,-64.3,17.5,142.4,138.0,146,146,272,2.45,0.229,-66.24,1.7327,-0.6400000000000001,-0.03900000000000001,1.9399999999999977,0.8666243435101287
top500,HML value-minus-growth,long_short,vw,7,10,1.4348,1.61,16.75,0.178,-64.96,17.5,142.4,138.0,146,146,272,2.17,0.213,-67.23,1.6281,-0.5599999999999998,-0.035,2.2700000000000102,0.8812726491001781
top500,HML value-minus-growth,long_short,vw,7,20,1.3708,1.4,16.75,0.166,-65.61,17.5,142.4,138.0,146,146,272,1.89,0.196,-68.19,1.5296,-0.49,-0.03,2.5799999999999983,0.8961820083682008
top500,HML value-minus-growth,long_short,vw,7,50,1.1947,0.79,16.77,0.13,-67.49,17.5,142.4,138.0,146,146,272,1.05,0.145,-70.92,1.268,-0.26,-0.014999999999999986,3.430000000000007,0.9421924290220821
top500,HML value-minus-growth,long_short,vw,7,100,0.9483,-0.23,16.85,0.069,-71.38,17.5,142.4,138.0,146,146,272,-0.34,0.059,-74.98,0.9263,0.11000000000000001,0.010000000000000009,3.6000000000000085,1.023750404836446
top500,HML value-minus-growth,long_short,vw,8,0,1.1266,0.53,17.84,0.117,-73.38,17.2,142.4,136.8,146,146,272,2.45,0.229,-66.24,1.7327,-1.9200000000000002,-0.112,-7.140000000000001,0.6501991112137128
top500,HML value-minus-growth,long_short,vw,8,10,1.0766,0.33,17.85,0.106,-74.1,17.2,142.4,136.8,146,146,272,2.17,0.213,-67.23,1.6281,-1.8399999999999999,-0.107,-6.86999999999999,0.6612615932682268
top500,HML value-minus-growth,long_short,vw,8,20,1.0288,0.13,17.86,0.095,-74.8,17.2,142.4,136.8,146,146,272,1.89,0.196,-68.19,1.5296,-1.7599999999999998,-0.101,-6.609999999999999,0.6725941422594142
top500,HML value-minus-growth,long_short,vw,8,50,0.8972,-0.48,17.91,0.061,-77.09,17.2,142.4,136.8,146,146,272,1.05,0.145,-70.92,1.268,-1.53,-0.08399999999999999,-6.170000000000002,0.7075709779179811
top500,HML value-minus-growth,long_short,vw,8,100,0.7125,-1.48,18.04,0.006,-80.91,17.2,142.4,136.8,146,146,272,-0.34,0.059,-74.98,0.9263,-1.14,-0.053,-5.929999999999993,0.7691892475439922
top500,HML value-minus-growth,long_short,vw,9,0,1.5345,1.91,17.39,0.194,-65.79,16.7,142.0,137.5,145,144,272,2.45,0.229,-66.24,1.7327,-0.5400000000000003,-0.035,0.44999999999998863,0.8856120505569343
top500,HML value-minus-growth,long_short,vw,9,10,1.4694,1.71,17.4,0.183,-66.58,16.7,142.0,137.5,145,144,272,2.17,0.213,-67.23,1.6281,-0.45999999999999996,-0.03,0.6500000000000057,0.9025244149622259
top500,HML value-minus-growth,long_short,vw,9,20,1.4068,1.52,17.4,0.172,-67.39,16.7,142.0,137.5,145,144,272,1.89,0.196,-68.19,1.5296,-0.3699999999999999,-0.02400000000000002,0.7999999999999972,0.9197175732217573
top500,HML value-minus-growth,long_short,vw,9,50,1.234,0.93,17.43,0.139,-69.85,16.7,142.0,137.5,145,144,272,1.05,0.145,-70.92,1.268,-0.12,-0.005999999999999978,1.0700000000000074,0.973186119873817
top500,HML value-minus-growth,long_short,vw,9,100,0.9899,-0.04,17.52,0.084,-74.32,16.7,142.0,137.5,145,144,272,-0.34,0.059,-74.98,0.9263,0.30000000000000004,0.02500000000000001,0.6600000000000108,1.0686602612544531
top500,HML value-minus-growth,long_short,vw,10,0,1.4535,1.66,17.53,0.181,-75.22,16.6,141.9,136.7,145,144,272,2.45,0.229,-66.24,1.7327,-0.7900000000000003,-0.048000000000000015,-8.980000000000004,0.8388642003809085
top500,HML value-minus-growth,long_short,vw,10,10,1.3925,1.47,17.52,0.17,-75.7,16.6,141.9,136.7,145,144,272,2.17,0.213,-67.23,1.6281,-0.7,-0.04299999999999998,-8.469999999999999,0.8552914440144954
top500,HML value-minus-growth,long_short,vw,10,20,1.3339,1.28,17.52,0.159,-76.18,16.6,141.9,136.7,145,144,272,1.89,0.196,-68.19,1.5296,-0.6099999999999999,-0.037000000000000005,-7.990000000000009,0.8720580543933054
top500,HML value-minus-growth,long_short,vw,10,50,1.1718,0.7,17.52,0.127,-77.56,16.6,141.9,136.7,145,144,272,1.05,0.145,-70.92,1.268,-0.3500000000000001,-0.017999999999999988,-6.640000000000001,0.9241324921135646
top500,HML value-minus-growth,long_short,vw,10,100,0.9422,-0.26,17.57,0.072,-79.71,16.6,141.9,136.7,145,144,272,-0.34,0.059,-74.98,0.9263,0.08000000000000002,0.012999999999999998,-4.72999999999999,1.0171650653136133
top500,HML value-minus-growth,long_short,vw,11,0,1.9927,3.09,17.81,0.259,-67.88,16.2,142.1,137.0,146,146,272,2.45,0.229,-66.24,1.7327,0.6399999999999997,0.03,-1.6400000000000006,1.1500548277255151
top500,HML value-minus-growth,long_short,vw,11,10,1.9123,2.9,17.79,0.248,-68.47,16.2,142.1,137.0,146,146,272,2.17,0.213,-67.23,1.6281,0.73,0.035,-1.2399999999999949,1.1745593022541614
top500,HML value-minus-growth,long_short,vw,11,20,1.8349,2.71,17.77,0.238,-69.05,16.2,142.1,137.0,146,146,272,1.89,0.196,-68.19,1.5296,0.8200000000000001,0.04199999999999998,-0.8599999999999994,1.1995946652719665
top500,HML value-minus-growth,long_short,vw,11,50,1.6202,2.15,17.74,0.207,-70.73,16.2,142.1,137.0,146,146,272,1.05,0.145,-70.92,1.268,1.0999999999999999,0.062,0.18999999999999773,1.2777602523659306
top500,HML value-minus-growth,long_short,vw,11,100,1.3142,1.21,17.73,0.155,-73.36,16.2,142.1,137.0,146,146,272,-0.34,0.059,-74.98,0.9263,1.55,0.096,1.6200000000000045,1.4187628198207924
top500,HML value-minus-growth,long_short,vw,12,0,1.9911,3.09,17.9,0.258,-69.67,16.1,143.2,138.5,146,146,272,2.45,0.229,-66.24,1.7327,0.6399999999999997,0.028999999999999998,-3.430000000000007,1.1491314134010504
top500,HML value-minus-growth,long_short,vw,12,10,1.9101,2.9,17.9,0.248,-70.36,16.1,143.2,138.5,146,146,272,2.17,0.213,-67.23,1.6281,0.73,0.035,-3.1299999999999955,1.1732080339045512
top500,HML value-minus-growth,long_short,vw,12,20,1.8322,2.71,17.9,0.237,-71.03,16.1,143.2,138.5,146,146,272,1.89,0.196,-68.19,1.5296,0.8200000000000001,0.04099999999999998,-2.8400000000000034,1.1978294979079498
top500,HML value-minus-growth,long_short,vw,12,50,1.6161,2.14,17.92,0.206,-72.97,16.1,143.2,138.5,146,146,272,1.05,0.145,-70.92,1.268,1.09,0.061,-2.049999999999997,1.2745268138801262
top500,HML value-minus-growth,long_short,vw,12,100,1.3084,1.19,17.99,0.154,-75.96,16.1,143.2,138.5,146,146,272,-0.34,0.059,-74.98,0.9263,1.53,0.095,-0.9799999999999898,1.4125013494548202
top500,RMW robust-minus-weak,long_short,vw,1,0,1.4574,1.68,12.58,0.196,-41.49,23.6,114.0,114.2,79,79,272,1.68,0.196,-41.49,1.4574,0.0,0.0,0.0,1.0
top500,RMW robust-minus-weak,long_short,vw,1,10,1.3691,1.4,12.6,0.175,-42.57,23.6,114.0,114.2,79,79,272,1.4,0.175,-42.57,1.3691,0.0,0.0,0.0,1.0
top500,RMW robust-minus-weak,long_short,vw,1,20,1.2861,1.12,12.61,0.153,-43.68,23.6,114.0,114.2,79,79,272,1.12,0.153,-43.68,1.2861,0.0,0.0,0.0,1.0
top500,RMW robust-minus-weak,long_short,vw,1,50,1.0658,0.28,12.65,0.087,-46.86,23.6,114.0,114.2,79,79,272,0.28,0.087,-46.86,1.0658,0.0,0.0,0.0,1.0
top500,RMW robust-minus-weak,long_short,vw,1,100,0.7785,-1.1,12.75,-0.021,-51.8,23.6,114.0,114.2,79,79,272,-1.1,-0.021,-51.8,0.7785,0.0,0.0,0.0,1.0
top500,RMW robust-minus-weak,long_short,vw,2,0,1.5253,1.88,12.63,0.212,-40.27,19.1,114.0,114.2,79,79,272,1.68,0.196,-41.49,1.4574,0.19999999999999996,0.015999999999999986,1.2199999999999989,1.0465898174831894
top500,RMW robust-minus-weak,long_short,vw,2,10,1.4504,1.65,12.65,0.195,-41.09,19.1,114.0,114.2,79,79,272,1.4,0.175,-42.57,1.3691,0.25,0.020000000000000018,1.4799999999999969,1.0593820758162296
top500,RMW robust-minus-weak,long_short,vw,2,20,1.379,1.43,12.66,0.177,-42.0,19.1,114.0,114.2,79,79,272,1.12,0.153,-43.68,1.2861,0.30999999999999983,0.023999999999999994,1.6799999999999997,1.0722338853899385
top500,RMW robust-minus-weak,long_short,vw,2,50,1.185,0.75,12.72,0.124,-44.65,19.1,114.0,114.2,79,79,272,0.28,0.087,-46.86,1.0658,0.47,0.037000000000000005,2.210000000000001,1.1118408707074499
top500,RMW robust-minus-weak,long_short,vw,2,100,0.9195,-0.37,12.83,0.037,-48.81,19.1,114.0,114.2,79,79,272,-1.1,-0.021,-51.8,0.7785,0.7300000000000001,0.057999999999999996,2.989999999999995,1.1811175337186899
top500,RMW robust-minus-weak,long_short,vw,3,0,1.4872,1.77,12.59,0.203,-40.59,18.4,114.1,114.3,79,79,272,1.68,0.196,-41.49,1.4574,0.09000000000000008,0.007000000000000006,0.8999999999999986,1.0204473720323866
top500,RMW robust-minus-weak,long_short,vw,3,10,1.4168,1.55,12.61,0.186,-41.5,18.4,114.1,114.3,79,79,272,1.4,0.175,-42.57,1.3691,0.15000000000000013,0.01100000000000001,1.0700000000000003,1.0348404061062013
top500,RMW robust-minus-weak,long_short,vw,3,20,1.3496,1.33,12.62,0.169,-42.4,18.4,114.1,114.3,79,79,272,1.12,0.153,-43.68,1.2861,0.20999999999999996,0.016000000000000014,1.2800000000000011,1.049374076665889
top500,RMW robust-minus-weak,long_short,vw,3,50,1.1663,0.68,12.68,0.118,-45.01,18.4,114.1,114.3,79,79,272,0.28,0.087,-46.86,1.0658,0.4,0.031,1.8500000000000014,1.0942953649840494
top500,RMW robust-minus-weak,long_short,vw,3,100,0.9134,-0.4,12.8,0.034,-49.13,18.4,114.1,114.3,79,79,272,-1.1,-0.021,-51.8,0.7785,0.7000000000000001,0.05500000000000001,2.6699999999999946,1.173281952472704
top500,RMW robust-minus-weak,long_short,vw,4,0,1.6251,2.17,12.69,0.234,-41.69,16.5,114.1,114.3,79,79,272,1.68,0.196,-41.49,1.4574,0.49,0.038000000000000006,-0.19999999999999574,1.1150679291889667
top500,RMW robust-minus-weak,long_short,vw,4,10,1.5561,1.97,12.7,0.219,-42.22,16.5,114.1,114.3,79,79,272,1.4,0.175,-42.57,1.3691,0.5700000000000001,0.04400000000000001,0.3500000000000014,1.1365860784456943
top500,RMW robust-minus-weak,long_short,vw,4,20,1.4901,1.78,12.71,0.204,-42.78,16.5,114.1,114.3,79,79,272,1.12,0.153,-43.68,1.2861,0.6599999999999999,0.05099999999999999,0.8999999999999986,1.158619080942384
top500,RMW robust-minus-weak,long_short,vw,4,50,1.3078,1.19,12.76,0.158,-44.5,16.5,114.1,114.3,79,79,272,0.28,0.087,-46.86,1.0658,0.9099999999999999,0.07100000000000001,2.3599999999999994,1.2270594858322386
top500,RMW robust-minus-weak,long_short,vw,4,100,1.0512,0.22,12.86,0.083,-47.27,16.5,114.1,114.3,79,79,272,-1.1,-0.021,-51.8,0.7785,1.32,0.10400000000000001,4.529999999999994,1.3502890173410405
top500,RMW robust-minus-weak,long_short,vw,5,0,1.5317,1.9,12.53,0.213,-44.91,16.3,114.1,114.2,79,79,272,1.68,0.196,-41.49,1.4574,0.21999999999999997,0.016999999999999987,-3.4199999999999946,1.050981199396185
top500,RMW robust-minus-weak,long_short,vw,5,10,1.4682,1.71,12.53,0.198,-45.46,16.3,114.1,114.2,79,79,272,1.4,0.175,-42.57,1.3691,0.31000000000000005,0.02300000000000002,-2.8900000000000006,1.0723833175078519
top500,RMW robust-minus-weak,long_short,vw,5,20,1.4072,1.52,12.54,0.183,-46.0,16.3,114.1,114.2,79,79,272,1.12,0.153,-43.68,1.2861,0.3999999999999999,0.03,-2.3200000000000003,1.09416064069668
top500,RMW robust-minus-weak,long_short,vw,5,50,1.2387,0.95,12.56,0.138,-47.6,16.3,114.1,114.2,79,79,272,0.28,0.087,-46.86,1.0658,0.6699999999999999,0.05100000000000002,-0.740000000000002,1.162225558266091
top500,RMW robust-minus-weak,long_short,vw,5,100,1.0003,0.0,12.62,0.063,-50.52,16.3,114.1,114.2,79,79,272,-1.1,-0.021,-51.8,0.7785,1.1,0.084,1.279999999999994,1.2849068721901091
top500,RMW robust-minus-weak,long_short,vw,6,0,1.8145,2.66,13.47,0.264,-43.6,15.3,114.3,114.4,79,79,272,1.68,0.196,-41.49,1.4574,0.9800000000000002,0.068,-2.1099999999999994,1.2450253876766846
top500,RMW robust-minus-weak,long_short,vw,6,10,1.743,2.48,13.48,0.25,-44.18,15.3,114.3,114.4,79,79,272,1.4,0.175,-42.57,1.3691,1.08,0.07500000000000001,-1.6099999999999994,1.2730991162077279
top500,RMW robust-minus-weak,long_short,vw,6,20,1.6743,2.3,13.5,0.237,-44.75,15.3,114.3,114.4,79,79,272,1.12,0.153,-43.68,1.2861,1.1799999999999997,0.08399999999999999,-1.0700000000000003,1.3018427804991834
top500,RMW robust-minus-weak,long_short,vw,6,50,1.4834,1.75,13.56,0.197,-46.44,15.3,114.3,114.4,79,79,272,0.28,0.087,-46.86,1.0658,1.47,0.11000000000000001,0.4200000000000017,1.3918183524113341
top500,RMW robust-minus-weak,long_short,vw,6,100,1.2109,0.85,13.69,0.131,-49.17,15.3,114.3,114.4,79,79,272,-1.1,-0.021,-51.8,0.7785,1.9500000000000002,0.152,2.6299999999999955,1.5554271034039822
top500,RMW robust-minus-weak,long_short,vw,7,0,1.6557,2.25,12.29,0.243,-45.55,14.8,114.2,114.4,79,79,272,1.68,0.196,-41.49,1.4574,0.5700000000000001,0.046999999999999986,-4.059999999999995,1.1360642239604775
top500,RMW robust-minus-weak,long_short,vw,7,10,1.5939,2.08,12.29,0.229,-46.18,14.8,114.2,114.4,79,79,272,1.4,0.175,-42.57,1.3691,0.6800000000000002,0.05400000000000002,-3.6099999999999994,1.1641954568694763
top500,RMW robust-minus-weak,long_short,vw,7,20,1.5343,1.91,12.29,0.215,-46.8,14.8,114.2,114.4,79,79,272,1.12,0.153,-43.68,1.2861,0.7899999999999998,0.062,-3.1199999999999974,1.1929865484799005
top500,RMW robust-minus-weak,long_short,vw,7,50,1.3679,1.39,12.29,0.174,-48.64,14.8,114.2,114.4,79,79,272,0.28,0.087,-46.86,1.0658,1.1099999999999999,0.087,-1.7800000000000011,1.2834490523550384
top500,RMW robust-minus-weak,long_short,vw,7,100,1.1285,0.53,12.34,0.105,-51.58,14.8,114.2,114.4,79,79,272,-1.1,-0.021,-51.8,0.7785,1.6300000000000001,0.126,0.21999999999999886,1.4495825305073862
top500,RMW robust-minus-weak,long_short,vw,8,0,1.3759,1.42,13.26,0.174,-50.89,14.9,114.0,114.1,79,79,272,1.68,0.196,-41.49,1.4574,-0.26,-0.02200000000000002,-9.399999999999999,0.9440784959516947
top500,RMW robust-minus-weak,long_short,vw,8,10,1.3231,1.24,13.28,0.161,-51.53,14.9,114.0,114.1,79,79,272,1.4,0.175,-42.57,1.3691,-0.15999999999999992,-0.013999999999999985,-8.96,0.9664012855160324
top500,RMW robust-minus-weak,long_short,vw,8,20,1.2723,1.07,13.3,0.148,-52.15,14.9,114.0,114.1,79,79,272,1.12,0.153,-43.68,1.2861,-0.050000000000000044,-0.0050000000000000044,-8.469999999999999,0.9892698857009563
top500,RMW robust-minus-weak,long_short,vw,8,50,1.1309,0.54,13.37,0.109,-53.99,14.9,114.0,114.1,79,79,272,0.28,0.087,-46.86,1.0658,0.26,0.022000000000000006,-7.130000000000003,1.0610808782135484
top500,RMW robust-minus-weak,long_short,vw,8,100,0.9281,-0.33,13.52,0.045,-56.91,14.9,114.0,114.1,79,79,272,-1.1,-0.021,-51.8,0.7785,0.77,0.066,-5.109999999999999,1.1921644187540141
top500,RMW robust-minus-weak,long_short,vw,9,0,1.5409,1.93,13.16,0.211,-52.09,14.6,114.6,114.8,79,79,272,1.68,0.196,-41.49,1.4574,0.25,0.014999999999999986,-10.600000000000001,1.0572938108961163
top500,RMW robust-minus-weak,long_short,vw,9,10,1.483,1.75,13.18,0.198,-52.77,14.6,114.6,114.8,79,79,272,1.4,0.175,-42.57,1.3691,0.3500000000000001,0.02300000000000002,-10.200000000000003,1.0831933386896502
top500,RMW robust-minus-weak,long_short,vw,9,20,1.4271,1.58,13.2,0.185,-53.45,14.6,114.6,114.8,79,79,272,1.12,0.153,-43.68,1.2861,0.45999999999999996,0.032,-9.770000000000003,1.1096337765337065
top500,RMW robust-minus-weak,long_short,vw,9,50,1.2714,1.06,13.27,0.146,-55.44,14.6,114.6,114.8,79,79,272,0.28,0.087,-46.86,1.0658,0.78,0.059,-8.579999999999998,1.192906736723588
top500,RMW robust-minus-weak,long_short,vw,9,100,1.0471,0.2,13.42,0.082,-58.59,14.6,114.6,114.8,79,79,272,-1.1,-0.021,-51.8,0.7785,1.3,0.10300000000000001,-6.790000000000006,1.3450224791265253
top500,RMW robust-minus-weak,long_short,vw,10,0,1.0557,0.24,13.05,0.084,-56.3,14.8,114.4,114.6,79,79,272,1.68,0.196,-41.49,1.4574,-1.44,-0.112,-14.809999999999995,0.7243721696171265
top500,RMW robust-minus-weak,long_short,vw,10,10,1.016,0.07,13.06,0.071,-56.89,14.8,114.4,114.6,79,79,272,1.4,0.175,-42.57,1.3691,-1.3299999999999998,-0.104,-14.32,0.7420933459937186
top500,RMW robust-minus-weak,long_short,vw,10,20,0.9777,-0.1,13.07,0.058,-57.48,14.8,114.4,114.6,79,79,272,1.12,0.153,-43.68,1.2861,-1.2200000000000002,-0.095,-13.799999999999997,0.7602052717518077
top500,RMW robust-minus-weak,long_short,vw,10,50,0.871,-0.61,13.1,0.02,-59.2,14.8,114.4,114.6,79,79,272,0.28,0.087,-46.86,1.0658,-0.89,-0.06699999999999999,-12.340000000000003,0.8172264965284293
top500,RMW robust-minus-weak,long_short,vw,10,100,0.7173,-1.45,13.2,-0.044,-61.94,14.8,114.4,114.6,79,79,272,-1.1,-0.021,-51.8,0.7785,-0.34999999999999987,-0.022999999999999996,-10.14,0.9213872832369944
top500,RMW robust-minus-weak,long_short,vw,11,0,1.1584,0.65,14.4,0.118,-55.72,15.0,113.5,113.7,79,79,272,1.68,0.196,-41.49,1.4574,-1.0299999999999998,-0.07800000000000001,-14.229999999999997,0.79484012625223
top500,RMW robust-minus-weak,long_short,vw,11,10,1.1143,0.48,14.4,0.106,-56.16,15.0,113.5,113.7,79,79,272,1.4,0.175,-42.57,1.3691,-0.9199999999999999,-0.06899999999999999,-13.589999999999996,0.813892338032284
top500,RMW robust-minus-weak,long_short,vw,11,20,1.0719,0.31,14.4,0.094,-56.68,15.0,113.5,113.7,79,79,272,1.12,0.153,-43.68,1.2861,-0.81,-0.059,-13.0,0.8334499650104968
top500,RMW robust-minus-weak,long_short,vw,11,50,0.9537,-0.21,14.42,0.059,-58.48,15.0,113.5,113.7,79,79,272,0.28,0.087,-46.86,1.0658,-0.49,-0.027999999999999997,-11.619999999999997,0.8948207918934133
top500,RMW robust-minus-weak,long_short,vw,11,100,0.7836,-1.07,14.49,-0.001,-61.36,15.0,113.5,113.7,79,79,272,-1.1,-0.021,-51.8,0.7785,0.030000000000000027,0.02,-9.560000000000002,1.0065510597302505
top500,RMW robust-minus-weak,long_short,vw,12,0,1.8162,2.67,13.9,0.26,-44.44,13.7,114.6,114.5,79,79,272,1.68,0.196,-41.49,1.4574,0.99,0.064,-2.9499999999999957,1.246191848497324
top500,RMW robust-minus-weak,long_short,vw,12,10,1.7525,2.51,13.92,0.249,-44.99,13.7,114.6,114.5,79,79,272,1.4,0.175,-42.57,1.3691,1.1099999999999999,0.07400000000000001,-2.4200000000000017,1.2800379811555036
top500,RMW robust-minus-weak,long_short,vw,12,20,1.691,2.34,13.94,0.237,-45.54,13.7,114.6,114.5,79,79,272,1.12,0.153,-43.68,1.2861,1.2199999999999998,0.08399999999999999,-1.8599999999999994,1.3148277738900553
top500,RMW robust-minus-weak,long_short,vw,12,50,1.5184,1.86,14.0,0.203,-47.15,13.7,114.6,114.5,79,79,272,0.28,0.087,-46.86,1.0658,1.58,0.11600000000000002,-0.28999999999999915,1.4246575342465753
top500,RMW robust-minus-weak,long_short,vw,12,100,1.2672,1.05,14.14,0.146,-49.76,13.7,114.6,114.5,79,79,272,-1.1,-0.021,-51.8,0.7785,2.1500000000000004,0.16699999999999998,2.039999999999999,1.6277456647398847
top500,CMA conservative-minus-aggressive,long_short,vw,1,0,1.172,0.7,11.72,0.119,-42.0,32.9,142.4,142.9,142,142,272,0.7,0.119,-42.0,1.172,0.0,0.0,0.0,1.0
top500,CMA conservative-minus-aggressive,long_short,vw,1,10,1.0741,0.32,11.71,0.086,-44.57,32.9,142.4,142.9,142,142,272,0.32,0.086,-44.57,1.0741,0.0,0.0,0.0,1.0
top500,CMA conservative-minus-aggressive,long_short,vw,1,20,0.9842,-0.07,11.7,0.053,-47.03,32.9,142.4,142.9,142,142,272,-0.07,0.053,-47.03,0.9842,0.0,0.0,0.0,1.0
top500,CMA conservative-minus-aggressive,long_short,vw,1,50,0.7566,-1.22,11.71,-0.046,-53.81,32.9,142.4,142.9,142,142,272,-1.22,-0.046,-53.81,0.7566,0.0,0.0,0.0,1.0
top500,CMA conservative-minus-aggressive,long_short,vw,1,100,0.4865,-3.13,11.82,-0.209,-63.29,32.9,142.4,142.9,142,142,272,-3.13,-0.209,-63.29,0.4865,0.0,0.0,0.0,1.0
top500,CMA conservative-minus-aggressive,long_short,vw,2,0,1.0443,0.19,12.64,0.081,-47.51,29.3,142.5,142.9,142,142,272,0.7,0.119,-42.0,1.172,-0.51,-0.03799999999999999,-5.509999999999998,0.8910409556313994
top500,CMA conservative-minus-aggressive,long_short,vw,2,10,0.9665,-0.15,12.63,0.054,-49.64,29.3,142.5,142.9,142,142,272,0.32,0.086,-44.57,1.0741,-0.47,-0.031999999999999994,-5.07,0.8998231077180895
top500,CMA conservative-minus-aggressive,long_short,vw,2,20,0.8943,-0.49,12.63,0.027,-51.68,29.3,142.5,142.9,142,142,272,-0.07,0.053,-47.03,0.9842,-0.42,-0.026,-4.649999999999999,0.9086567770778298
top500,CMA conservative-minus-aggressive,long_short,vw,2,50,0.7079,-1.51,12.65,-0.054,-57.35,29.3,142.5,142.9,142,142,272,-1.22,-0.046,-53.81,0.7566,-0.29000000000000004,-0.008,-3.539999999999999,0.9356330954269098
top500,CMA conservative-minus-aggressive,long_short,vw,2,100,0.4779,-3.21,12.78,-0.188,-65.43,29.3,142.5,142.9,142,142,272,-3.13,-0.209,-63.29,0.4865,-0.08000000000000007,0.02099999999999999,-2.1400000000000077,0.982322713257965
top500,CMA conservative-minus-aggressive,long_short,vw,3,0,1.0252,0.11,12.11,0.073,-47.89,28.9,142.7,143.0,142,142,272,0.7,0.119,-42.0,1.172,-0.59,-0.046,-5.890000000000001,0.8747440273037542
top500,CMA conservative-minus-aggressive,long_short,vw,3,10,0.95,-0.23,12.1,0.045,-49.95,28.9,142.7,143.0,142,142,272,0.32,0.086,-44.57,1.0741,-0.55,-0.040999999999999995,-5.380000000000003,0.8844614095521831
top500,CMA conservative-minus-aggressive,long_short,vw,3,20,0.8801,-0.56,12.09,0.017,-51.94,28.9,142.7,143.0,142,142,272,-0.07,0.053,-47.03,0.9842,-0.49000000000000005,-0.036,-4.909999999999997,0.8942288152814469
top500,CMA conservative-minus-aggressive,long_short,vw,3,50,0.699,-1.57,12.09,-0.067,-57.47,28.9,142.7,143.0,142,142,272,-1.22,-0.046,-53.81,0.7566,-0.3500000000000001,-0.021000000000000005,-3.6599999999999966,0.923869944488501
top500,CMA conservative-minus-aggressive,long_short,vw,3,100,0.4746,-3.23,12.2,-0.205,-65.37,28.9,142.7,143.0,142,142,272,-3.13,-0.209,-63.29,0.4865,-0.10000000000000009,0.0040000000000000036,-2.0800000000000054,0.9755395683453238
top500,CMA conservative-minus-aggressive,long_short,vw,4,0,1.0909,0.38,12.06,0.095,-46.36,26.9,142.6,143.0,143,143,272,0.7,0.119,-42.0,1.172,-0.31999999999999995,-0.023999999999999994,-4.359999999999999,0.93080204778157
top500,CMA conservative-minus-aggressive,long_short,vw,4,10,1.0165,0.07,12.05,0.069,-48.38,26.9,142.6,143.0,143,143,272,0.32,0.086,-44.57,1.0741,-0.25,-0.016999999999999987,-3.8100000000000023,0.946373708220836
top500,CMA conservative-minus-aggressive,long_short,vw,4,20,0.947,-0.24,12.04,0.043,-50.33,26.9,142.6,143.0,143,143,272,-0.07,0.053,-47.03,0.9842,-0.16999999999999998,-0.010000000000000002,-3.299999999999997,0.9622028043080675
top500,CMA conservative-minus-aggressive,long_short,vw,4,50,0.7649,-1.18,12.04,-0.035,-55.78,26.9,142.6,143.0,143,143,272,-1.22,-0.046,-53.81,0.7566,0.040000000000000036,0.010999999999999996,-1.9699999999999989,1.0109701295268305
top500,CMA conservative-minus-aggressive,long_short,vw,4,100,0.5341,-2.73,12.16,-0.163,-63.63,26.9,142.6,143.0,143,143,272,-3.13,-0.209,-63.29,0.4865,0.3999999999999999,0.045999999999999985,-0.3400000000000034,1.097841726618705
top500,CMA conservative-minus-aggressive,long_short,vw,5,0,0.8814,-0.56,13.73,0.033,-51.51,27.6,142.3,142.9,142,142,272,0.7,0.119,-42.0,1.172,-1.26,-0.086,-9.509999999999998,0.7520477815699659
top500,CMA conservative-minus-aggressive,long_short,vw,5,10,0.8191,-0.88,13.73,0.01,-53.48,27.6,142.3,142.9,142,142,272,0.32,0.086,-44.57,1.0741,-1.2,-0.076,-8.909999999999997,0.762591937435993
top500,CMA conservative-minus-aggressive,long_short,vw,5,20,0.7611,-1.2,13.73,-0.014,-55.36,27.6,142.3,142.9,142,142,272,-0.07,0.053,-47.03,0.9842,-1.13,-0.067,-8.329999999999998,0.7733184312131681
top500,CMA conservative-minus-aggressive,long_short,vw,5,50,0.6099,-2.16,13.79,-0.084,-61.42,27.6,142.3,142.9,142,142,272,-1.22,-0.046,-53.81,0.7566,-0.9400000000000002,-0.038000000000000006,-7.609999999999999,0.8061062648691514
top500,CMA conservative-minus-aggressive,long_short,vw,5,100,0.42,-3.76,13.99,-0.198,-70.2,27.6,142.3,142.9,142,142,272,-3.13,-0.209,-63.29,0.4865,-0.6299999999999999,0.010999999999999982,-6.910000000000004,0.8633093525179856
top500,CMA conservative-minus-aggressive,long_short,vw,6,0,0.8396,-0.77,12.6,0.005,-56.14,27.3,142.9,143.1,142,142,272,0.7,0.119,-42.0,1.172,-1.47,-0.11399999999999999,-14.14,0.716382252559727
top500,CMA conservative-minus-aggressive,long_short,vw,6,10,0.7811,-1.08,12.59,-0.02,-57.9,27.3,142.9,143.1,142,142,272,0.32,0.086,-44.57,1.0741,-1.4000000000000001,-0.106,-13.329999999999998,0.7272134810539056
top500,CMA conservative-minus-aggressive,long_short,vw,6,20,0.7266,-1.4,12.59,-0.045,-59.59,27.3,142.9,143.1,142,142,272,-0.07,0.053,-47.03,0.9842,-1.3299999999999998,-0.098,-12.560000000000002,0.7382645803698435
top500,CMA conservative-minus-aggressive,long_short,vw,6,50,0.584,-2.35,12.64,-0.121,-64.3,27.3,142.9,143.1,142,142,272,-1.22,-0.046,-53.81,0.7566,-1.1300000000000001,-0.075,-10.489999999999995,0.7718741739360295
top500,CMA conservative-minus-aggressive,long_short,vw,6,100,0.4037,-3.92,12.87,-0.242,-71.07,27.3,142.9,143.1,142,142,272,-3.13,-0.209,-63.29,0.4865,-0.79,-0.033,-7.779999999999994,0.8298047276464543
top500,CMA conservative-minus-aggressive,long_short,vw,7,0,0.964,-0.16,11.9,0.048,-43.04,25.3,142.5,142.8,143,143,272,0.7,0.119,-42.0,1.172,-0.86,-0.071,-1.0399999999999991,0.8225255972696246
top500,CMA conservative-minus-aggressive,long_short,vw,7,10,0.902,-0.45,11.89,0.023,-43.47,25.3,142.5,142.8,143,143,272,0.32,0.086,-44.57,1.0741,-0.77,-0.063,1.1000000000000014,0.8397728330695465
top500,CMA conservative-minus-aggressive,long_short,vw,7,20,0.8438,-0.75,11.88,-0.002,-43.91,25.3,142.5,142.8,143,143,272,-0.07,0.053,-47.03,0.9842,-0.6799999999999999,-0.055,3.1200000000000045,0.8573460678723837
top500,CMA conservative-minus-aggressive,long_short,vw,7,50,0.6901,-1.62,11.88,-0.076,-50.86,25.3,142.5,142.8,143,143,272,-1.22,-0.046,-53.81,0.7566,-0.40000000000000013,-0.03,2.950000000000003,0.9121067935500925
top500,CMA conservative-minus-aggressive,long_short,vw,7,100,0.4918,-3.08,12.01,-0.198,-61.86,25.3,142.5,142.8,143,143,272,-3.13,-0.209,-63.29,0.4865,0.04999999999999982,0.010999999999999982,1.4299999999999997,1.0108941418293937
top500,CMA conservative-minus-aggressive,long_short,vw,8,0,0.8537,-0.7,12.7,0.012,-55.15,25.9,142.6,142.9,143,143,272,0.7,0.119,-42.0,1.172,-1.4,-0.107,-13.149999999999999,0.7284129692832765
top500,CMA conservative-minus-aggressive,long_short,vw,8,10,0.7973,-0.99,12.69,-0.012,-56.74,25.9,142.6,142.9,143,143,272,0.32,0.086,-44.57,1.0741,-1.31,-0.09799999999999999,-12.170000000000002,0.7422958756167954
top500,CMA conservative-minus-aggressive,long_short,vw,8,20,0.7445,-1.29,12.69,-0.036,-58.27,25.9,142.6,142.9,143,143,272,-0.07,0.053,-47.03,0.9842,-1.22,-0.089,-11.240000000000002,0.756451940662467
top500,CMA conservative-minus-aggressive,long_short,vw,8,50,0.6051,-2.19,12.75,-0.107,-62.93,25.9,142.6,142.9,143,143,272,-1.22,-0.046,-53.81,0.7566,-0.97,-0.061,-9.119999999999997,0.7997620935765265
top500,CMA conservative-minus-aggressive,long_short,vw,8,100,0.4263,-3.69,12.98,-0.221,-70.57,25.9,142.6,142.9,143,143,272,-3.13,-0.209,-63.29,0.4865,-0.56,-0.01200000000000001,-7.279999999999994,0.8762589928057555
top500,CMA conservative-minus-aggressive,long_short,vw,9,0,0.7789,-1.1,12.86,-0.021,-50.95,25.0,142.3,142.6,142,142,272,0.7,0.119,-42.0,1.172,-1.8,-0.13999999999999999,-8.950000000000003,0.664590443686007
top500,CMA conservative-minus-aggressive,long_short,vw,9,10,0.7289,-1.39,12.86,-0.043,-52.45,25.0,142.3,142.6,142,142,272,0.32,0.086,-44.57,1.0741,-1.71,-0.129,-7.880000000000003,0.6786146541290382
top500,CMA conservative-minus-aggressive,long_short,vw,9,20,0.682,-1.67,12.87,-0.066,-53.91,25.0,142.3,142.6,142,142,272,-0.07,0.053,-47.03,0.9842,-1.5999999999999999,-0.119,-6.8799999999999955,0.6929485876854299
top500,CMA conservative-minus-aggressive,long_short,vw,9,50,0.558,-2.54,12.93,-0.133,-58.56,25.0,142.3,142.6,142,142,272,-1.22,-0.046,-53.81,0.7566,-1.32,-0.08700000000000001,-4.75,0.7375099127676448
top500,CMA conservative-minus-aggressive,long_short,vw,9,100,0.3977,-3.99,13.16,-0.242,-67.26,25.0,142.3,142.6,142,142,272,-3.13,-0.209,-63.29,0.4865,-0.8600000000000003,-0.033,-3.970000000000006,0.8174717368961973
top500,CMA conservative-minus-aggressive,long_short,vw,10,0,1.7588,2.52,12.52,0.262,-40.07,23.6,142.1,142.7,142,142,272,0.7,0.119,-42.0,1.172,1.82,0.14300000000000002,1.9299999999999997,1.5006825938566553
top500,CMA conservative-minus-aggressive,long_short,vw,10,10,1.6528,2.24,12.52,0.24,-40.28,23.6,142.1,142.7,142,142,272,0.32,0.086,-44.57,1.0741,1.9200000000000002,0.154,4.289999999999999,1.5387766502187878
top500,CMA conservative-minus-aggressive,long_short,vw,10,20,1.5529,1.96,12.53,0.218,-40.5,23.6,142.1,142.7,142,142,272,-0.07,0.053,-47.03,0.9842,2.03,0.165,6.530000000000001,1.5778297094086569
top500,CMA conservative-minus-aggressive,long_short,vw,10,50,1.2866,1.12,12.6,0.151,-42.12,23.6,142.1,142.7,142,142,272,-1.22,-0.046,-53.81,0.7566,2.34,0.197,11.690000000000005,1.7005022468939992
top500,CMA conservative-minus-aggressive,long_short,vw,10,100,0.9371,-0.29,12.81,0.042,-45.15,23.6,142.1,142.7,142,142,272,-3.13,-0.209,-63.29,0.4865,2.84,0.251,18.14,1.926207605344296
top500,CMA conservative-minus-aggressive,long_short,vw,11,0,0.8093,-0.93,16.14,0.024,-64.39,25.3,142.0,142.8,143,143,272,0.7,0.119,-42.0,1.172,-1.63,-0.095,-22.39,0.6905290102389079
top500,CMA conservative-minus-aggressive,long_short,vw,11,10,0.7567,-1.22,16.15,0.006,-65.19,25.3,142.0,142.8,143,143,272,0.32,0.086,-44.57,1.0741,-1.54,-0.07999999999999999,-20.619999999999997,0.7044967880085653
top500,CMA conservative-minus-aggressive,long_short,vw,11,20,0.7074,-1.52,16.17,-0.012,-66.75,25.3,142.0,142.8,143,143,272,-0.07,0.053,-47.03,0.9842,-1.45,-0.065,-19.72,0.7187563503352977
top500,CMA conservative-minus-aggressive,long_short,vw,11,50,0.577,-2.4,16.25,-0.067,-71.05,25.3,142.0,142.8,143,143,272,-1.22,-0.046,-53.81,0.7566,-1.18,-0.021000000000000005,-17.239999999999995,0.7626222574676181
top500,CMA conservative-minus-aggressive,long_short,vw,11,100,0.4089,-3.87,16.5,-0.155,-77.1,25.3,142.0,142.8,143,143,272,-3.13,-0.209,-63.29,0.4865,-0.7400000000000002,0.05399999999999999,-13.809999999999995,0.8404933196300103
top500,CMA conservative-minus-aggressive,long_short,vw,12,0,1.5321,1.9,10.76,0.229,-28.46,23.3,143.3,143.4,143,143,272,0.7,0.119,-42.0,1.172,1.2,0.11000000000000001,13.54,1.3072525597269626
top500,CMA conservative-minus-aggressive,long_short,vw,12,10,1.4412,1.63,10.75,0.204,-28.68,23.3,143.3,143.4,143,143,272,0.32,0.086,-44.57,1.0741,1.3099999999999998,0.118,15.89,1.3417745088911646
top500,CMA conservative-minus-aggressive,long_short,vw,12,20,1.3554,1.35,10.75,0.178,-29.33,23.3,143.3,143.4,143,143,272,-0.07,0.053,-47.03,0.9842,1.4200000000000002,0.125,17.700000000000003,1.3771591140012192
top500,CMA conservative-minus-aggressive,long_short,vw,12,50,1.1263,0.53,10.78,0.102,-35.89,23.3,143.3,143.4,143,143,272,-1.22,-0.046,-53.81,0.7566,1.75,0.148,17.92,1.4886333597673804
top500,CMA conservative-minus-aggressive,long_short,vw,12,100,0.8242,-0.85,10.97,-0.023,-46.33,23.3,143.3,143.4,143,143,272,-3.13,-0.209,-63.29,0.4865,2.28,0.186,16.96,1.6941418293936281
top500,MOM winner-minus-loser,long_short,vw,1,0,3.8366,6.11,21.17,0.397,-66.71,135.7,141.9,141.1,146,146,272,6.11,0.397,-66.71,3.8366,0.0,0.0,0.0,1.0
top500,MOM winner-minus-loser,long_short,vw,1,10,2.6604,4.41,21.16,0.321,-67.87,135.7,141.9,141.1,146,146,272,4.41,0.321,-67.87,2.6604,0.0,0.0,0.0,1.0
top500,MOM winner-minus-loser,long_short,vw,1,20,1.8438,2.74,21.15,0.244,-68.98,135.7,141.9,141.1,146,146,272,2.74,0.244,-68.98,1.8438,0.0,0.0,0.0,1.0
top500,MOM winner-minus-loser,long_short,vw,1,50,0.6115,-2.15,21.14,0.015,-77.07,135.7,141.9,141.1,146,146,272,-2.15,0.015,-77.07,0.6115,0.0,0.0,0.0,1.0
top500,MOM winner-minus-loser,long_short,vw,1,100,0.096,-9.82,21.16,-0.368,-94.01,135.7,141.9,141.1,146,146,272,-9.82,-0.368,-94.01,0.096,0.0,0.0,0.0,1.0
top500,MOM winner-minus-loser,long_short,vw,2,0,1.3386,1.29,25.68,0.268,-88.88,93.2,142.0,137.5,144,146,272,6.11,0.397,-66.71,3.8366,-4.82,-0.129,-22.17,0.3489026742428192
top500,MOM winner-minus-loser,long_short,vw,2,10,1.0434,0.19,25.65,0.225,-89.27,93.2,142.0,137.5,144,146,272,4.41,0.321,-67.87,2.6604,-4.22,-0.096,-21.39999999999999,0.3921966621560668
top500,MOM winner-minus-loser,long_short,vw,2,20,0.8126,-0.91,25.63,0.181,-89.71,93.2,142.0,137.5,144,146,272,2.74,0.244,-68.98,1.8438,-3.6500000000000004,-0.063,-20.72999999999999,0.4407202516541924
top500,MOM winner-minus-loser,long_short,vw,2,50,0.3815,-4.16,25.65,0.051,-90.94,93.2,142.0,137.5,144,146,272,-2.15,0.015,-77.07,0.6115,-2.0100000000000002,0.036,-13.870000000000005,0.623875715453802
top500,MOM winner-minus-loser,long_short,vw,2,100,0.1059,-9.43,25.93,-0.163,-95.07,93.2,142.0,137.5,144,146,272,-9.82,-0.368,-94.01,0.096,0.39000000000000057,0.205,-1.059999999999988,1.103125
top500,MOM winner-minus-loser,long_short,vw,3,0,1.4423,1.63,28.3,0.272,-88.54,72.2,142.2,134.6,144,146,272,6.11,0.397,-66.71,3.8366,-4.48,-0.125,-21.830000000000013,0.3759318146275348
top500,MOM winner-minus-loser,long_short,vw,3,10,1.1893,0.77,28.28,0.242,-88.69,72.2,142.2,134.6,144,146,272,4.41,0.321,-67.87,2.6604,-3.64,-0.07900000000000001,-20.819999999999993,0.44703803939257253
top500,MOM winner-minus-loser,long_short,vw,3,20,0.98,-0.09,28.27,0.211,-88.83,72.2,142.2,134.6,144,146,272,2.74,0.244,-68.98,1.8438,-2.83,-0.033,-19.849999999999994,0.5315110098709187
top500,MOM winner-minus-loser,long_short,vw,3,50,0.5462,-2.63,28.29,0.12,-89.26,72.2,142.2,134.6,144,146,272,-2.15,0.015,-77.07,0.6115,-0.48,0.105,-12.190000000000012,0.8932134096484056
top500,MOM winner-minus-loser,long_short,vw,3,100,0.2034,-6.78,28.46,-0.031,-91.99,72.2,142.2,134.6,144,146,272,-9.82,-0.368,-94.01,0.096,3.04,0.33699999999999997,2.0200000000000102,2.11875
top500,MOM winner-minus-loser,long_short,vw,4,0,0.8518,-0.71,27.2,0.285,-94.69,75.9,141.2,130.5,123,142,272,6.11,0.397,-66.71,3.8366,-6.82,-0.11200000000000004,-27.980000000000004,0.22201949642912996
top500,MOM winner-minus-loser,long_short,vw,4,10,0.6965,-1.58,27.16,0.253,-95.01,75.9,141.2,130.5,123,142,272,4.41,0.321,-67.87,2.6604,-5.99,-0.068,-27.14,0.2618027364306119
top500,MOM winner-minus-loser,long_short,vw,4,20,0.5677,-2.47,27.18,0.219,-95.31,75.9,141.2,130.5,123,142,272,2.74,0.244,-68.98,1.8438,-5.210000000000001,-0.024999999999999994,-26.33,0.3078967350037965
top500,MOM winner-minus-loser,long_short,vw,4,50,0.3004,-5.17,27.51,0.118,-96.21,75.9,141.2,130.5,123,142,272,-2.15,0.015,-77.07,0.6115,-3.02,0.103,-19.14,0.49125102207686017
top500,MOM winner-minus-loser,long_short,vw,4,100,0.0926,-9.96,29.02,-0.043,-97.91,75.9,141.2,130.5,123,142,272,-9.82,-0.368,-94.01,0.096,-0.14000000000000057,0.325,-3.8999999999999915,0.9645833333333333
top500,MOM winner-minus-loser,long_short,vw,5,0,-0.3964,,30.07,0.129,-115.74,50.2,140.9,139.6,144,146,272,6.11,0.397,-66.71,3.8366,,-0.268,-49.03,-0.10332064849085128
top500,MOM winner-minus-loser,long_short,vw,5,10,-0.3463,,30.08,0.109,-114.27,50.2,140.9,139.6,144,146,272,4.41,0.321,-67.87,2.6604,,-0.21200000000000002,-46.39999999999999,-0.1301683957299654
top500,MOM winner-minus-loser,long_short,vw,5,20,-0.3024,,30.09,0.089,-112.94,50.2,140.9,139.6,144,146,272,2.74,0.244,-68.98,1.8438,,-0.155,-43.959999999999994,-0.16400911161731208
top500,MOM winner-minus-loser,long_short,vw,5,50,-0.201,,30.16,0.03,-109.59,50.2,140.9,139.6,144,146,272,-2.15,0.015,-77.07,0.6115,,0.015,-32.52000000000001,-0.3286999182338512
top500,MOM winner-minus-loser,long_short,vw,5,100,-0.1009,,30.36,-0.068,-108.14,50.2,140.9,139.6,144,146,272,-9.82,-0.368,-94.01,0.096,,0.3,-14.129999999999995,-1.0510416666666667
top500,MOM winner-minus-loser,long_short,vw,6,0,-0.1595,,37.65,0.071,-105.49,44.5,142.0,124.0,144,146,272,6.11,0.397,-66.71,3.8366,,-0.326,-38.78,-0.041573267997706304
top500,MOM winner-minus-loser,long_short,vw,6,10,-0.1418,,37.63,0.057,-105.03,44.5,142.0,124.0,144,146,272,4.41,0.321,-67.87,2.6604,,-0.264,-37.16,-0.05330025560066155
top500,MOM winner-minus-loser,long_short,vw,6,20,-0.126,,37.61,0.043,-104.61,44.5,142.0,124.0,144,146,272,2.74,0.244,-68.98,1.8438,,-0.201,-35.629999999999995,-0.0683371298405467
top500,MOM winner-minus-loser,long_short,vw,6,50,-0.0883,,37.58,0.002,-103.54,44.5,142.0,124.0,144,146,272,-2.15,0.015,-77.07,0.6115,,-0.013,-26.470000000000013,-0.14439901880621422
top500,MOM winner-minus-loser,long_short,vw,6,100,-0.0485,,37.6,-0.068,-102.26,44.5,142.0,124.0,144,146,272,-9.82,-0.368,-94.01,0.096,,0.3,-8.25,-0.5052083333333334
top500,MOM winner-minus-loser,long_short,vw,7,0,4.2259,6.56,21.56,0.419,-62.43,40.8,141.8,138.7,145,145,272,6.11,0.397,-66.71,3.8366,0.4499999999999993,0.021999999999999964,4.279999999999994,1.1014700516081948
top500,MOM winner-minus-loser,long_short,vw,7,10,3.7938,6.06,21.55,0.396,-62.7,40.8,141.8,138.7,145,145,272,4.41,0.321,-67.87,2.6604,1.6499999999999995,0.07500000000000001,5.170000000000002,1.4260261614794767
top500,MOM winner-minus-loser,long_short,vw,7,20,3.4048,5.55,21.54,0.374,-62.97,40.8,141.8,138.7,145,145,272,2.74,0.244,-68.98,1.8438,2.8099999999999996,0.13,6.010000000000005,1.846621108580106
top500,MOM winner-minus-loser,long_short,vw,7,50,2.4563,4.04,21.55,0.307,-63.78,40.8,141.8,138.7,145,145,272,-2.15,0.015,-77.07,0.6115,6.1899999999999995,0.292,13.289999999999992,4.016843826655765
top500,MOM winner-minus-loser,long_short,vw,7,100,1.4156,1.55,21.7,0.194,-65.1,40.8,141.8,138.7,145,145,272,-9.82,-0.368,-94.01,0.096,11.370000000000001,0.562,28.91000000000001,14.745833333333334
top500,MOM winner-minus-loser,long_short,vw,8,0,-0.3382,,61.62,0.006,-113.49,36.5,141.6,128.8,146,115,272,6.11,0.397,-66.71,3.8366,,-0.391,-46.78,-0.08815096700203305
top500,MOM winner-minus-loser,long_short,vw,8,10,-0.307,,61.62,-0.001,-113.21,36.5,141.6,128.8,146,115,272,4.41,0.321,-67.87,2.6604,,-0.322,-45.33999999999999,-0.1153961810254097
top500,MOM winner-minus-loser,long_short,vw,8,20,-0.2785,,61.62,-0.008,-112.94,36.5,141.6,128.8,146,115,272,2.74,0.244,-68.98,1.8438,,-0.252,-43.959999999999994,-0.1510467512745417
top500,MOM winner-minus-loser,long_short,vw,8,50,-0.2076,,61.62,-0.029,-112.15,36.5,141.6,128.8,146,115,272,-2.15,0.015,-77.07,0.6115,,-0.044,-35.08000000000001,-0.33949304987735074
top500,MOM winner-minus-loser,long_short,vw,8,100,-0.1265,,61.67,-0.064,-110.93,36.5,141.6,128.8,146,115,272,-9.82,-0.368,-94.01,0.096,,0.304,-16.92,-1.3177083333333333
top500,MOM winner-minus-loser,long_short,vw,9,0,4.1197,6.45,21.99,0.41,-67.32,35.5,144.1,133.3,144,146,272,6.11,0.397,-66.71,3.8366,0.33999999999999986,0.012999999999999956,-0.6099999999999994,1.0737892926028254
top500,MOM winner-minus-loser,long_short,vw,9,10,3.7563,6.01,21.96,0.392,-67.5,35.5,144.1,133.3,144,146,272,4.41,0.321,-67.87,2.6604,1.5999999999999996,0.07100000000000001,0.37000000000000455,1.4119305367613892
top500,MOM winner-minus-loser,long_short,vw,9,20,3.4239,5.58,21.92,0.374,-67.68,35.5,144.1,133.3,144,146,272,2.74,0.244,-68.98,1.8438,2.84,0.13,1.2999999999999972,1.8569801496908558
top500,MOM winner-minus-loser,long_short,vw,9,50,2.5883,4.28,21.87,0.318,-68.21,35.5,144.1,133.3,144,146,272,-2.15,0.015,-77.07,0.6115,6.43,0.303,8.86,4.2327064595257555
top500,MOM winner-minus-loser,long_short,vw,9,100,1.6134,2.13,21.88,0.222,-69.09,35.5,144.1,133.3,144,146,272,-9.82,-0.368,-94.01,0.096,11.95,0.59,24.92,16.80625
top500,MOM winner-minus-loser,long_short,vw,10,0,2.273,3.69,23.0,0.276,-72.93,34.7,143.7,136.6,144,146,272,6.11,0.397,-66.71,3.8366,-2.4200000000000004,-0.121,-6.220000000000013,0.5924516498983475
top500,MOM winner-minus-loser,long_short,vw,10,10,2.0726,3.27,23.01,0.258,-73.8,34.7,143.7,136.6,144,146,272,4.41,0.321,-67.87,2.6604,-1.1400000000000001,-0.063,-5.929999999999993,0.7790557810855511
top500,MOM winner-minus-loser,long_short,vw,10,20,1.8892,2.85,23.02,0.24,-74.65,34.7,143.7,136.6,144,146,272,2.74,0.244,-68.98,1.8438,0.10999999999999988,-0.0040000000000000036,-5.670000000000002,1.0246230610695302
top500,MOM winner-minus-loser,long_short,vw,10,50,1.4277,1.58,23.09,0.187,-77.05,34.7,143.7,136.6,144,146,272,-2.15,0.015,-77.07,0.6115,3.73,0.172,0.01999999999999602,2.3347506132461158
top500,MOM winner-minus-loser,long_short,vw,10,100,0.8886,-0.52,23.34,0.098,-80.61,34.7,143.7,136.6,144,146,272,-9.82,-0.368,-94.01,0.096,9.3,0.46599999999999997,13.400000000000006,9.25625
top500,MOM winner-minus-loser,long_short,vw,11,0,-0.0607,,38.43,-0.032,-103.06,30.3,140.1,136.9,146,115,272,6.11,0.397,-66.71,3.8366,,-0.42900000000000005,-36.35000000000001,-0.015821300109471928
top500,MOM winner-minus-loser,long_short,vw,11,10,-0.056,,38.43,-0.041,-102.86,30.3,140.1,136.9,146,115,272,4.41,0.321,-67.87,2.6604,,-0.362,-34.989999999999995,-0.021049466245677342
top500,MOM winner-minus-loser,long_short,vw,11,20,-0.0516,,38.44,-0.05,-102.67,30.3,140.1,136.9,146,115,272,2.74,0.244,-68.98,1.8438,,-0.294,-33.69,-0.027985681744223882
top500,MOM winner-minus-loser,long_short,vw,11,50,-0.0403,,38.49,-0.078,-102.2,30.3,140.1,136.9,146,115,272,-2.15,0.015,-77.07,0.6115,,-0.093,-25.13000000000001,-0.06590351594439901
top500,MOM winner-minus-loser,long_short,vw,11,100,-0.0265,,38.63,-0.124,-101.58,30.3,140.1,136.9,146,115,272,-9.82,-0.368,-94.01,0.096,,0.244,-7.569999999999993,-0.27604166666666663
top500,MOM winner-minus-loser,long_short,vw,12,0,4.6993,7.07,22.82,0.413,-59.08,28.8,141.0,105.0,146,115,272,6.11,0.397,-66.71,3.8366,0.96,0.01599999999999996,7.6299999999999955,1.2248605536151802
top500,MOM winner-minus-loser,long_short,vw,12,10,4.3631,6.72,22.79,0.399,-59.2,28.8,141.0,105.0,146,115,272,4.41,0.321,-67.87,2.6604,2.3099999999999996,0.07800000000000001,8.670000000000002,1.640016538866336
top500,MOM winner-minus-loser,long_short,vw,12,20,4.0498,6.36,22.76,0.385,-59.33,28.8,141.0,105.0,146,115,272,2.74,0.244,-68.98,1.8438,3.62,0.14100000000000001,9.650000000000006,2.1964421303829047
top500,MOM winner-minus-loser,long_short,vw,12,50,3.2335,5.31,22.7,0.342,-59.72,28.8,141.0,105.0,146,115,272,-2.15,0.015,-77.07,0.6115,7.459999999999999,0.327,17.349999999999994,5.287816843826655
top500,MOM winner-minus-loser,long_short,vw,12,100,2.2097,3.56,22.71,0.268,-60.36,28.8,141.0,105.0,146,115,272,-9.82,-0.368,-94.01,0.096,13.38,0.636,33.650000000000006,23.017708333333335
top500,AT high-minus-low,long_short,vw,1,0,1.5508,1.95,11.94,0.222,-45.59,21.2,125.9,126.1,81,81,272,1.95,0.222,-45.59,1.5508,0.0,0.0,0.0,1.0
top500,AT high-minus-low,long_short,vw,1,10,1.4672,1.71,11.93,0.201,-46.36,21.2,125.9,126.1,81,81,272,1.71,0.201,-46.36,1.4672,0.0,0.0,0.0,1.0
top500,AT high-minus-low,long_short,vw,1,20,1.3881,1.46,11.93,0.181,-47.11,21.2,125.9,126.1,81,81,272,1.46,0.181,-47.11,1.3881,0.0,0.0,0.0,1.0
top500,AT high-minus-low,long_short,vw,1,50,1.1753,0.72,11.93,0.119,-49.33,21.2,125.9,126.1,81,81,272,0.72,0.119,-49.33,1.1753,0.0,0.0,0.0,1.0
top500,AT high-minus-low,long_short,vw,1,100,0.8901,-0.51,11.93,0.017,-52.86,21.2,125.9,126.1,81,81,272,-0.51,0.017,-52.86,0.8901,0.0,0.0,0.0,1.0
top500,AT high-minus-low,long_short,vw,2,0,1.5652,2.0,12.06,0.224,-45.46,16.4,126.0,126.1,81,81,272,1.95,0.222,-45.59,1.5508,0.050000000000000044,0.0020000000000000018,0.13000000000000256,1.009285530049007
top500,AT high-minus-low,long_short,vw,2,10,1.5002,1.81,12.06,0.209,-46.1,16.4,126.0,126.1,81,81,272,1.71,0.201,-46.36,1.4672,0.10000000000000009,0.00799999999999998,0.259999999999998,1.0224918211559433
top500,AT high-minus-low,long_short,vw,2,20,1.4379,1.62,12.06,0.193,-46.73,16.4,126.0,126.1,81,81,272,1.46,0.181,-47.11,1.3881,0.16000000000000014,0.01200000000000001,0.38000000000000256,1.0358763777825806
top500,AT high-minus-low,long_short,vw,2,50,1.2659,1.05,12.06,0.147,-48.6,16.4,126.0,126.1,81,81,272,0.72,0.119,-49.33,1.1753,0.33000000000000007,0.027999999999999997,0.7299999999999969,1.0770867012677614
top500,AT high-minus-low,long_short,vw,2,100,1.023,0.1,12.07,0.069,-51.57,16.4,126.0,126.1,81,81,272,-0.51,0.017,-52.86,0.8901,0.61,0.052000000000000005,1.2899999999999991,1.149309066397034
top500,AT high-minus-low,long_short,vw,3,0,1.4673,1.71,12.28,0.199,-48.85,15.8,126.1,126.2,81,81,272,1.95,0.222,-45.59,1.5508,-0.24,-0.022999999999999993,-3.259999999999998,0.9461568222852722
top500,AT high-minus-low,long_short,vw,3,10,1.4085,1.52,12.28,0.184,-49.41,15.8,126.1,126.2,81,81,272,1.71,0.201,-46.36,1.4672,-0.18999999999999995,-0.017000000000000015,-3.049999999999997,0.9599918211559433
top500,AT high-minus-low,long_short,vw,3,20,1.3519,1.34,12.29,0.17,-49.97,15.8,126.1,126.2,81,81,272,1.46,0.181,-47.11,1.3881,-0.11999999999999988,-0.010999999999999982,-2.8599999999999994,0.9739211872343493
top500,AT high-minus-low,long_short,vw,3,50,1.1953,0.79,12.3,0.125,-51.62,15.8,126.1,126.2,81,81,272,0.72,0.119,-49.33,1.1753,0.07000000000000006,0.006000000000000005,-2.289999999999999,1.017016931847188
top500,AT high-minus-low,long_short,vw,3,100,0.9729,-0.12,12.34,0.052,-54.25,15.8,126.1,126.2,81,81,272,-0.51,0.017,-52.86,0.8901,0.39,0.034999999999999996,-1.3900000000000006,1.0930232558139534
top500,AT high-minus-low,long_short,vw,4,0,1.4552,1.67,12.17,0.197,-48.88,14.4,126.1,126.2,81,81,272,1.95,0.222,-45.59,1.5508,-0.28,-0.024999999999999994,-3.289999999999999,0.9383543977302038
top500,AT high-minus-low,long_short,vw,4,10,1.4023,1.5,12.17,0.184,-49.31,14.4,126.1,126.2,81,81,272,1.71,0.201,-46.36,1.4672,-0.20999999999999996,-0.017000000000000015,-2.950000000000003,0.9557660850599782
top500,AT high-minus-low,long_short,vw,4,20,1.3512,1.34,12.16,0.17,-49.78,14.4,126.1,126.2,81,81,272,1.46,0.181,-47.11,1.3881,-0.11999999999999988,-0.010999999999999982,-2.6700000000000017,0.9734169007996543
top500,AT high-minus-low,long_short,vw,4,50,1.2086,0.84,12.15,0.13,-51.15,14.4,126.1,126.2,81,81,272,0.72,0.119,-49.33,1.1753,0.12,0.01100000000000001,-1.8200000000000003,1.0283331915255678
top500,AT high-minus-low,long_short,vw,4,100,1.0029,0.01,12.16,0.062,-53.37,14.4,126.1,126.2,81,81,272,-0.51,0.017,-52.86,0.8901,0.52,0.045,-0.509999999999998,1.1267273340074149
top500,AT high-minus-low,long_short,vw,5,0,1.4621,1.69,13.21,0.193,-51.49,14.0,126.0,126.2,81,81,272,1.95,0.222,-45.59,1.5508,-0.26,-0.028999999999999998,-5.899999999999999,0.9428037142120196
top500,AT high-minus-low,long_short,vw,5,10,1.4101,1.53,13.21,0.181,-51.92,14.0,126.0,126.2,81,81,272,1.71,0.201,-46.36,1.4672,-0.17999999999999994,-0.020000000000000018,-5.560000000000002,0.9610823336968374
top500,AT high-minus-low,long_short,vw,5,20,1.3598,1.37,13.22,0.169,-52.35,14.0,126.0,126.2,81,81,272,1.46,0.181,-47.11,1.3881,-0.08999999999999986,-0.011999999999999983,-5.240000000000002,0.9796124198544773
top500,AT high-minus-low,long_short,vw,5,50,1.2193,0.88,13.24,0.133,-53.62,14.0,126.0,126.2,81,81,272,0.72,0.119,-49.33,1.1753,0.16000000000000003,0.014000000000000012,-4.289999999999999,1.0374372500638136
top500,AT high-minus-low,long_short,vw,5,100,1.0157,0.07,13.3,0.072,-55.68,14.0,126.0,126.2,81,81,272,-0.51,0.017,-52.86,0.8901,0.5800000000000001,0.05499999999999999,-2.8200000000000003,1.141107740703292
top500,AT high-minus-low,long_short,vw,6,0,1.7012,2.37,12.95,0.246,-48.28,13.0,126.2,126.3,81,81,272,1.95,0.222,-45.59,1.5508,0.42000000000000015,0.023999999999999994,-2.6899999999999977,1.0969822027340728
top500,AT high-minus-low,long_short,vw,6,10,1.6455,2.22,12.95,0.234,-48.84,13.0,126.2,126.3,81,81,272,1.71,0.201,-46.36,1.4672,0.5100000000000002,0.033,-2.480000000000004,1.1215239912758996
top500,AT high-minus-low,long_short,vw,6,20,1.5916,2.07,12.95,0.223,-49.4,13.0,126.2,126.3,81,81,272,1.46,0.181,-47.11,1.3881,0.6099999999999999,0.04200000000000001,-2.289999999999999,1.1466032706577336
top500,AT high-minus-low,long_short,vw,6,50,1.4398,1.62,12.97,0.189,-51.05,13.0,126.2,126.3,81,81,272,0.72,0.119,-49.33,1.1753,0.9000000000000001,0.07,-1.7199999999999989,1.2250489236790607
top500,AT high-minus-low,long_short,vw,6,100,1.2173,0.87,13.02,0.131,-53.68,13.0,126.2,126.3,81,81,272,-0.51,0.017,-52.86,0.8901,1.38,0.114,-0.8200000000000003,1.3675991461633525
top500,AT high-minus-low,long_short,vw,7,0,1.2231,0.89,13.44,0.134,-57.06,12.9,126.3,126.4,81,81,272,1.95,0.222,-45.59,1.5508,-1.06,-0.088,-11.469999999999999,0.7886897085375291
top500,AT high-minus-low,long_short,vw,7,10,1.1834,0.75,13.44,0.124,-57.47,12.9,126.3,126.4,81,81,272,1.71,0.201,-46.36,1.4672,-0.96,-0.07700000000000001,-11.11,0.8065703380588877
top500,AT high-minus-low,long_short,vw,7,20,1.145,0.6,13.44,0.113,-57.89,12.9,126.3,126.4,81,81,272,1.46,0.181,-47.11,1.3881,-0.86,-0.06799999999999999,-10.780000000000001,0.8248685253223832
top500,AT high-minus-low,long_short,vw,7,50,1.0367,0.16,13.45,0.08,-59.11,12.9,126.3,126.4,81,81,272,0.72,0.119,-49.33,1.1753,-0.5599999999999999,-0.03899999999999999,-9.780000000000001,0.8820726622989874
top500,AT high-minus-low,long_short,vw,7,100,0.8777,-0.57,13.48,0.026,-61.08,12.9,126.3,126.4,81,81,272,-0.51,0.017,-52.86,0.8901,-0.05999999999999994,0.008999999999999998,-8.219999999999999,0.9860689810133694
top500,AT high-minus-low,long_short,vw,8,0,1.1546,0.64,13.05,0.114,-58.32,12.7,125.9,126.1,81,81,272,1.95,0.222,-45.59,1.5508,-1.31,-0.108,-12.729999999999997,0.7445189579571835
top500,AT high-minus-low,long_short,vw,8,10,1.1174,0.49,13.06,0.103,-58.76,12.7,125.9,126.1,81,81,272,1.71,0.201,-46.36,1.4672,-1.22,-0.09800000000000002,-12.399999999999999,0.761586695747001
top500,AT high-minus-low,long_short,vw,8,20,1.0813,0.35,13.06,0.092,-59.2,12.7,125.9,126.1,81,81,272,1.46,0.181,-47.11,1.3881,-1.1099999999999999,-0.089,-12.090000000000003,0.7789784597651466
top500,AT high-minus-low,long_short,vw,8,50,0.9796,-0.09,13.09,0.059,-60.48,12.7,125.9,126.1,81,81,272,0.72,0.119,-49.33,1.1753,-0.8099999999999999,-0.06,-11.149999999999999,0.8334893218752659
top500,AT high-minus-low,long_short,vw,8,100,0.8302,-0.82,13.16,0.004,-62.55,12.7,125.9,126.1,81,81,272,-0.51,0.017,-52.86,0.8901,-0.30999999999999994,-0.013000000000000001,-9.689999999999998,0.9327041905403888
top500,AT high-minus-low,long_short,vw,9,0,1.1802,0.73,13.79,0.123,-59.84,12.8,126.8,127.0,81,81,272,1.95,0.222,-45.59,1.5508,-1.22,-0.099,-14.25,0.7610265669331957
top500,AT high-minus-low,long_short,vw,9,10,1.1421,0.59,13.8,0.112,-60.14,12.8,126.8,127.0,81,81,272,1.71,0.201,-46.36,1.4672,-1.12,-0.08900000000000001,-13.780000000000001,0.7784214830970555
top500,AT high-minus-low,long_short,vw,9,20,1.1051,0.44,13.8,0.102,-60.44,12.8,126.8,127.0,81,81,272,1.46,0.181,-47.11,1.3881,-1.02,-0.079,-13.329999999999998,0.7961241985447735
top500,AT high-minus-low,long_short,vw,9,50,1.0009,0.0,13.83,0.07,-61.33,12.8,126.8,127.0,81,81,272,0.72,0.119,-49.33,1.1753,-0.72,-0.04899999999999999,-12.0,0.8516123542925209
top500,AT high-minus-low,long_short,vw,9,100,0.8478,-0.73,13.9,0.018,-62.78,12.8,126.8,127.0,81,81,272,-0.51,0.017,-52.86,0.8901,-0.21999999999999997,0.0009999999999999974,-9.920000000000002,0.9524772497472194
top500,AT high-minus-low,long_short,vw,10,0,1.0868,0.37,13.89,0.098,-56.78,12.7,126.6,126.8,81,81,272,1.95,0.222,-45.59,1.5508,-1.58,-0.124,-11.189999999999998,0.7007995873097757
top500,AT high-minus-low,long_short,vw,10,10,1.0519,0.22,13.9,0.087,-57.22,12.7,126.6,126.8,81,81,272,1.71,0.201,-46.36,1.4672,-1.49,-0.11400000000000002,-10.86,0.716943838604144
top500,AT high-minus-low,long_short,vw,10,20,1.0181,0.08,13.9,0.077,-57.66,12.7,126.6,126.8,81,81,272,1.46,0.181,-47.11,1.3881,-1.38,-0.104,-10.549999999999997,0.7334485988041208
top500,AT high-minus-low,long_short,vw,10,50,0.9226,-0.35,13.93,0.046,-58.96,12.7,126.6,126.8,81,81,272,0.72,0.119,-49.33,1.1753,-1.0699999999999998,-0.073,-9.630000000000003,0.7849910661107802
top500,AT high-minus-low,long_short,vw,10,100,0.7821,-1.08,14.0,-0.006,-61.05,12.7,126.6,126.8,81,81,272,-0.51,0.017,-52.86,0.8901,-0.5700000000000001,-0.023,-8.189999999999998,0.8786653185035389
top500,AT high-minus-low,long_short,vw,11,0,1.1745,0.71,15.36,0.124,-62.24,12.6,125.6,125.9,81,81,272,1.95,0.222,-45.59,1.5508,-1.24,-0.098,-16.65,0.7573510446221307
top500,AT high-minus-low,long_short,vw,11,10,1.137,0.57,15.36,0.115,-62.67,12.6,125.6,125.9,81,81,272,1.71,0.201,-46.36,1.4672,-1.1400000000000001,-0.08600000000000001,-16.310000000000002,0.7749454743729552
top500,AT high-minus-low,long_short,vw,11,20,1.1006,0.42,15.37,0.106,-63.1,12.6,125.6,125.9,81,81,272,1.46,0.181,-47.11,1.3881,-1.04,-0.075,-15.990000000000002,0.7928823571788777
top500,AT high-minus-low,long_short,vw,11,50,0.9979,-0.01,15.4,0.078,-64.36,12.6,125.6,125.9,81,81,272,0.72,0.119,-49.33,1.1753,-0.73,-0.040999999999999995,-15.030000000000001,0.8490598145154429
top500,AT high-minus-low,long_short,vw,11,100,0.8467,-0.73,15.48,0.031,-66.38,12.6,125.6,125.9,81,81,272,-0.51,0.017,-52.86,0.8901,-0.21999999999999997,0.013999999999999999,-13.519999999999996,0.9512414335467925
top500,AT high-minus-low,long_short,vw,12,0,1.3565,1.35,13.14,0.168,-57.87,11.7,126.5,126.5,81,81,272,1.95,0.222,-45.59,1.5508,-0.5999999999999999,-0.05399999999999999,-12.279999999999994,0.8747098271859686
top500,AT high-minus-low,long_short,vw,12,10,1.3166,1.22,13.14,0.158,-58.27,11.7,126.5,126.5,81,81,272,1.71,0.201,-46.36,1.4672,-0.49,-0.04300000000000001,-11.910000000000004,0.8973555070883314
top500,AT high-minus-low,long_short,vw,12,20,1.2778,1.09,13.14,0.148,-58.67,11.7,126.5,126.5,81,81,272,1.46,0.181,-47.11,1.3881,-0.3699999999999999,-0.033,-11.560000000000002,0.9205388660759313
top500,AT high-minus-low,long_short,vw,12,50,1.1677,0.69,13.17,0.118,-59.85,11.7,126.5,126.5,81,81,272,0.72,0.119,-49.33,1.1753,-0.030000000000000027,-0.0010000000000000009,-10.520000000000003,0.9935335658980685
top500,AT high-minus-low,long_short,vw,12,100,1.0039,0.02,13.24,0.067,-61.77,11.7,126.5,126.5,81,81,272,-0.51,0.017,-52.86,0.8901,0.53,0.05,-8.910000000000004,1.1278508032805303
top500,SG high-minus-low,long_short,vw,1,0,0.5917,-2.29,11.15,-0.15,-59.36,34.3,124.7,124.5,77,70,272,-2.29,-0.15,-59.36,0.5917,0.0,0.0,0.0,1.0
top500,SG high-minus-low,long_short,vw,1,10,0.5396,-2.68,11.17,-0.186,-62.28,34.3,124.7,124.5,77,70,272,-2.68,-0.186,-62.28,0.5396,0.0,0.0,0.0,1.0
top500,SG high-minus-low,long_short,vw,1,20,0.492,-3.08,11.19,-0.222,-65.0,34.3,124.7,124.5,77,70,272,-3.08,-0.222,-65.0,0.492,0.0,0.0,0.0,1.0
top500,SG high-minus-low,long_short,vw,1,50,0.3726,-4.26,11.28,-0.327,-72.35,34.3,124.7,124.5,77,70,272,-4.26,-0.327,-72.35,0.3726,0.0,0.0,0.0,1.0
top500,SG high-minus-low,long_short,vw,1,100,0.2335,-6.22,11.54,-0.494,-81.52,34.3,124.7,124.5,77,70,272,-6.22,-0.494,-81.52,0.2335,0.0,0.0,0.0,1.0
top500,SG high-minus-low,long_short,vw,2,0,0.6735,-1.73,11.49,-0.093,-53.88,30.1,124.8,124.6,77,70,272,-2.29,-0.15,-59.36,0.5917,0.56,0.056999999999999995,5.479999999999997,1.138245732634781
top500,SG high-minus-low,long_short,vw,2,10,0.6213,-2.08,11.51,-0.123,-56.79,30.1,124.8,124.6,77,70,272,-2.68,-0.186,-62.28,0.5396,0.6000000000000001,0.063,5.490000000000002,1.1514084507042253
top500,SG high-minus-low,long_short,vw,2,20,0.5731,-2.43,11.54,-0.154,-59.58,30.1,124.8,124.6,77,70,272,-3.08,-0.222,-65.0,0.492,0.6499999999999999,0.068,5.420000000000002,1.164837398373984
top500,SG high-minus-low,long_short,vw,2,50,0.4492,-3.47,11.64,-0.243,-67.19,30.1,124.8,124.6,77,70,272,-4.26,-0.327,-72.35,0.3726,0.7899999999999996,0.08400000000000002,5.159999999999997,1.2055823939881911
top500,SG high-minus-low,long_short,vw,2,100,0.2983,-5.2,11.93,-0.385,-76.9,30.1,124.8,124.6,77,70,272,-6.22,-0.494,-81.52,0.2335,1.0199999999999996,0.10899999999999999,4.61999999999999,1.2775160599571733
top500,SG high-minus-low,long_short,vw,3,0,0.6451,-1.92,11.73,-0.105,-55.98,29.6,124.8,124.7,77,70,272,-2.29,-0.15,-59.36,0.5917,0.3700000000000001,0.045,3.3800000000000026,1.0902484367077911
top500,SG high-minus-low,long_short,vw,3,10,0.596,-2.26,11.75,-0.134,-58.71,29.6,124.8,124.7,77,70,272,-2.68,-0.186,-62.28,0.5396,0.4200000000000004,0.05199999999999999,3.5700000000000003,1.1045218680504076
top500,SG high-minus-low,long_short,vw,3,20,0.5505,-2.6,11.77,-0.163,-61.36,29.6,124.8,124.7,77,70,272,-3.08,-0.222,-65.0,0.492,0.48,0.059,3.6400000000000006,1.1189024390243902
top500,SG high-minus-low,long_short,vw,3,50,0.4333,-3.62,11.88,-0.249,-68.52,29.6,124.8,124.7,77,70,272,-4.26,-0.327,-72.35,0.3726,0.6399999999999997,0.07800000000000001,3.8299999999999983,1.162909286097692
top500,SG high-minus-low,long_short,vw,3,100,0.2896,-5.32,12.18,-0.385,-77.7,29.6,124.8,124.7,77,70,272,-6.22,-0.494,-81.52,0.2335,0.8999999999999995,0.10899999999999999,3.819999999999993,1.2402569593147752
top500,SG high-minus-low,long_short,vw,4,0,0.6625,-1.8,11.91,-0.092,-55.98,27.8,124.9,124.6,77,70,272,-2.29,-0.15,-59.36,0.5917,0.49,0.057999999999999996,3.3800000000000026,1.1196552306912286
top500,SG high-minus-low,long_short,vw,4,10,0.615,-2.12,11.92,-0.119,-58.55,27.8,124.9,124.6,77,70,272,-2.68,-0.186,-62.28,0.5396,0.56,0.067,3.730000000000004,1.1397331356560416
top500,SG high-minus-low,long_short,vw,4,20,0.5708,-2.44,11.95,-0.146,-60.98,27.8,124.9,124.6,77,70,272,-3.08,-0.222,-65.0,0.492,0.6400000000000001,0.07600000000000001,4.020000000000003,1.1601626016260163
top500,SG high-minus-low,long_short,vw,4,50,0.4558,-3.41,12.06,-0.225,-67.63,27.8,124.9,124.6,77,70,272,-4.26,-0.327,-72.35,0.3726,0.8499999999999996,0.10200000000000001,4.719999999999999,1.2232957595276437
top500,SG high-minus-low,long_short,vw,4,100,0.3121,-5.01,12.35,-0.351,-76.62,27.8,124.9,124.6,77,70,272,-6.22,-0.494,-81.52,0.2335,1.21,0.14300000000000002,4.8999999999999915,1.3366167023554603
top500,SG high-minus-low,long_short,vw,5,0,0.6454,-1.91,11.01,-0.12,-59.61,27.8,124.8,124.5,77,70,272,-2.29,-0.15,-59.36,0.5917,0.3800000000000001,0.03,-0.25,1.0907554503971606
top500,SG high-minus-low,long_short,vw,5,10,0.5993,-2.23,11.02,-0.15,-62.1,27.8,124.8,124.5,77,70,272,-2.68,-0.186,-62.28,0.5396,0.4500000000000002,0.036000000000000004,0.17999999999999972,1.1106375092661231
top500,SG high-minus-low,long_short,vw,5,20,0.5564,-2.55,11.04,-0.179,-64.44,27.8,124.8,124.5,77,70,272,-3.08,-0.222,-65.0,0.492,0.5300000000000002,0.04300000000000001,0.5600000000000023,1.1308943089430894
top500,SG high-minus-low,long_short,vw,5,50,0.4447,-3.51,11.13,-0.265,-70.66,27.8,124.8,124.5,77,70,272,-4.26,-0.327,-72.35,0.3726,0.75,0.062,1.6899999999999977,1.1935050993022007
top500,SG high-minus-low,long_short,vw,5,100,0.3048,-5.11,11.42,-0.401,-78.86,27.8,124.8,124.5,77,70,272,-6.22,-0.494,-81.52,0.2335,1.1099999999999994,0.09299999999999997,2.6599999999999966,1.305353319057816
top500,SG high-minus-low,long_short,vw,6,0,0.7238,-1.42,12.05,-0.057,-50.6,27.1,125.0,124.8,77,70,272,-2.29,-0.15,-59.36,0.5917,0.8700000000000001,0.093,8.759999999999998,1.2232550278857528
top500,SG high-minus-low,long_short,vw,6,10,0.673,-1.73,12.08,-0.083,-53.21,27.1,125.0,124.8,77,70,272,-2.68,-0.186,-62.28,0.5396,0.9500000000000002,0.103,9.07,1.2472201630837658
top500,SG high-minus-low,long_short,vw,6,20,0.6256,-2.05,12.11,-0.109,-55.91,27.1,125.0,124.8,77,70,272,-3.08,-0.222,-65.0,0.492,1.0300000000000002,0.113,9.090000000000003,1.2715447154471546
top500,SG high-minus-low,long_short,vw,6,50,0.502,-2.99,12.25,-0.185,-63.44,27.1,125.0,124.8,77,70,272,-4.26,-0.327,-72.35,0.3726,1.2699999999999996,0.14200000000000002,8.909999999999997,1.347289318303811
top500,SG high-minus-low,long_short,vw,6,100,0.3464,-4.57,12.59,-0.306,-73.5,27.1,125.0,124.8,77,70,272,-6.22,-0.494,-81.52,0.2335,1.6499999999999995,0.188,8.019999999999996,1.483511777301927
top500,SG high-minus-low,long_short,vw,7,0,0.8162,-0.89,10.39,-0.035,-46.2,26.5,125.2,124.9,77,70,272,-2.29,-0.15,-59.36,0.5917,1.4,0.11499999999999999,13.159999999999997,1.3794152442115937
top500,SG high-minus-low,long_short,vw,7,10,0.7609,-1.2,10.39,-0.064,-49.04,26.5,125.2,124.9,77,70,272,-2.68,-0.186,-62.28,0.5396,1.4800000000000002,0.122,13.240000000000002,1.4101186063750928
top500,SG high-minus-low,long_short,vw,7,20,0.7092,-1.5,10.41,-0.094,-51.96,26.5,125.2,124.9,77,70,272,-3.08,-0.222,-65.0,0.492,1.58,0.128,13.04,1.4414634146341465
top500,SG high-minus-low,long_short,vw,7,50,0.5736,-2.42,10.49,-0.181,-59.81,26.5,125.2,124.9,77,70,272,-4.26,-0.327,-72.35,0.3726,1.8399999999999999,0.14600000000000002,12.539999999999992,1.539452495974235
top500,SG high-minus-low,long_short,vw,7,100,0.401,-3.95,10.77,-0.32,-70.64,26.5,125.2,124.9,77,70,272,-6.22,-0.494,-81.52,0.2335,2.2699999999999996,0.174,10.879999999999995,1.7173447537473234
top500,SG high-minus-low,long_short,vw,8,0,0.7248,-1.41,12.57,-0.048,-54.91,26.4,124.8,124.4,77,70,272,-2.29,-0.15,-59.36,0.5917,0.8800000000000001,0.102,4.450000000000003,1.224945073516985
top500,SG high-minus-low,long_short,vw,8,10,0.6749,-1.72,12.62,-0.073,-57.3,26.4,124.8,124.4,77,70,272,-2.68,-0.186,-62.28,0.5396,0.9600000000000002,0.113,4.980000000000004,1.2507412898443293
top500,SG high-minus-low,long_short,vw,8,20,0.6284,-2.03,12.66,-0.097,-59.56,26.4,124.8,124.4,77,70,272,-3.08,-0.222,-65.0,0.492,1.0500000000000003,0.125,5.439999999999998,1.2772357723577235
top500,SG high-minus-low,long_short,vw,8,50,0.5066,-2.96,12.84,-0.167,-65.85,26.4,124.8,124.4,77,70,272,-4.26,-0.327,-72.35,0.3726,1.2999999999999998,0.16,6.5,1.359634997316157
top500,SG high-minus-low,long_short,vw,8,100,0.3521,-4.5,13.26,-0.278,-75.17,26.4,124.8,124.4,77,70,272,-6.22,-0.494,-81.52,0.2335,1.7199999999999998,0.21599999999999997,6.349999999999994,1.5079229122055675
top500,SG high-minus-low,long_short,vw,9,0,0.7917,-1.02,11.08,-0.037,-60.09,26.0,125.6,125.7,77,70,272,-2.29,-0.15,-59.36,0.5917,1.27,0.11299999999999999,-0.730000000000004,1.3380091262464087
top500,SG high-minus-low,long_short,vw,9,10,0.7385,-1.33,11.11,-0.065,-60.9,26.0,125.6,125.7,77,70,272,-2.68,-0.186,-62.28,0.5396,1.35,0.121,1.3800000000000026,1.3686063750926614
top500,SG high-minus-low,long_short,vw,9,20,0.6887,-1.63,11.14,-0.092,-61.69,26.0,125.6,125.7,77,70,272,-3.08,-0.222,-65.0,0.492,1.4500000000000002,0.13,3.3100000000000023,1.3997967479674795
top500,SG high-minus-low,long_short,vw,9,50,0.5578,-2.54,11.29,-0.171,-64.23,26.0,125.6,125.7,77,70,272,-4.26,-0.327,-72.35,0.3726,1.7199999999999998,0.156,8.11999999999999,1.4970477724100912
top500,SG high-minus-low,long_short,vw,9,100,0.3909,-4.06,11.68,-0.295,-72.34,26.0,125.6,125.7,77,70,272,-6.22,-0.494,-81.52,0.2335,2.16,0.199,9.179999999999993,1.6740899357601713
top500,SG high-minus-low,long_short,vw,10,0,0.5748,-2.41,11.47,-0.155,-65.58,26.1,125.4,125.3,77,70,272,-2.29,-0.15,-59.36,0.5917,-0.1200000000000001,-0.0050000000000000044,-6.219999999999999,0.9714382288321785
top500,SG high-minus-low,long_short,vw,10,10,0.5361,-2.71,11.49,-0.181,-67.58,26.1,125.4,125.3,77,70,272,-2.68,-0.186,-62.28,0.5396,-0.029999999999999805,0.0050000000000000044,-5.299999999999997,0.9935137138621202
top500,SG high-minus-low,long_short,vw,10,20,0.4999,-3.01,11.52,-0.207,-69.47,26.1,125.4,125.3,77,70,272,-3.08,-0.222,-65.0,0.492,0.07000000000000028,0.015000000000000013,-4.469999999999999,1.0160569105691057
top500,SG high-minus-low,long_short,vw,10,50,0.4049,-3.91,11.64,-0.284,-74.53,26.1,125.4,125.3,77,70,272,-4.26,-0.327,-72.35,0.3726,0.34999999999999964,0.04300000000000004,-2.180000000000007,1.086688137412775
top500,SG high-minus-low,long_short,vw,10,100,0.2837,-5.41,11.99,-0.402,-81.3,26.1,125.4,125.3,77,70,272,-6.22,-0.494,-81.52,0.2335,0.8099999999999996,0.09199999999999997,0.21999999999999886,1.2149892933618844
top500,SG high-minus-low,long_short,vw,11,0,0.8874,-0.53,11.31,0.01,-58.08,25.9,124.5,124.3,77,70,272,-2.29,-0.15,-59.36,0.5917,1.76,0.16,1.2800000000000011,1.499746493155315
top500,SG high-minus-low,long_short,vw,11,10,0.8283,-0.83,11.32,-0.017,-59.44,25.9,124.5,124.3,77,70,272,-2.68,-0.186,-62.28,0.5396,1.85,0.16899999999999998,2.8400000000000034,1.5350259451445516
top500,SG high-minus-low,long_short,vw,11,20,0.773,-1.13,11.34,-0.043,-60.76,25.9,124.5,124.3,77,70,272,-3.08,-0.222,-65.0,0.492,1.9500000000000002,0.179,4.240000000000002,1.571138211382114
top500,SG high-minus-low,long_short,vw,11,50,0.6274,-2.04,11.44,-0.122,-64.66,25.9,124.5,124.3,77,70,272,-4.26,-0.327,-72.35,0.3726,2.2199999999999998,0.20500000000000002,7.689999999999998,1.6838432635534084
top500,SG high-minus-low,long_short,vw,11,100,0.4411,-3.55,11.77,-0.247,-70.67,25.9,124.5,124.3,77,70,272,-6.22,-0.494,-81.52,0.2335,2.67,0.247,10.849999999999994,1.8890792291220555
top500,SG high-minus-low,long_short,vw,12,0,0.6977,-1.58,13.18,-0.053,-54.53,25.6,125.2,125.0,77,70,272,-2.29,-0.15,-59.36,0.5917,0.71,0.097,4.829999999999998,1.1791448369105966
top500,SG high-minus-low,long_short,vw,12,10,0.6515,-1.87,13.2,-0.076,-56.64,25.6,125.2,125.0,77,70,272,-2.68,-0.186,-62.28,0.5396,0.81,0.11,5.640000000000001,1.207375833951075
top500,SG high-minus-low,long_short,vw,12,20,0.6082,-2.17,13.23,-0.098,-59.0,25.6,125.2,125.0,77,70,272,-3.08,-0.222,-65.0,0.492,0.9100000000000001,0.124,6.0,1.2361788617886178
top500,SG high-minus-low,long_short,vw,12,50,0.4942,-3.06,13.35,-0.164,-65.72,25.6,125.2,125.0,77,70,272,-4.26,-0.327,-72.35,0.3726,1.1999999999999997,0.163,6.6299999999999955,1.3263553408480944
top500,SG high-minus-low,long_short,vw,12,100,0.3481,-4.55,13.68,-0.269,-74.68,25.6,125.2,125.0,77,70,272,-6.22,-0.494,-81.52,0.2335,1.67,0.22499999999999998,6.839999999999989,1.4907922912205567
top500,ACC conservative-minus-aggressive,long_short,vw,1,0,0.8895,-0.52,12.78,0.023,-66.25,27.9,142.6,142.8,142,141,272,-0.52,0.023,-66.25,0.8895,0.0,0.0,0.0,1.0
top500,ACC conservative-minus-aggressive,long_short,vw,1,10,0.8264,-0.84,12.77,-0.002,-67.64,27.9,142.6,142.8,142,141,272,-0.84,-0.002,-67.64,0.8264,0.0,0.0,0.0,1.0
top500,ACC conservative-minus-aggressive,long_short,vw,1,20,0.7678,-1.16,12.76,-0.028,-68.97,27.9,142.6,142.8,142,141,272,-1.16,-0.028,-68.97,0.7678,0.0,0.0,0.0,1.0
top500,ACC conservative-minus-aggressive,long_short,vw,1,50,0.6152,-2.12,12.74,-0.105,-72.66,27.9,142.6,142.8,142,141,272,-2.12,-0.105,-72.66,0.6152,0.0,0.0,0.0,1.0
top500,ACC conservative-minus-aggressive,long_short,vw,1,100,0.4244,-3.71,12.76,-0.232,-77.89,27.9,142.6,142.8,142,141,272,-3.71,-0.232,-77.89,0.4244,0.0,0.0,0.0,1.0
top500,ACC conservative-minus-aggressive,long_short,vw,2,0,0.8054,-0.95,13.03,-0.008,-68.57,24.6,142.6,142.9,142,141,272,-0.52,0.023,-66.25,0.8895,-0.42999999999999994,-0.031,-2.319999999999993,0.9054525014052839
top500,ACC conservative-minus-aggressive,long_short,vw,2,10,0.755,-1.23,13.01,-0.03,-69.73,24.6,142.6,142.9,142,141,272,-0.84,-0.002,-67.64,0.8264,-0.39,-0.027999999999999997,-2.0900000000000034,0.9136011616650532
top500,ACC conservative-minus-aggressive,long_short,vw,2,20,0.7077,-1.51,13.0,-0.052,-70.86,24.6,142.6,142.9,142,141,272,-1.16,-0.028,-68.97,0.7678,-0.3500000000000001,-0.023999999999999997,-1.8900000000000006,0.9217244073977597
top500,ACC conservative-minus-aggressive,long_short,vw,2,50,0.5825,-2.36,12.98,-0.119,-74.0,24.6,142.6,142.9,142,141,272,-2.12,-0.105,-72.66,0.6152,-0.23999999999999977,-0.013999999999999999,-1.3400000000000034,0.9468465539661899
top500,ACC conservative-minus-aggressive,long_short,vw,2,100,0.4202,-3.75,13.01,-0.228,-78.53,24.6,142.6,142.9,142,141,272,-3.71,-0.232,-77.89,0.4244,-0.040000000000000036,0.0040000000000000036,-0.6400000000000006,0.9901036757775684
top500,ACC conservative-minus-aggressive,long_short,vw,3,0,0.821,-0.87,13.05,-0.001,-67.39,24.0,142.7,142.9,142,141,272,-0.52,0.023,-66.25,0.8895,-0.35,-0.024,-1.1400000000000006,0.9229904440697021
top500,ACC conservative-minus-aggressive,long_short,vw,3,10,0.7711,-1.14,13.03,-0.023,-68.54,24.0,142.7,142.9,142,141,272,-0.84,-0.002,-67.64,0.8264,-0.29999999999999993,-0.020999999999999998,-0.9000000000000057,0.9330832526621491
top500,ACC conservative-minus-aggressive,long_short,vw,3,20,0.7241,-1.41,13.02,-0.044,-69.66,24.0,142.7,142.9,142,141,272,-1.16,-0.028,-68.97,0.7678,-0.25,-0.015999999999999997,-0.6899999999999977,0.9430841364938786
top500,ACC conservative-minus-aggressive,long_short,vw,3,50,0.5992,-2.23,12.99,-0.109,-72.78,24.0,142.7,142.9,142,141,272,-2.12,-0.105,-72.66,0.6152,-0.10999999999999988,-0.0040000000000000036,-0.12000000000000455,0.9739921976592978
top500,ACC conservative-minus-aggressive,long_short,vw,3,100,0.4362,-3.59,13.01,-0.216,-77.32,24.0,142.7,142.9,142,141,272,-3.71,-0.232,-77.89,0.4244,0.1200000000000001,0.016000000000000014,0.5700000000000074,1.027803958529689
top500,ACC conservative-minus-aggressive,long_short,vw,4,0,0.7008,-1.56,13.42,-0.049,-71.24,22.7,142.8,143.0,143,143,272,-0.52,0.023,-66.25,0.8895,-1.04,-0.07200000000000001,-4.989999999999995,0.787858347386172
top500,ACC conservative-minus-aggressive,long_short,vw,4,10,0.6605,-1.81,13.41,-0.069,-72.26,22.7,142.8,143.0,143,143,272,-0.84,-0.002,-67.64,0.8264,-0.9700000000000001,-0.067,-4.6200000000000045,0.7992497579864472
top500,ACC conservative-minus-aggressive,long_short,vw,4,20,0.6225,-2.07,13.39,-0.089,-73.24,22.7,142.8,143.0,143,143,272,-1.16,-0.028,-68.97,0.7678,-0.9099999999999999,-0.061,-4.269999999999996,0.8107580098984111
top500,ACC conservative-minus-aggressive,long_short,vw,4,50,0.5207,-2.84,13.37,-0.148,-76.0,22.7,142.8,143.0,143,143,272,-2.12,-0.105,-72.66,0.6152,-0.7199999999999998,-0.043,-3.3400000000000034,0.8463914174252277
top500,ACC conservative-minus-aggressive,long_short,vw,4,100,0.3858,-4.12,13.39,-0.246,-80.0,22.7,142.8,143.0,143,143,272,-3.71,-0.232,-77.89,0.4244,-0.41000000000000014,-0.013999999999999985,-2.1099999999999994,0.9090480678605088
top500,ACC conservative-minus-aggressive,long_short,vw,5,0,0.9291,-0.32,13.93,0.047,-69.53,22.6,142.5,142.8,142,141,272,-0.52,0.023,-66.25,0.8895,0.2,0.024,-3.280000000000001,1.0445193929173695
top500,ACC conservative-minus-aggressive,long_short,vw,5,10,0.8752,-0.59,13.94,0.028,-70.43,22.6,142.5,142.8,142,141,272,-0.84,-0.002,-67.64,0.8264,0.25,0.03,-2.7900000000000063,1.0590513068731848
top500,ACC conservative-minus-aggressive,long_short,vw,5,20,0.8243,-0.85,13.95,0.009,-71.3,22.6,142.5,142.8,142,141,272,-1.16,-0.028,-68.97,0.7678,0.30999999999999994,0.037,-2.3299999999999983,1.073586871581141
top500,ACC conservative-minus-aggressive,long_short,vw,5,50,0.6883,-1.63,14.01,-0.047,-73.79,22.6,142.5,142.8,142,141,272,-2.12,-0.105,-72.66,0.6152,0.4900000000000002,0.057999999999999996,-1.1300000000000097,1.1188231469440832
top500,ACC conservative-minus-aggressive,long_short,vw,5,100,0.5084,-2.94,14.16,-0.139,-77.74,22.6,142.5,142.8,142,141,272,-3.71,-0.232,-77.89,0.4244,0.77,0.093,0.15000000000000568,1.1979264844486333
top500,ACC conservative-minus-aggressive,long_short,vw,6,0,0.6936,-1.6,13.74,-0.049,-71.11,22.3,142.9,143.1,142,141,272,-0.52,0.023,-66.25,0.8895,-1.08,-0.07200000000000001,-4.859999999999999,0.7797639123102867
top500,ACC conservative-minus-aggressive,long_short,vw,6,10,0.6544,-1.85,13.72,-0.067,-72.04,22.3,142.9,143.1,142,141,272,-0.84,-0.002,-67.64,0.8264,-1.0100000000000002,-0.065,-4.400000000000006,0.791868344627299
top500,ACC conservative-minus-aggressive,long_short,vw,6,20,0.6174,-2.11,13.71,-0.086,-73.02,22.3,142.9,143.1,142,141,272,-1.16,-0.028,-68.97,0.7678,-0.95,-0.057999999999999996,-4.049999999999997,0.8041156551185203
top500,ACC conservative-minus-aggressive,long_short,vw,6,50,0.5179,-2.86,13.69,-0.143,-75.76,22.3,142.9,143.1,142,141,272,-2.12,-0.105,-72.66,0.6152,-0.7399999999999998,-0.03799999999999999,-3.1000000000000085,0.8418400520156047
top500,ACC conservative-minus-aggressive,long_short,vw,6,100,0.3854,-4.12,13.75,-0.237,-79.76,22.3,142.9,143.1,142,141,272,-3.71,-0.232,-77.89,0.4244,-0.41000000000000014,-0.004999999999999977,-1.8700000000000045,0.908105560791706
top500,ACC conservative-minus-aggressive,long_short,vw,7,0,1.1907,0.77,13.15,0.124,-60.73,21.0,142.6,142.8,143,143,272,-0.52,0.023,-66.25,0.8895,1.29,0.101,5.520000000000003,1.3386172006745365
top500,ACC conservative-minus-aggressive,long_short,vw,7,10,1.1271,0.53,13.14,0.106,-61.8,21.0,142.6,142.8,143,143,272,-0.84,-0.002,-67.64,0.8264,1.37,0.108,5.840000000000003,1.363867376573088
top500,ACC conservative-minus-aggressive,long_short,vw,7,20,1.0667,0.29,13.14,0.087,-62.84,21.0,142.6,142.8,143,143,272,-1.16,-0.028,-68.97,0.7678,1.45,0.11499999999999999,6.1299999999999955,1.3892940870018233
top500,ACC conservative-minus-aggressive,long_short,vw,7,50,0.9038,-0.45,13.16,0.032,-65.8,21.0,142.6,142.8,143,143,272,-2.12,-0.105,-72.66,0.6152,1.6700000000000002,0.137,6.859999999999999,1.4691157347204162
top500,ACC conservative-minus-aggressive,long_short,vw,7,100,0.684,-1.66,13.26,-0.06,-70.26,21.0,142.6,142.8,143,143,272,-3.71,-0.232,-77.89,0.4244,2.05,0.17200000000000001,7.6299999999999955,1.6116870876531575
top500,ACC conservative-minus-aggressive,long_short,vw,8,0,0.782,-1.08,14.35,-0.004,-73.99,20.9,142.7,142.9,143,143,272,-0.52,0.023,-66.25,0.8895,-0.56,-0.027,-7.739999999999995,0.8791455874086567
top500,ACC conservative-minus-aggressive,long_short,vw,8,10,0.7402,-1.32,14.35,-0.02,-74.76,20.9,142.7,142.9,143,143,272,-0.84,-0.002,-67.64,0.8264,-0.4800000000000001,-0.018000000000000002,-7.1200000000000045,0.8956921587608906
top500,ACC conservative-minus-aggressive,long_short,vw,8,20,0.7005,-1.56,14.35,-0.037,-75.51,20.9,142.7,142.9,143,143,272,-1.16,-0.028,-68.97,0.7678,-0.40000000000000013,-0.008999999999999998,-6.540000000000006,0.9123469653555614
top500,ACC conservative-minus-aggressive,long_short,vw,8,50,0.5933,-2.28,14.39,-0.088,-77.63,20.9,142.7,142.9,143,143,272,-2.12,-0.105,-72.66,0.6152,-0.1599999999999997,0.017,-4.969999999999999,0.964401820546164
top500,ACC conservative-minus-aggressive,long_short,vw,8,100,0.4486,-3.47,14.53,-0.17,-80.79,20.9,142.7,142.9,143,143,272,-3.71,-0.232,-77.89,0.4244,0.23999999999999977,0.062,-2.9000000000000057,1.0570216776625825
top500,ACC conservative-minus-aggressive,long_short,vw,9,0,0.9488,-0.23,14.16,0.054,-67.61,20.6,142.2,142.6,142,141,272,-0.52,0.023,-66.25,0.8895,0.29000000000000004,0.031,-1.3599999999999994,1.0666666666666667
top500,ACC conservative-minus-aggressive,long_short,vw,9,10,0.8993,-0.47,14.15,0.037,-68.43,20.6,142.2,142.6,142,141,272,-0.84,-0.002,-67.64,0.8264,0.37,0.039,-0.7900000000000063,1.088213939980639
top500,ACC conservative-minus-aggressive,long_short,vw,9,20,0.8522,-0.7,14.14,0.02,-69.24,20.6,142.2,142.6,142,141,272,-1.16,-0.028,-68.97,0.7678,0.45999999999999996,0.048,-0.269999999999996,1.10992445949466
top500,ACC conservative-minus-aggressive,long_short,vw,9,50,0.7246,-1.41,14.13,-0.03,-71.55,20.6,142.2,142.6,142,141,272,-2.12,-0.105,-72.66,0.6152,0.7100000000000002,0.075,1.1099999999999994,1.1778283485045515
top500,ACC conservative-minus-aggressive,long_short,vw,9,100,0.5515,-2.59,14.2,-0.114,-75.06,20.6,142.2,142.6,142,141,272,-3.71,-0.232,-77.89,0.4244,1.12,0.11800000000000001,2.8299999999999983,1.2994816211121583
top500,ACC conservative-minus-aggressive,long_short,vw,10,0,1.7543,2.51,13.34,0.252,-60.62,19.5,142.4,142.6,142,141,272,-0.52,0.023,-66.25,0.8895,3.03,0.229,5.630000000000003,1.972231590781338
top500,ACC conservative-minus-aggressive,long_short,vw,10,10,1.667,2.28,13.35,0.235,-61.48,19.5,142.4,142.6,142,141,272,-0.84,-0.002,-67.64,0.8264,3.1199999999999997,0.237,6.160000000000004,2.0171829622458857
top500,ACC conservative-minus-aggressive,long_short,vw,10,20,1.5839,2.05,13.36,0.218,-62.32,19.5,142.4,142.6,142,141,272,-1.16,-0.028,-68.97,0.7678,3.21,0.246,6.649999999999999,2.0629070070330817
top500,ACC conservative-minus-aggressive,long_short,vw,10,50,1.3577,1.36,13.4,0.167,-64.75,19.5,142.4,142.6,142,141,272,-2.12,-0.105,-72.66,0.6152,3.4800000000000004,0.272,7.909999999999997,2.206924577373212
top500,ACC conservative-minus-aggressive,long_short,vw,10,100,1.0477,0.21,13.55,0.082,-68.48,19.5,142.4,142.6,142,141,272,-3.71,-0.232,-77.89,0.4244,3.92,0.314,9.409999999999997,2.4686616399623
top500,ACC conservative-minus-aggressive,long_short,vw,11,0,1.1291,0.54,15.28,0.111,-70.02,20.3,142.2,142.6,143,143,272,-0.52,0.023,-66.25,0.8895,1.06,0.088,-3.769999999999996,1.2693648116919618
top500,ACC conservative-minus-aggressive,long_short,vw,11,10,1.0706,0.3,15.28,0.095,-70.86,20.3,142.2,142.6,143,143,272,-0.84,-0.002,-67.64,0.8264,1.14,0.097,-3.219999999999999,1.2954985479186834
top500,ACC conservative-minus-aggressive,long_short,vw,11,20,1.015,0.07,15.28,0.08,-71.69,20.3,142.2,142.6,143,143,272,-1.16,-0.028,-68.97,0.7678,1.23,0.108,-2.719999999999999,1.3219588434488145
top500,ACC conservative-minus-aggressive,long_short,vw,11,50,0.8642,-0.64,15.31,0.034,-74.04,20.3,142.2,142.6,143,143,272,-2.12,-0.105,-72.66,0.6152,1.48,0.139,-1.3800000000000097,1.404746423927178
top500,ACC conservative-minus-aggressive,long_short,vw,11,100,0.6591,-1.82,15.43,-0.043,-77.57,20.3,142.2,142.6,143,143,272,-3.71,-0.232,-77.89,0.4244,1.89,0.189,0.3200000000000074,1.5530160226201697
top500,ACC conservative-minus-aggressive,long_short,vw,12,0,0.8909,-0.51,13.49,0.029,-70.27,19.8,143.3,143.4,143,143,272,-0.52,0.023,-66.25,0.8895,0.010000000000000009,0.006000000000000002,-4.019999999999996,1.0015739179314223
top500,ACC conservative-minus-aggressive,long_short,vw,12,10,0.8464,-0.73,13.47,0.012,-70.94,19.8,143.3,143.4,143,143,272,-0.84,-0.002,-67.64,0.8264,0.10999999999999999,0.014,-3.299999999999997,1.0242013552758955
top500,ACC conservative-minus-aggressive,long_short,vw,12,20,0.8039,-0.96,13.46,-0.005,-71.6,19.8,143.3,143.4,143,143,272,-1.16,-0.028,-68.97,0.7678,0.19999999999999996,0.023,-2.6299999999999955,1.0470174524615785
top500,ACC conservative-minus-aggressive,long_short,vw,12,50,0.6884,-1.63,13.44,-0.056,-73.49,19.8,143.3,143.4,143,143,272,-2.12,-0.105,-72.66,0.6152,0.4900000000000002,0.048999999999999995,-0.8299999999999983,1.1189856957087128
top500,ACC conservative-minus-aggressive,long_short,vw,12,100,0.5302,-2.76,13.48,-0.14,-76.39,19.8,143.3,143.4,143,143,272,-3.71,-0.232,-77.89,0.4244,0.9500000000000002,0.092,1.5,1.2492931196983978
top500,VOL low-minus-high,long_short,vw,1,0,0.3376,-4.68,23.18,-0.074,-80.38,94.0,129.2,143.1,146,146,272,-4.68,-0.074,-80.38,0.3376,0.0,0.0,0.0,1.0
top500,VOL low-minus-high,long_short,vw,1,10,0.2612,-5.75,23.2,-0.122,-81.65,94.0,129.2,143.1,146,146,272,-5.75,-0.122,-81.65,0.2612,0.0,0.0,0.0,1.0
top500,VOL low-minus-high,long_short,vw,1,20,0.2019,-6.81,23.22,-0.17,-82.84,94.0,129.2,143.1,146,146,272,-6.81,-0.17,-82.84,0.2019,0.0,0.0,0.0,1.0
top500,VOL low-minus-high,long_short,vw,1,50,0.0931,-9.94,23.3,-0.314,-91.06,94.0,129.2,143.1,146,146,272,-9.94,-0.314,-91.06,0.0931,0.0,0.0,0.0,1.0
top500,VOL low-minus-high,long_short,vw,1,100,0.0255,-14.95,23.48,-0.55,-97.53,94.0,129.2,143.1,146,146,272,-14.95,-0.55,-97.53,0.0255,0.0,0.0,0.0,1.0
top500,VOL low-minus-high,long_short,vw,2,0,0.279,-5.48,25.93,-0.045,-87.8,67.5,128.2,141.2,118,140,272,-4.68,-0.074,-80.38,0.3376,-0.8000000000000007,0.028999999999999998,-7.420000000000002,0.8264218009478673
top500,VOL low-minus-high,long_short,vw,2,10,0.2319,-6.24,25.95,-0.076,-88.34,67.5,128.2,141.2,118,140,272,-5.75,-0.122,-81.65,0.2612,-0.4900000000000002,0.046,-6.689999999999998,0.8878254211332313
top500,VOL low-minus-high,long_short,vw,2,20,0.1927,-7.01,25.98,-0.106,-88.86,67.5,128.2,141.2,118,140,272,-6.81,-0.17,-82.84,0.2019,-0.20000000000000018,0.06400000000000002,-6.019999999999996,0.9544328875681031
top500,VOL low-minus-high,long_short,vw,2,50,0.1102,-9.27,26.08,-0.198,-90.73,67.5,128.2,141.2,118,140,272,-9.94,-0.314,-91.06,0.0931,0.6699999999999999,0.11599999999999999,0.3299999999999983,1.183673469387755
top500,VOL low-minus-high,long_short,vw,2,100,0.0431,-12.95,26.35,-0.348,-96.0,67.5,128.2,141.2,118,140,272,-14.95,-0.55,-97.53,0.0255,2.0,0.20200000000000007,1.5300000000000011,1.6901960784313725
top500,VOL low-minus-high,long_short,vw,3,0,0.2576,-5.81,28.11,-0.035,-88.13,57.4,127.9,139.6,118,140,272,-4.68,-0.074,-80.38,0.3376,-1.13,0.03899999999999999,-7.75,0.7630331753554502
top500,VOL low-minus-high,long_short,vw,3,10,0.2198,-6.47,28.14,-0.059,-88.61,57.4,127.9,139.6,118,140,272,-5.75,-0.122,-81.65,0.2612,-0.7199999999999998,0.063,-6.959999999999994,0.8415007656967841
top500,VOL low-minus-high,long_short,vw,3,20,0.1875,-7.12,28.18,-0.083,-89.07,57.4,127.9,139.6,118,140,272,-6.81,-0.17,-82.84,0.2019,-0.3100000000000005,0.08700000000000001,-6.22999999999999,0.9286775631500743
top500,VOL low-minus-high,long_short,vw,3,50,0.116,-9.06,28.33,-0.155,-90.37,57.4,127.9,139.6,118,140,272,-9.94,-0.314,-91.06,0.0931,0.879999999999999,0.159,0.6899999999999977,1.2459720730397423
top500,VOL low-minus-high,long_short,vw,3,100,0.0518,-12.25,28.65,-0.272,-95.13,57.4,127.9,139.6,118,140,272,-14.95,-0.55,-97.53,0.0255,2.6999999999999993,0.278,2.4000000000000057,2.0313725490196077
top500,VOL low-minus-high,long_short,vw,4,0,0.2789,-5.48,27.73,-0.037,-85.43,46.0,126.6,137.5,114,144,272,-4.68,-0.074,-80.38,0.3376,-0.8000000000000007,0.037,-5.050000000000011,0.8261255924170615
top500,VOL low-minus-high,long_short,vw,4,10,0.246,-6.0,27.74,-0.057,-85.91,46.0,126.6,137.5,114,144,272,-5.75,-0.122,-81.65,0.2612,-0.25,0.065,-4.259999999999991,0.9418070444104135
top500,VOL low-minus-high,long_short,vw,4,20,0.2169,-6.52,27.75,-0.076,-86.37,46.0,126.6,137.5,114,144,272,-6.81,-0.17,-82.84,0.2019,0.29000000000000004,0.09400000000000001,-3.530000000000001,1.074294205052006
top500,VOL low-minus-high,long_short,vw,4,50,0.1484,-8.07,27.8,-0.135,-87.68,46.0,126.6,137.5,114,144,272,-9.94,-0.314,-91.06,0.0931,1.8699999999999992,0.179,3.3799999999999955,1.593984962406015
top500,VOL low-minus-high,long_short,vw,4,100,0.0783,-10.63,27.95,-0.231,-92.77,46.0,126.6,137.5,114,144,272,-14.95,-0.55,-97.53,0.0255,4.3199999999999985,0.31900000000000006,4.760000000000005,3.070588235294118
top500,VOL low-minus-high,long_short,vw,5,0,0.4837,-3.15,27.22,0.058,-84.29,43.1,129.2,142.9,118,140,272,-4.68,-0.074,-80.38,0.3376,1.5299999999999998,0.132,-3.910000000000011,1.432760663507109
top500,VOL low-minus-high,long_short,vw,5,10,0.4301,-3.65,27.25,0.039,-84.75,43.1,129.2,142.9,118,140,272,-5.75,-0.122,-81.65,0.2612,2.1,0.161,-3.0999999999999943,1.6466309341500767
top500,VOL low-minus-high,long_short,vw,5,20,0.3823,-4.15,27.28,0.021,-85.2,43.1,129.2,142.9,118,140,272,-6.81,-0.17,-82.84,0.2019,2.6599999999999993,0.191,-2.3599999999999994,1.893511639425458
top500,VOL low-minus-high,long_short,vw,5,50,0.2679,-5.64,27.41,-0.035,-86.47,43.1,129.2,142.9,118,140,272,-9.94,-0.314,-91.06,0.0931,4.3,0.279,4.590000000000003,2.8775510204081636
top500,VOL low-minus-high,long_short,vw,5,100,0.1471,-8.11,27.7,-0.126,-88.38,43.1,129.2,142.9,118,140,272,-14.95,-0.55,-97.53,0.0255,6.84,0.42400000000000004,9.150000000000006,5.768627450980393
top500,VOL low-minus-high,long_short,vw,6,0,0.273,-5.57,30.32,-0.005,-86.4,39.2,125.7,134.2,118,140,272,-4.68,-0.074,-80.38,0.3376,-0.8900000000000006,0.06899999999999999,-6.02000000000001,0.808649289099526
top500,VOL low-minus-high,long_short,vw,6,10,0.2443,-6.03,30.37,-0.02,-86.79,39.2,125.7,134.2,118,140,272,-5.75,-0.122,-81.65,0.2612,-0.28000000000000025,0.102,-5.140000000000001,0.9352986217457887
top500,VOL low-minus-high,long_short,vw,6,20,0.2185,-6.49,30.44,-0.035,-87.16,39.2,125.7,134.2,118,140,272,-6.81,-0.17,-82.84,0.2019,0.3199999999999994,0.135,-4.319999999999993,1.0822189202575532
top500,VOL low-minus-high,long_short,vw,6,50,0.1561,-7.87,30.65,-0.08,-88.24,39.2,125.7,134.2,118,140,272,-9.94,-0.314,-91.06,0.0931,2.0699999999999994,0.23399999999999999,2.8200000000000074,1.6766917293233081
top500,VOL low-minus-high,long_short,vw,6,100,0.0884,-10.15,31.07,-0.153,-92.05,39.2,125.7,134.2,118,140,272,-14.95,-0.55,-97.53,0.0255,4.799999999999999,0.397,5.480000000000004,3.4666666666666672
top500,VOL low-minus-high,long_short,vw,7,0,-0.4477,,37.41,-0.085,-163.55,33.0,129.2,142.8,106,142,272,-4.68,-0.074,-80.38,0.3376,,-0.01100000000000001,-83.17000000000002,-1.3261255924170616
top500,VOL low-minus-high,long_short,vw,7,10,-0.4103,,37.4,-0.096,-159.7,33.0,129.2,142.8,106,142,272,-5.75,-0.122,-81.65,0.2612,,0.025999999999999995,-78.04999999999998,-1.5708269525267995
top500,VOL low-minus-high,long_short,vw,7,20,-0.3759,,37.39,-0.106,-156.08,33.0,129.2,142.8,106,142,272,-6.81,-0.17,-82.84,0.2019,,0.06400000000000002,-73.24000000000001,-1.861812778603269
top500,VOL low-minus-high,long_short,vw,7,50,-0.2888,,37.37,-0.137,-146.44,33.0,129.2,142.8,106,142,272,-9.94,-0.314,-91.06,0.0931,,0.177,-55.379999999999995,-3.1020408163265305
top500,VOL low-minus-high,long_short,vw,7,100,-0.1853,,37.39,-0.189,-133.81,33.0,129.2,142.8,106,142,272,-14.95,-0.55,-97.53,0.0255,,0.36100000000000004,-36.28,-7.266666666666667
top500,VOL low-minus-high,long_short,vw,8,0,0.3301,-4.77,28.05,-0.012,-82.55,34.4,125.2,136.7,105,117,272,-4.68,-0.074,-80.38,0.3376,-0.08999999999999986,0.062,-2.1700000000000017,0.9777843601895735
top500,VOL low-minus-high,long_short,vw,8,10,0.3002,-5.17,28.07,-0.026,-83.0,34.4,125.2,136.7,105,117,272,-5.75,-0.122,-81.65,0.2612,0.5800000000000001,0.096,-1.3499999999999943,1.149310872894334
top500,VOL low-minus-high,long_short,vw,8,20,0.2729,-5.57,28.09,-0.04,-83.45,34.4,125.2,136.7,105,117,272,-6.81,-0.17,-82.84,0.2019,1.2399999999999993,0.13,-0.6099999999999994,1.3516592372461613
top500,VOL low-minus-high,long_short,vw,8,50,0.2045,-6.76,28.2,-0.083,-86.03,34.4,125.2,136.7,105,117,272,-9.94,-0.314,-91.06,0.0931,3.1799999999999997,0.23099999999999998,5.030000000000001,2.19656283566058
top500,VOL low-minus-high,long_short,vw,8,100,0.1256,-8.75,28.45,-0.153,-90.85,34.4,125.2,136.7,105,117,272,-14.95,-0.55,-97.53,0.0255,6.199999999999999,0.397,6.680000000000007,4.925490196078432
top500,VOL low-minus-high,long_short,vw,9,0,0.4179,-3.78,27.31,0.008,-77.34,32.7,126.5,140.2,118,140,272,-4.68,-0.074,-80.38,0.3376,0.8999999999999999,0.08199999999999999,3.039999999999992,1.2378554502369667
top500,VOL low-minus-high,long_short,vw,9,10,0.3824,-4.15,27.33,-0.006,-77.83,32.7,126.5,140.2,118,140,272,-5.75,-0.122,-81.65,0.2612,1.5999999999999996,0.11599999999999999,3.8200000000000074,1.4640122511485454
top500,VOL low-minus-high,long_short,vw,9,20,0.3498,-4.53,27.36,-0.02,-78.31,32.7,126.5,140.2,118,140,272,-6.81,-0.17,-82.84,0.2019,2.2799999999999994,0.15000000000000002,4.530000000000001,1.7325408618127787
top500,VOL low-minus-high,long_short,vw,9,50,0.2672,-5.66,27.47,-0.062,-81.81,32.7,126.5,140.2,118,140,272,-9.94,-0.314,-91.06,0.0931,4.279999999999999,0.252,9.25,2.870032223415682
top500,VOL low-minus-high,long_short,vw,9,100,0.1694,-7.53,27.74,-0.131,-88.05,32.7,126.5,140.2,118,140,272,-14.95,-0.55,-97.53,0.0255,7.419999999999999,0.41900000000000004,9.480000000000004,6.643137254901961
top500,VOL low-minus-high,long_short,vw,10,0,0.507,-2.95,23.62,0.016,-73.11,32.5,129.0,140.5,118,140,272,-4.68,-0.074,-80.38,0.3376,1.7299999999999995,0.09,7.269999999999996,1.5017772511848342
top500,VOL low-minus-high,long_short,vw,10,10,0.464,-3.33,23.66,0.0,-73.51,32.5,129.0,140.5,118,140,272,-5.75,-0.122,-81.65,0.2612,2.42,0.122,8.14,1.7764165390505362
top500,VOL low-minus-high,long_short,vw,10,20,0.4244,-3.71,23.7,-0.016,-73.91,32.5,129.0,140.5,118,140,272,-6.81,-0.17,-82.84,0.2019,3.0999999999999996,0.15400000000000003,8.930000000000007,2.1020307082714216
top500,VOL low-minus-high,long_short,vw,10,50,0.324,-4.85,23.85,-0.064,-75.73,32.5,129.0,140.5,118,140,272,-9.94,-0.314,-91.06,0.0931,5.09,0.25,15.329999999999998,3.4801288936627284
top500,VOL low-minus-high,long_short,vw,10,100,0.2049,-6.75,24.24,-0.141,-83.93,32.5,129.0,140.5,118,140,272,-14.95,-0.55,-97.53,0.0255,8.2,0.40900000000000003,13.599999999999994,8.035294117647059
top500,VOL low-minus-high,long_short,vw,11,0,0.0812,-10.49,38.76,-0.044,-93.18,38.5,125.5,142.1,105,117,272,-4.68,-0.074,-80.38,0.3376,-5.8100000000000005,0.03,-12.800000000000011,0.240521327014218
top500,VOL low-minus-high,long_short,vw,11,10,0.0733,-10.89,38.75,-0.056,-93.84,38.5,125.5,142.1,105,117,272,-5.75,-0.122,-81.65,0.2612,-5.140000000000001,0.066,-12.189999999999998,0.2806278713629403
top500,VOL low-minus-high,long_short,vw,11,20,0.0662,-11.29,38.74,-0.068,-94.44,38.5,125.5,142.1,105,117,272,-6.81,-0.17,-82.84,0.2019,-4.4799999999999995,0.10200000000000001,-11.599999999999994,0.32788509162951956
top500,VOL low-minus-high,long_short,vw,11,50,0.0482,-12.52,38.82,-0.103,-95.95,38.5,125.5,142.1,105,117,272,-9.94,-0.314,-91.06,0.0931,-2.58,0.21100000000000002,-4.890000000000001,0.5177228786251342
top500,VOL low-minus-high,long_short,vw,11,100,0.0275,-14.66,39.22,-0.159,-97.69,38.5,125.5,142.1,105,117,272,-14.95,-0.55,-97.53,0.0255,0.28999999999999915,0.391,-0.1599999999999966,1.0784313725490198
top500,VOL low-minus-high,long_short,vw,12,0,0.9481,-0.23,25.98,0.129,-77.76,25.2,119.2,123.2,105,117,272,-4.68,-0.074,-80.38,0.3376,4.449999999999999,0.203,2.6199999999999903,2.8083530805687205
top500,VOL low-minus-high,long_short,vw,12,10,0.8834,-0.55,26.03,0.117,-78.2,25.2,119.2,123.2,105,117,272,-5.75,-0.122,-81.65,0.2612,5.2,0.239,3.450000000000003,3.38208269525268
top500,VOL low-minus-high,long_short,vw,12,20,0.8229,-0.86,26.07,0.106,-78.62,25.2,119.2,123.2,105,117,272,-6.81,-0.17,-82.84,0.2019,5.949999999999999,0.276,4.219999999999999,4.075780089153046
top500,VOL low-minus-high,long_short,vw,12,50,0.6639,-1.79,26.24,0.072,-79.86,25.2,119.2,123.2,105,117,272,-9.94,-0.314,-91.06,0.0931,8.149999999999999,0.386,11.200000000000003,7.131041890440387
top500,VOL low-minus-high,long_short,vw,12,100,0.4616,-3.35,26.58,0.015,-81.81,25.2,119.2,123.2,105,117,272,-14.95,-0.55,-97.53,0.0255,11.6,0.5650000000000001,15.719999999999999,18.10196078431373
top500,STR loser-minus-winner,long_short,vw,1,0,1.1203,0.5,15.9,0.113,-52.51,313.8,145.9,145.8,149,149,272,0.5,0.113,-52.51,1.1203,0.0,0.0,0.0,1.0
top500,STR loser-minus-winner,long_short,vw,1,10,0.4773,-3.21,15.9,-0.124,-67.8,313.8,145.9,145.8,149,149,272,-3.21,-0.124,-67.8,0.4773,0.0,0.0,0.0,1.0
top500,STR loser-minus-winner,long_short,vw,1,20,0.2028,-6.8,15.89,-0.36,-80.83,313.8,145.9,145.8,149,149,272,-6.8,-0.36,-80.83,0.2028,0.0,0.0,0.0,1.0
top500,STR loser-minus-winner,long_short,vw,1,50,0.0153,-16.84,15.89,-1.07,-98.51,313.8,145.9,145.8,149,149,272,-16.84,-1.07,-98.51,0.0153,0.0,0.0,0.0,1.0
top500,STR loser-minus-winner,long_short,vw,1,100,0.0002,-31.4,15.9,-2.25,-99.98,313.8,145.9,145.8,149,149,272,-31.4,-2.25,-99.98,0.0002,0.0,0.0,0.0,1.0
top500,STR loser-minus-winner,long_short,vw,2,0,1.0593,0.25,17.32,0.101,-67.37,156.4,144.1,145.1,149,149,272,0.5,0.113,-52.51,1.1203,-0.25,-0.011999999999999997,-14.860000000000007,0.9455502990270462
top500,STR loser-minus-winner,long_short,vw,2,10,0.6934,-1.6,17.31,-0.007,-71.7,156.4,144.1,145.1,149,149,272,-3.21,-0.124,-67.8,0.4773,1.6099999999999999,0.11699999999999999,-3.9000000000000057,1.4527550806620575
top500,STR loser-minus-winner,long_short,vw,2,20,0.4533,-3.43,17.32,-0.115,-76.54,156.4,144.1,145.1,149,149,272,-6.8,-0.36,-80.83,0.2028,3.3699999999999997,0.245,4.289999999999992,2.235207100591716
top500,STR loser-minus-winner,long_short,vw,2,50,0.1256,-8.75,17.46,-0.435,-89.47,156.4,144.1,145.1,149,149,272,-16.84,-1.07,-98.51,0.0153,8.09,0.635,9.040000000000006,8.209150326797385
top500,STR loser-minus-winner,long_short,vw,2,100,0.0144,-17.07,18.03,-0.939,-98.7,156.4,144.1,145.1,149,149,272,-31.4,-2.25,-99.98,0.0002,14.329999999999998,1.311,1.2800000000000011,72.0
top500,STR loser-minus-winner,long_short,vw,3,0,0.9169,-0.38,14.78,0.049,-68.66,105.9,141.9,144.0,149,149,272,0.5,0.113,-52.51,1.1203,-0.88,-0.064,-16.15,0.8184414888869053
top500,STR loser-minus-winner,long_short,vw,3,10,0.6901,-1.62,14.7,-0.037,-73.58,105.9,141.9,144.0,149,149,272,-3.21,-0.124,-67.8,0.4773,1.5899999999999999,0.087,-5.780000000000001,1.4458411900272365
top500,STR loser-minus-winner,long_short,vw,3,20,0.5189,-2.85,14.64,-0.123,-77.74,105.9,141.9,144.0,149,149,272,-6.8,-0.36,-80.83,0.2028,3.9499999999999997,0.237,3.0900000000000034,2.5586785009861934
top500,STR loser-minus-winner,long_short,vw,3,50,0.2193,-6.47,14.58,-0.383,-86.72,105.9,141.9,144.0,149,149,272,-16.84,-1.07,-98.51,0.0153,10.370000000000001,0.687,11.790000000000006,14.333333333333334
top500,STR loser-minus-winner,long_short,vw,3,100,0.0512,-12.28,14.86,-0.801,-95.32,105.9,141.9,144.0,149,149,272,-31.4,-2.25,-99.98,0.0002,19.119999999999997,1.4489999999999998,4.660000000000011,256.0
top500,STR loser-minus-winner,long_short,vw,4,0,1.789,2.6,17.75,0.228,-57.61,79.6,140.2,142.5,150,150,272,0.5,0.113,-52.51,1.1203,2.1,0.115,-5.100000000000001,1.5968936891903953
top500,STR loser-minus-winner,long_short,vw,4,10,1.4428,1.63,17.76,0.175,-59.14,79.6,140.2,142.5,150,150,272,-3.21,-0.124,-67.8,0.4773,4.84,0.299,8.659999999999997,3.022836790278651
top500,STR loser-minus-winner,long_short,vw,4,20,1.1629,0.67,17.79,0.121,-60.63,79.6,140.2,142.5,150,150,272,-6.8,-0.36,-80.83,0.2028,7.47,0.481,20.199999999999996,5.73422090729783
top500,STR loser-minus-winner,long_short,vw,4,50,0.6062,-2.18,17.95,-0.038,-65.18,79.6,140.2,142.5,150,150,272,-16.84,-1.07,-98.51,0.0153,14.66,1.032,33.33,39.62091503267974
top500,STR loser-minus-winner,long_short,vw,4,100,0.2017,-6.82,18.47,-0.293,-81.28,79.6,140.2,142.5,150,150,272,-31.4,-2.25,-99.98,0.0002,24.58,1.957,18.700000000000003,1008.4999999999999
top500,STR loser-minus-winner,long_short,vw,5,0,0.7208,-1.43,15.85,-0.013,-59.9,64.3,145.9,146.0,149,149,272,0.5,0.113,-52.51,1.1203,-1.93,-0.126,-7.390000000000001,0.6433990895295902
top500,STR loser-minus-winner,long_short,vw,5,10,0.6058,-2.19,15.86,-0.061,-62.88,64.3,145.9,146.0,149,149,272,-3.21,-0.124,-67.8,0.4773,1.02,0.063,4.919999999999995,1.2692227110831762
top500,STR loser-minus-winner,long_short,vw,5,20,0.5088,-2.94,15.89,-0.109,-65.65,64.3,145.9,146.0,149,149,272,-6.8,-0.36,-80.83,0.2028,3.86,0.251,15.179999999999993,2.5088757396449703
top500,STR loser-minus-winner,long_short,vw,5,50,0.3005,-5.17,16.05,-0.251,-73.25,64.3,145.9,146.0,149,149,272,-16.84,-1.07,-98.51,0.0153,11.67,0.8190000000000001,25.260000000000005,19.640522875816995
top500,STR loser-minus-winner,long_short,vw,5,100,0.1235,-8.82,16.55,-0.474,-88.37,64.3,145.9,146.0,149,149,272,-31.4,-2.25,-99.98,0.0002,22.58,1.776,11.61,617.5
top500,STR loser-minus-winner,long_short,vw,6,0,0.5684,-2.46,16.02,-0.075,-74.91,55.8,135.9,140.5,149,149,272,0.5,0.113,-52.51,1.1203,-2.96,-0.188,-22.4,0.5073640989020798
top500,STR loser-minus-winner,long_short,vw,6,10,0.4895,-3.1,16.0,-0.116,-77.04,55.8,135.9,140.5,149,149,272,-3.21,-0.124,-67.8,0.4773,0.10999999999999988,0.007999999999999993,-9.240000000000009,1.0255604441650954
top500,STR loser-minus-winner,long_short,vw,6,20,0.4213,-3.74,15.99,-0.158,-79.0,55.8,135.9,140.5,149,149,272,-6.8,-0.36,-80.83,0.2028,3.0599999999999996,0.20199999999999999,1.8299999999999983,2.0774161735700196
top500,STR loser-minus-winner,long_short,vw,6,50,0.2678,-5.65,16.02,-0.281,-83.97,55.8,135.9,140.5,149,149,272,-16.84,-1.07,-98.51,0.0153,11.19,0.789,14.540000000000006,17.503267973856207
top500,STR loser-minus-winner,long_short,vw,6,100,0.1245,-8.78,16.31,-0.479,-90.15,55.8,135.9,140.5,149,149,272,-31.4,-2.25,-99.98,0.0002,22.619999999999997,1.771,9.829999999999998,622.5
top500,STR loser-minus-winner,long_short,vw,7,0,0.3232,-4.86,15.81,-0.233,-79.32,48.3,145.5,145.1,146,129,272,0.5,0.113,-52.51,1.1203,-5.36,-0.34600000000000003,-26.809999999999995,0.28849415335178075
top500,STR loser-minus-winner,long_short,vw,7,10,0.2838,-5.4,15.81,-0.269,-81.26,48.3,145.5,145.1,146,129,272,-3.21,-0.124,-67.8,0.4773,-2.1900000000000004,-0.14500000000000002,-13.460000000000008,0.5945945945945946
top500,STR loser-minus-winner,long_short,vw,7,20,0.2491,-5.95,15.83,-0.305,-83.03,48.3,145.5,145.1,146,129,272,-6.8,-0.36,-80.83,0.2028,0.8499999999999996,0.05499999999999999,-2.200000000000003,1.2283037475345167
top500,STR loser-minus-winner,long_short,vw,7,50,0.1679,-7.57,15.93,-0.41,-87.41,48.3,145.5,145.1,146,129,272,-16.84,-1.07,-98.51,0.0153,9.27,0.6600000000000001,11.100000000000009,10.973856209150327
top500,STR loser-minus-winner,long_short,vw,7,100,0.0862,-10.25,16.32,-0.575,-92.4,48.3,145.5,145.1,146,129,272,-31.4,-2.25,-99.98,0.0002,21.15,1.675,7.579999999999998,431.0
top500,STR loser-minus-winner,long_short,vw,8,0,0.6991,-1.57,16.76,-0.016,-62.77,41.4,139.6,141.6,120,140,272,0.5,0.113,-52.51,1.1203,-2.0700000000000003,-0.129,-10.260000000000005,0.6240292778719986
top500,STR loser-minus-winner,long_short,vw,8,10,0.6254,-2.05,16.77,-0.045,-63.55,41.4,139.6,141.6,120,140,272,-3.21,-0.124,-67.8,0.4773,1.1600000000000001,0.079,4.25,1.3102870312172636
top500,STR loser-minus-winner,long_short,vw,8,20,0.5592,-2.53,16.8,-0.074,-64.31,41.4,139.6,141.6,120,140,272,-6.8,-0.36,-80.83,0.2028,4.27,0.286,16.519999999999996,2.757396449704142
top500,STR loser-minus-winner,long_short,vw,8,50,0.3988,-3.97,16.92,-0.16,-66.52,41.4,139.6,141.6,120,140,272,-16.84,-1.07,-98.51,0.0153,12.87,0.91,31.99000000000001,26.065359477124183
top500,STR loser-minus-winner,long_short,vw,8,100,0.2253,-6.36,17.29,-0.298,-78.29,41.4,139.6,141.6,120,140,272,-31.4,-2.25,-99.98,0.0002,25.04,1.952,21.689999999999998,1126.5
top500,STR loser-minus-winner,long_short,vw,9,0,0.653,-1.86,16.83,-0.023,-53.16,39.2,142.5,144.0,149,149,272,0.5,0.113,-52.51,1.1203,-2.3600000000000003,-0.136,-0.6499999999999986,0.5828795858252254
top500,STR loser-minus-winner,long_short,vw,9,10,0.5892,-2.31,16.78,-0.051,-56.15,39.2,142.5,144.0,149,149,272,-3.21,-0.124,-67.8,0.4773,0.8999999999999999,0.07300000000000001,11.649999999999999,1.2344437460716529
top500,STR loser-minus-winner,long_short,vw,9,20,0.5315,-2.75,16.73,-0.078,-58.96,39.2,142.5,144.0,149,149,272,-6.8,-0.36,-80.83,0.2028,4.05,0.282,21.869999999999997,2.620808678500986
top500,STR loser-minus-winner,long_short,vw,9,50,0.3892,-4.08,16.65,-0.162,-66.4,39.2,142.5,144.0,149,149,272,-16.84,-1.07,-98.51,0.0153,12.76,0.908,32.11,25.437908496732028
top500,STR loser-minus-winner,long_short,vw,9,100,0.2298,-6.28,16.69,-0.3,-78.08,39.2,142.5,144.0,149,149,272,-31.4,-2.25,-99.98,0.0002,25.119999999999997,1.95,21.900000000000006,1149.0
top500,STR loser-minus-winner,long_short,vw,10,0,0.1481,-8.08,16.89,-0.412,-87.75,36.9,142.8,145.5,149,149,272,0.5,0.113,-52.51,1.1203,-8.58,-0.525,-35.24,0.13219673301794163
top500,STR loser-minus-winner,long_short,vw,10,10,0.1341,-8.48,16.9,-0.438,-88.84,36.9,142.8,145.5,149,149,272,-3.21,-0.124,-67.8,0.4773,-5.2700000000000005,-0.314,-21.040000000000006,0.2809553739786298
top500,STR loser-minus-winner,long_short,vw,10,20,0.1213,-8.89,16.92,-0.463,-89.84,36.9,142.8,145.5,149,149,272,-6.8,-0.36,-80.83,0.2028,-2.0900000000000007,-0.10300000000000004,-9.010000000000005,0.5981262327416174
top500,STR loser-minus-winner,long_short,vw,10,50,0.0897,-10.09,17.02,-0.536,-92.35,36.9,142.8,145.5,149,149,272,-16.84,-1.07,-98.51,0.0153,6.75,0.534,6.160000000000011,5.862745098039216
top500,STR loser-minus-winner,long_short,vw,10,100,0.0538,-12.1,17.37,-0.65,-95.27,36.9,142.8,145.5,149,149,272,-31.4,-2.25,-99.98,0.0002,19.299999999999997,1.6,4.710000000000008,269.0
top500,STR loser-minus-winner,long_short,vw,11,0,0.1733,-7.44,15.66,-0.414,-82.96,33.5,144.1,142.3,120,140,272,0.5,0.113,-52.51,1.1203,-7.94,-0.527,-30.449999999999996,0.15469070784611264
top500,STR loser-minus-winner,long_short,vw,11,10,0.1586,-7.8,15.63,-0.44,-84.41,33.5,144.1,142.3,120,140,272,-3.21,-0.124,-67.8,0.4773,-4.59,-0.316,-16.61,0.3322857741462392
top500,STR loser-minus-winner,long_short,vw,11,20,0.1451,-8.16,15.61,-0.466,-85.73,33.5,144.1,142.3,120,140,272,-6.8,-0.36,-80.83,0.2028,-1.3600000000000003,-0.10600000000000004,-4.900000000000006,0.715483234714004
top500,STR loser-minus-winner,long_short,vw,11,50,0.1109,-9.25,15.6,-0.541,-89.1,33.5,144.1,142.3,120,140,272,-16.84,-1.07,-98.51,0.0153,7.59,0.529,9.41000000000001,7.248366013071895
top500,STR loser-minus-winner,long_short,vw,11,100,0.0703,-11.05,15.77,-0.66,-93.09,33.5,144.1,142.3,120,140,272,-31.4,-2.25,-99.98,0.0002,20.349999999999998,1.5899999999999999,6.890000000000001,351.5
top500,STR loser-minus-winner,long_short,vw,12,0,0.2996,-5.18,16.77,-0.235,-70.55,29.7,123.2,133.5,120,140,272,0.5,0.113,-52.51,1.1203,-5.68,-0.348,-18.04,0.2674283674015888
top500,STR loser-minus-winner,long_short,vw,12,10,0.2767,-5.51,16.78,-0.256,-72.8,29.7,123.2,133.5,120,140,272,-3.21,-0.124,-67.8,0.4773,-2.3,-0.132,-5.0,0.5797192541378587
top500,STR loser-minus-winner,long_short,vw,12,20,0.2555,-5.84,16.79,-0.276,-74.89,29.7,123.2,133.5,120,140,272,-6.8,-0.36,-80.83,0.2028,0.96,0.08399999999999996,5.939999999999998,1.259861932938856
top500,STR loser-minus-winner,long_short,vw,12,50,0.2007,-6.84,16.87,-0.337,-80.27,29.7,123.2,133.5,120,140,272,-16.84,-1.07,-98.51,0.0153,10.0,0.7330000000000001,18.24000000000001,13.117647058823529
top500,STR loser-minus-winner,long_short,vw,12,100,0.1334,-8.5,17.13,-0.433,-86.88,29.7,123.2,133.5,120,140,272,-31.4,-2.25,-99.98,0.0002,22.9,1.817,13.100000000000009,666.9999999999999
top500,Small,long_only,vw,1,0,42.696,18.01,25.77,0.534,-67.45,3.6,446.6,0.0,447,0,272,18.01,0.534,-67.45,42.696,0.0,0.0,0.0,1.0
top500,Small,long_only,vw,1,10,42.3184,17.97,25.77,0.532,-67.47,3.6,446.6,0.0,447,0,272,17.97,0.532,-67.47,42.3184,0.0,0.0,0.0,1.0
top500,Small,long_only,vw,1,20,41.944,17.92,25.77,0.53,-67.5,3.6,446.6,0.0,447,0,272,17.92,0.53,-67.5,41.944,0.0,0.0,0.0,1.0
top500,Small,long_only,vw,1,50,40.8401,17.78,25.78,0.526,-67.57,3.6,446.6,0.0,447,0,272,17.78,0.526,-67.57,40.8401,0.0,0.0,0.0,1.0
top500,Small,long_only,vw,1,100,39.0631,17.55,25.79,0.518,-67.69,3.6,446.6,0.0,447,0,272,17.55,0.518,-67.69,39.0631,0.0,0.0,0.0,1.0
top500,Small,long_only,vw,2,0,43.0132,18.05,25.75,0.535,-67.47,3.3,446.8,0.0,447,0,272,18.01,0.534,-67.45,42.696,0.03999999999999915,0.0010000000000000009,-0.01999999999999602,1.007429267378677
top500,Small,long_only,vw,2,10,42.6679,18.01,25.75,0.534,-67.49,3.3,446.8,0.0,447,0,272,17.97,0.532,-67.47,42.3184,0.0400000000000027,0.0020000000000000018,-0.01999999999999602,1.0082588188589363
top500,Small,long_only,vw,2,20,42.3253,17.97,25.75,0.532,-67.51,3.3,446.8,0.0,447,0,272,17.92,0.53,-67.5,41.944,0.04999999999999716,0.0020000000000000018,-0.010000000000005116,1.009090692351707
top500,Small,long_only,vw,2,50,41.3135,17.84,25.76,0.528,-67.58,3.3,446.8,0.0,447,0,272,17.78,0.526,-67.57,40.8401,0.05999999999999872,0.0020000000000000018,-0.010000000000005116,1.0115915485025746
top500,Small,long_only,vw,2,100,39.6792,17.63,25.76,0.521,-67.68,3.3,446.8,0.0,447,0,272,17.55,0.518,-67.69,39.0631,0.0799999999999983,0.0030000000000000027,0.009999999999990905,1.0157719177433435
top500,Small,long_only,vw,3,0,43.1175,18.06,25.72,0.536,-67.33,3.1,447.1,0.0,447,0,272,18.01,0.534,-67.45,42.696,0.04999999999999716,0.0020000000000000018,0.12000000000000455,1.009872119168072
top500,Small,long_only,vw,3,10,42.7915,18.02,25.72,0.534,-67.35,3.1,447.1,0.0,447,0,272,17.97,0.532,-67.47,42.3184,0.05000000000000071,0.0020000000000000018,0.12000000000000455,1.0111795341978904
top500,Small,long_only,vw,3,20,42.4679,17.98,25.72,0.533,-67.37,3.1,447.1,0.0,447,0,272,17.92,0.53,-67.5,41.944,0.05999999999999872,0.0030000000000000027,0.12999999999999545,1.0124904634751095
top500,Small,long_only,vw,3,50,41.5113,17.87,25.73,0.529,-67.43,3.1,447.1,0.0,447,0,272,17.78,0.526,-67.57,40.8401,0.08999999999999986,0.0030000000000000027,0.13999999999998636,1.0164348275347024
top500,Small,long_only,vw,3,100,39.9632,17.67,25.74,0.523,-67.53,3.1,447.1,0.0,447,0,272,17.55,0.518,-67.69,39.0631,0.120000000000001,0.0050000000000000044,0.1599999999999966,1.0230422060717148
top500,Small,long_only,vw,4,0,43.4655,18.11,25.69,0.538,-67.19,3.1,447.4,0.0,450,0,272,18.01,0.534,-67.45,42.696,0.09999999999999787,0.0040000000000000036,0.2600000000000051,1.018022765598651
top500,Small,long_only,vw,4,10,43.1462,18.07,25.69,0.536,-67.21,3.1,447.4,0.0,450,0,272,17.97,0.532,-67.47,42.3184,0.10000000000000142,0.0040000000000000036,0.2600000000000051,1.019561231048433
top500,Small,long_only,vw,4,20,42.8292,18.03,25.69,0.535,-67.23,3.1,447.4,0.0,450,0,272,17.92,0.53,-67.5,41.944,0.10999999999999943,0.0050000000000000044,0.269999999999996,1.0211043295823001
top500,Small,long_only,vw,4,50,41.8915,17.91,25.7,0.531,-67.29,3.1,447.4,0.0,450,0,272,17.78,0.526,-67.57,40.8401,0.129999999999999,0.0050000000000000044,0.2799999999999869,1.025744305229419
top500,Small,long_only,vw,4,100,40.3727,17.72,25.71,0.525,-67.39,3.1,447.4,0.0,450,0,272,17.55,0.518,-67.69,39.0631,0.16999999999999815,0.007000000000000006,0.29999999999999716,1.033525245052236
top500,Small,long_only,vw,5,0,44.3684,18.21,25.62,0.542,-67.24,3.0,446.5,0.0,447,0,272,18.01,0.534,-67.45,42.696,0.1999999999999993,0.008000000000000007,0.21000000000000796,1.039169945662357
top500,Small,long_only,vw,5,10,44.0509,18.18,25.62,0.541,-67.26,3.0,446.5,0.0,447,0,272,17.97,0.532,-67.47,42.3184,0.21000000000000085,0.009000000000000008,0.20999999999999375,1.0409396385496616
top500,Small,long_only,vw,5,20,43.7356,18.14,25.63,0.539,-67.27,3.0,446.5,0.0,447,0,272,17.92,0.53,-67.5,41.944,0.21999999999999886,0.009000000000000008,0.23000000000000398,1.0427140949837879
top500,Small,long_only,vw,5,50,42.8028,18.03,25.63,0.536,-67.33,3.0,446.5,0.0,447,0,272,17.78,0.526,-67.57,40.8401,0.25,0.010000000000000009,0.23999999999999488,1.0480581585255668
top500,Small,long_only,vw,5,100,41.2905,17.84,25.64,0.529,-67.41,3.0,446.5,0.0,447,0,272,17.55,0.518,-67.69,39.0631,0.28999999999999915,0.01100000000000001,0.28000000000000114,1.0570205641641346
top500,Small,long_only,vw,6,0,44.0533,18.18,25.67,0.54,-67.05,2.9,447.7,0.0,447,0,272,18.01,0.534,-67.45,42.696,0.16999999999999815,0.006000000000000005,0.4000000000000057,1.031789863219037
top500,Small,long_only,vw,6,10,43.7459,18.14,25.67,0.539,-67.07,2.9,447.7,0.0,447,0,272,17.97,0.532,-67.47,42.3184,0.1700000000000017,0.007000000000000006,0.4000000000000057,1.033732371734281
top500,Small,long_only,vw,6,20,43.4406,18.1,25.67,0.538,-67.08,2.9,447.7,0.0,447,0,272,17.92,0.53,-67.5,41.944,0.17999999999999972,0.008000000000000007,0.4200000000000017,1.0356809078771696
top500,Small,long_only,vw,6,50,42.5369,17.99,25.67,0.534,-67.14,2.9,447.7,0.0,447,0,272,17.78,0.526,-67.57,40.8401,0.2099999999999973,0.008000000000000007,0.4299999999999926,1.0415474007164527
top500,Small,long_only,vw,6,100,41.0707,17.81,25.68,0.528,-67.23,2.9,447.7,0.0,447,0,272,17.55,0.518,-67.69,39.0631,0.259999999999998,0.010000000000000009,0.45999999999999375,1.0513937705916838
top500,Small,long_only,vw,7,0,44.2208,18.2,25.47,0.543,-66.3,2.9,446.7,0.0,450,0,272,18.01,0.534,-67.45,42.696,0.18999999999999773,0.009000000000000008,1.1500000000000057,1.0357129473486977
top500,Small,long_only,vw,7,10,43.9178,18.16,25.47,0.542,-66.31,2.9,446.7,0.0,450,0,272,17.97,0.532,-67.47,42.3184,0.19000000000000128,0.010000000000000009,1.1599999999999966,1.0377944345721957
top500,Small,long_only,vw,7,20,43.6169,18.12,25.47,0.54,-66.32,2.9,446.7,0.0,450,0,272,17.92,0.53,-67.5,41.944,0.1999999999999993,0.010000000000000009,1.1800000000000068,1.0398841312225824
top500,Small,long_only,vw,7,50,42.7259,18.02,25.47,0.537,-66.37,2.9,446.7,0.0,450,0,272,17.78,0.526,-67.57,40.8401,0.23999999999999844,0.01100000000000001,1.1999999999999886,1.0461752052517013
top500,Small,long_only,vw,7,100,41.2798,17.84,25.48,0.531,-66.44,2.9,446.7,0.0,450,0,272,17.55,0.518,-67.69,39.0631,0.28999999999999915,0.013000000000000012,1.25,1.0567466483714811
top500,Small,long_only,vw,8,0,47.0003,18.51,25.43,0.554,-65.94,2.8,447.5,0.0,450,0,272,18.01,0.534,-67.45,42.696,0.5,0.020000000000000018,1.5100000000000051,1.100812722503279
top500,Small,long_only,vw,8,10,46.6843,18.48,25.43,0.553,-65.96,2.8,447.5,0.0,450,0,272,17.97,0.532,-67.47,42.3184,0.5100000000000016,0.02100000000000002,1.5100000000000051,1.1031678891451473
top500,Small,long_only,vw,8,20,46.3704,18.44,25.43,0.552,-65.97,2.8,447.5,0.0,450,0,272,17.92,0.53,-67.5,41.944,0.5199999999999996,0.02200000000000002,1.5300000000000011,1.1055311844363913
top500,Small,long_only,vw,8,50,45.4408,18.34,25.44,0.548,-66.02,2.8,447.5,0.0,450,0,272,17.78,0.526,-67.57,40.8401,0.5599999999999987,0.02200000000000002,1.5499999999999972,1.112651536112791
top500,Small,long_only,vw,8,100,43.9309,18.16,25.45,0.542,-66.1,2.8,447.5,0.0,450,0,272,17.55,0.518,-67.69,39.0631,0.6099999999999994,0.02400000000000002,1.5900000000000034,1.1246137659325552
top500,Small,long_only,vw,9,0,47.287,18.55,25.26,0.557,-66.12,2.8,446.7,0.0,447,0,272,18.01,0.534,-67.45,42.696,0.5399999999999991,0.02300000000000002,1.3299999999999983,1.1075276372493912
top500,Small,long_only,vw,9,10,46.9801,18.51,25.26,0.556,-66.15,2.8,446.7,0.0,447,0,272,17.97,0.532,-67.47,42.3184,0.5400000000000027,0.02400000000000002,1.3199999999999932,1.1101577564369165
top500,Small,long_only,vw,9,20,46.6751,18.48,25.25,0.555,-66.17,2.8,446.7,0.0,447,0,272,17.92,0.53,-67.5,41.944,0.5599999999999987,0.025000000000000022,1.3299999999999983,1.1127956322716002
top500,Small,long_only,vw,9,50,45.7715,18.38,25.25,0.551,-66.25,2.8,446.7,0.0,447,0,272,17.78,0.526,-67.57,40.8401,0.5999999999999979,0.025000000000000022,1.3199999999999932,1.1207489697625619
top500,Small,long_only,vw,9,100,44.3025,18.21,25.24,0.545,-66.37,2.8,446.7,0.0,447,0,272,17.55,0.518,-67.69,39.0631,0.6600000000000001,0.027000000000000024,1.3199999999999932,1.134126579815734
top500,Small,long_only,vw,10,0,46.4994,18.46,25.37,0.553,-66.98,2.8,446.0,0.0,447,0,272,18.01,0.534,-67.45,42.696,0.4499999999999993,0.019000000000000017,0.46999999999999886,1.089080944350759
top500,Small,long_only,vw,10,10,46.1956,18.42,25.37,0.552,-67.0,2.8,446.0,0.0,447,0,272,17.97,0.532,-67.47,42.3184,0.45000000000000284,0.020000000000000018,0.46999999999999886,1.0916197209724376
top500,Small,long_only,vw,10,20,45.8937,18.39,25.37,0.551,-67.01,2.8,446.0,0.0,447,0,272,17.92,0.53,-67.5,41.944,0.46999999999999886,0.02100000000000002,0.4899999999999949,1.0941660308983407
top500,Small,long_only,vw,10,50,44.9992,18.29,25.37,0.547,-67.06,2.8,446.0,0.0,447,0,272,17.78,0.526,-67.57,40.8401,0.509999999999998,0.02100000000000002,0.5099999999999909,1.1018386340875757
top500,Small,long_only,vw,10,100,43.5453,18.12,25.37,0.541,-67.15,2.8,446.0,0.0,447,0,272,17.55,0.518,-67.69,39.0631,0.5700000000000003,0.02300000000000002,0.539999999999992,1.114742557554316
top500,Small,long_only,vw,11,0,48.9255,18.72,25.17,0.564,-65.71,2.8,446.1,0.0,450,0,272,18.01,0.534,-67.45,42.696,0.7099999999999973,0.029999999999999916,1.740000000000009,1.1459035975267005
top500,Small,long_only,vw,11,10,48.6141,18.69,25.17,0.563,-65.73,2.8,446.1,0.0,450,0,272,17.97,0.532,-67.47,42.3184,0.7200000000000024,0.030999999999999917,1.7399999999999949,1.1487698022609552
top500,Small,long_only,vw,11,20,48.3046,18.66,25.17,0.562,-65.74,2.8,446.1,0.0,450,0,272,17.92,0.53,-67.5,41.944,0.7399999999999984,0.03200000000000003,1.7600000000000051,1.1516450505435818
top500,Small,long_only,vw,11,50,47.3874,18.56,25.16,0.558,-65.79,2.8,446.1,0.0,450,0,272,17.78,0.526,-67.57,40.8401,0.7799999999999976,0.03200000000000003,1.779999999999987,1.1603154742520219
top500,Small,long_only,vw,11,100,45.8956,18.39,25.16,0.553,-65.86,2.8,446.1,0.0,450,0,272,17.55,0.518,-67.69,39.0631,0.8399999999999999,0.03500000000000003,1.8299999999999983,1.1749093133929465
top500,Small,long_only,vw,12,0,45.0504,18.29,25.55,0.545,-66.7,2.7,449.3,0.0,450,0,272,18.01,0.534,-67.45,42.696,0.2799999999999976,0.01100000000000001,0.75,1.0551433389544689
top500,Small,long_only,vw,12,10,44.7589,18.26,25.55,0.544,-66.71,2.7,449.3,0.0,450,0,272,17.97,0.532,-67.47,42.3184,0.2900000000000027,0.01200000000000001,0.7600000000000051,1.057669949714545
top500,Small,long_only,vw,12,20,44.4693,18.22,25.55,0.543,-66.73,2.7,449.3,0.0,450,0,272,17.92,0.53,-67.5,41.944,0.29999999999999716,0.013000000000000012,0.769999999999996,1.0602064657638754
top500,Small,long_only,vw,12,50,43.6109,18.12,25.56,0.54,-66.78,2.7,449.3,0.0,450,0,272,17.78,0.526,-67.57,40.8401,0.33999999999999986,0.014000000000000012,0.789999999999992,1.0678450836310391
top500,Small,long_only,vw,12,100,42.2152,17.95,25.57,0.534,-66.87,2.7,449.3,0.0,450,0,272,17.55,0.518,-67.69,39.0631,0.3999999999999986,0.016000000000000014,0.8199999999999932,1.0806925205628843
top500,Value,long_only,vw,1,0,58.3701,19.65,29.26,0.547,-58.84,8.8,142.3,0.0,145,0,272,19.65,0.547,-58.84,58.3701,0.0,0.0,0.0,1.0
top500,Value,long_only,vw,1,10,57.038,19.53,29.27,0.544,-58.88,8.8,142.3,0.0,145,0,272,19.53,0.544,-58.88,57.038,0.0,0.0,0.0,1.0
top500,Value,long_only,vw,1,20,55.7352,19.41,29.27,0.54,-58.93,8.8,142.3,0.0,145,0,272,19.41,0.54,-58.93,55.7352,0.0,0.0,0.0,1.0
top500,Value,long_only,vw,1,50,51.9968,19.04,29.29,0.529,-59.08,8.8,142.3,0.0,145,0,272,19.04,0.529,-59.08,51.9968,0.0,0.0,0.0,1.0
top500,Value,long_only,vw,1,100,46.2973,18.44,29.32,0.511,-59.33,8.8,142.3,0.0,145,0,272,18.44,0.511,-59.33,46.2973,0.0,0.0,0.0,1.0
top500,Value,long_only,vw,2,0,58.9762,19.71,29.23,0.549,-58.79,8.2,142.4,0.0,145,0,272,19.65,0.547,-58.84,58.3701,0.060000000000002274,0.0020000000000000018,0.05000000000000426,1.0103837409906784
top500,Value,long_only,vw,2,10,57.725,19.59,29.24,0.546,-58.83,8.2,142.4,0.0,145,0,272,19.53,0.544,-58.88,57.038,0.05999999999999872,0.0020000000000000018,0.05000000000000426,1.0120446018443845
top500,Value,long_only,vw,2,20,56.4992,19.48,29.24,0.542,-58.88,8.2,142.4,0.0,145,0,272,19.41,0.54,-58.93,55.7352,0.07000000000000028,0.0020000000000000018,0.04999999999999716,1.0137076748625644
top500,Value,long_only,vw,2,50,52.9698,19.14,29.26,0.532,-59.01,8.2,142.4,0.0,145,0,272,19.04,0.529,-59.08,51.9968,0.10000000000000142,0.0030000000000000027,0.07000000000000028,1.018712690011693
top500,Value,long_only,vw,2,100,47.5525,18.57,29.29,0.516,-59.24,8.2,142.4,0.0,145,0,272,18.44,0.511,-59.33,46.2973,0.129999999999999,0.0050000000000000044,0.0899999999999963,1.0271117322176455
top500,Value,long_only,vw,3,0,58.6243,19.67,29.22,0.548,-58.77,7.9,142.4,0.0,145,0,272,19.65,0.547,-58.84,58.3701,0.020000000000003126,0.0010000000000000009,0.07000000000000028,1.0043549694107086
top500,Value,long_only,vw,3,10,57.4322,19.57,29.22,0.545,-58.82,7.9,142.4,0.0,145,0,272,19.53,0.544,-58.88,57.038,0.03999999999999915,0.0010000000000000009,0.060000000000002274,1.0069111820190049
top500,Value,long_only,vw,3,20,56.2633,19.46,29.23,0.542,-58.86,7.9,142.4,0.0,145,0,272,19.41,0.54,-58.93,55.7352,0.05000000000000071,0.0020000000000000018,0.07000000000000028,1.0094751611190056
top500,Value,long_only,vw,3,50,52.8914,19.13,29.24,0.532,-59.0,7.9,142.4,0.0,145,0,272,19.04,0.529,-59.08,51.9968,0.08999999999999986,0.0030000000000000027,0.0799999999999983,1.0172049049172256
top500,Value,long_only,vw,3,100,47.6966,18.59,29.27,0.516,-59.24,7.9,142.4,0.0,145,0,272,18.44,0.511,-59.33,46.2973,0.14999999999999858,0.0050000000000000044,0.0899999999999963,1.0302242247388076
top500,Value,long_only,vw,4,0,59.9338,19.79,29.19,0.552,-58.64,7.7,142.6,0.0,146,0,272,19.65,0.547,-58.84,58.3701,0.14000000000000057,0.0050000000000000044,0.20000000000000284,1.0267894007377063
top500,Value,long_only,vw,4,10,58.7471,19.69,29.2,0.549,-58.69,7.7,142.6,0.0,146,0,272,19.53,0.544,-58.88,57.038,0.16000000000000014,0.0050000000000000044,0.19000000000000483,1.0299642343700692
top500,Value,long_only,vw,4,20,57.5828,19.58,29.2,0.546,-58.73,7.7,142.6,0.0,146,0,272,19.41,0.54,-58.93,55.7352,0.16999999999999815,0.006000000000000005,0.20000000000000284,1.0331496074294162
top500,Value,long_only,vw,4,50,54.2204,19.26,29.22,0.536,-58.86,7.7,142.6,0.0,146,0,272,19.04,0.529,-59.08,51.9968,0.22000000000000242,0.007000000000000006,0.21999999999999886,1.0427641701027754
top500,Value,long_only,vw,4,100,49.0286,18.73,29.25,0.521,-59.09,7.7,142.6,0.0,146,0,272,18.44,0.511,-59.33,46.2973,0.28999999999999915,0.010000000000000009,0.23999999999999488,1.0589948009927144
top500,Value,long_only,vw,5,0,56.4074,19.47,28.85,0.546,-58.69,7.6,142.3,0.0,145,0,272,19.65,0.547,-58.84,58.3701,-0.17999999999999972,-0.0010000000000000009,0.15000000000000568,0.9663749077010318
top500,Value,long_only,vw,5,10,55.3226,19.37,28.85,0.543,-58.73,7.6,142.3,0.0,145,0,272,19.53,0.544,-58.88,57.038,-0.16000000000000014,-0.0010000000000000009,0.15000000000000568,0.969925312949262
top500,Value,long_only,vw,5,20,54.2577,19.27,28.84,0.54,-58.77,7.6,142.3,0.0,145,0,272,19.41,0.54,-58.93,55.7352,-0.14000000000000057,0.0,0.1599999999999966,0.9734907204064935
top500,Value,long_only,vw,5,50,51.179,18.96,28.84,0.531,-58.89,7.6,142.3,0.0,145,0,272,19.04,0.529,-59.08,51.9968,-0.0799999999999983,0.0020000000000000018,0.18999999999999773,0.9842721090528648
top500,Value,long_only,vw,5,100,46.4148,18.45,28.85,0.516,-59.1,7.6,142.3,0.0,145,0,272,18.44,0.511,-59.33,46.2973,0.00999999999999801,0.0050000000000000044,0.22999999999999687,1.0025379449773528
top500,Value,long_only,vw,6,0,59.866,19.79,29.19,0.552,-58.58,7.5,142.6,0.0,145,0,272,19.65,0.547,-58.84,58.3701,0.14000000000000057,0.0050000000000000044,0.2600000000000051,1.0256278471340634
top500,Value,long_only,vw,6,10,58.7197,19.68,29.19,0.549,-58.62,7.5,142.6,0.0,145,0,272,19.53,0.544,-58.88,57.038,0.14999999999999858,0.0050000000000000044,0.2600000000000051,1.0294838528700165
top500,Value,long_only,vw,6,20,57.5943,19.58,29.2,0.546,-58.66,7.5,142.6,0.0,145,0,272,19.41,0.54,-58.93,55.7352,0.16999999999999815,0.006000000000000005,0.2700000000000031,1.0333559402316668
top500,Value,long_only,vw,6,50,54.3399,19.27,29.21,0.537,-58.78,7.5,142.6,0.0,145,0,272,19.04,0.529,-59.08,51.9968,0.23000000000000043,0.008000000000000007,0.29999999999999716,1.0450623884546741
top500,Value,long_only,vw,6,100,49.3008,18.76,29.24,0.522,-58.99,7.5,142.6,0.0,145,0,272,18.44,0.511,-59.33,46.2973,0.3200000000000003,0.01100000000000001,0.3399999999999963,1.0648741935274844
top500,Value,long_only,vw,7,0,49.4721,18.78,28.74,0.527,-60.43,7.4,142.4,0.0,146,0,272,19.65,0.547,-58.84,58.3701,-0.8699999999999974,-0.020000000000000018,-1.5899999999999963,0.8475589385661494
top500,Value,long_only,vw,7,10,48.534,18.68,28.75,0.524,-60.45,7.4,142.4,0.0,146,0,272,19.53,0.544,-58.88,57.038,-0.8500000000000014,-0.020000000000000018,-1.5700000000000003,0.8509064132683475
top500,Value,long_only,vw,7,20,47.6129,18.58,28.75,0.521,-60.48,7.4,142.4,0.0,146,0,272,19.41,0.54,-58.93,55.7352,-0.8300000000000018,-0.019000000000000017,-1.5499999999999972,0.854269833067792
top500,Value,long_only,vw,7,50,44.9482,18.28,28.76,0.512,-60.56,7.4,142.4,0.0,146,0,272,19.04,0.529,-59.08,51.9968,-0.759999999999998,-0.017000000000000015,-1.480000000000004,0.8644416579481814
top500,Value,long_only,vw,7,100,40.8193,17.78,28.79,0.497,-60.69,7.4,142.4,0.0,146,0,272,18.44,0.511,-59.33,46.2973,-0.6600000000000001,-0.014000000000000012,-1.3599999999999994,0.8816777652260499
top500,Value,long_only,vw,8,0,47.0231,18.52,28.89,0.518,-60.34,7.2,142.4,0.0,146,0,272,19.65,0.547,-58.84,58.3701,-1.129999999999999,-0.029000000000000026,-1.5,0.8056025259507864
top500,Value,long_only,vw,8,10,46.1463,18.42,28.9,0.515,-60.37,7.2,142.4,0.0,146,0,272,19.53,0.544,-58.88,57.038,-1.1099999999999994,-0.029000000000000026,-1.4899999999999949,0.8090448472947859
top500,Value,long_only,vw,8,20,45.2851,18.32,28.9,0.512,-60.4,7.2,142.4,0.0,146,0,272,19.41,0.54,-58.93,55.7352,-1.0899999999999999,-0.028000000000000025,-1.4699999999999989,0.8125044854957011
top500,Value,long_only,vw,8,50,42.7916,18.02,28.93,0.503,-60.49,7.2,142.4,0.0,146,0,272,19.04,0.529,-59.08,51.9968,-1.0199999999999996,-0.026000000000000023,-1.4100000000000037,0.822966028678688
top500,Value,long_only,vw,8,100,38.9223,17.53,28.97,0.488,-60.63,7.2,142.4,0.0,146,0,272,18.44,0.511,-59.33,46.2973,-0.9100000000000001,-0.02300000000000002,-1.3000000000000043,0.840703453549127
top500,Value,long_only,vw,9,0,51.4763,18.99,28.65,0.534,-60.57,7.1,142.0,0.0,145,0,272,19.65,0.547,-58.84,58.3701,-0.6600000000000001,-0.013000000000000012,-1.7299999999999969,0.881895011315725
top500,Value,long_only,vw,9,10,50.5628,18.9,28.64,0.531,-60.63,7.1,142.0,0.0,145,0,272,19.53,0.544,-58.88,57.038,-0.6300000000000026,-0.013000000000000012,-1.75,0.8864756828780814
top500,Value,long_only,vw,9,20,49.6646,18.8,28.64,0.528,-60.69,7.1,142.0,0.0,145,0,272,19.41,0.54,-58.93,55.7352,-0.6099999999999994,-0.01200000000000001,-1.759999999999998,0.891081399187587
top500,Value,long_only,vw,9,50,47.06,18.52,28.64,0.52,-60.86,7.1,142.0,0.0,145,0,272,19.04,0.529,-59.08,51.9968,-0.5199999999999996,-0.009000000000000008,-1.7800000000000011,0.9050556957351222
top500,Value,long_only,vw,9,100,43.0041,18.05,28.63,0.506,-61.14,7.1,142.0,0.0,145,0,272,18.44,0.511,-59.33,46.2973,-0.39000000000000057,-0.0050000000000000044,-1.8100000000000023,0.9288684221326082
top500,Value,long_only,vw,10,0,44.9192,18.28,28.73,0.512,-58.45,7.1,141.9,0.0,145,0,272,19.65,0.547,-58.84,58.3701,-1.3699999999999974,-0.03500000000000003,0.39000000000000057,0.7695583869138479
top500,Value,long_only,vw,10,10,44.1136,18.18,28.72,0.509,-58.49,7.1,141.9,0.0,145,0,272,19.53,0.544,-58.88,57.038,-1.3500000000000014,-0.03500000000000003,0.39000000000000057,0.7734072022160665
top500,Value,long_only,vw,10,20,43.3218,18.09,28.72,0.506,-58.53,7.1,141.9,0.0,145,0,272,19.41,0.54,-58.93,55.7352,-1.3200000000000003,-0.03400000000000003,0.3999999999999986,0.7772789906558154
top500,Value,long_only,vw,10,50,41.0261,17.81,28.72,0.498,-58.66,7.1,141.9,0.0,145,0,272,19.04,0.529,-59.08,51.9968,-1.2300000000000004,-0.031000000000000028,0.4200000000000017,0.7890120161240691
top500,Value,long_only,vw,10,100,37.4542,17.33,28.72,0.484,-58.86,7.1,141.9,0.0,145,0,272,18.44,0.511,-59.33,46.2973,-1.110000000000003,-0.027000000000000024,0.46999999999999886,0.8089931810278354
top500,Value,long_only,vw,11,0,52.8695,19.13,28.6,0.539,-59.59,7.0,142.1,0.0,146,0,272,19.65,0.547,-58.84,58.3701,-0.5199999999999996,-0.008000000000000007,-0.75,0.9057633959852733
top500,Value,long_only,vw,11,10,51.9555,19.04,28.59,0.536,-59.63,7.0,142.1,0.0,146,0,272,19.53,0.544,-58.88,57.038,-0.490000000000002,-0.008000000000000007,-0.75,0.9108927381745504
top500,Value,long_only,vw,11,20,51.0565,18.95,28.58,0.533,-59.67,7.0,142.1,0.0,146,0,272,19.41,0.54,-58.93,55.7352,-0.46000000000000085,-0.007000000000000006,-0.740000000000002,0.9160548450530365
top500,Value,long_only,vw,11,50,48.447,18.67,28.56,0.525,-59.79,7.0,142.1,0.0,146,0,272,19.04,0.529,-59.08,51.9968,-0.36999999999999744,-0.0040000000000000036,-0.7100000000000009,0.9317304141793341
top500,Value,long_only,vw,11,100,44.3761,18.21,28.53,0.512,-59.98,7.0,142.1,0.0,146,0,272,18.44,0.511,-59.33,46.2973,-0.23000000000000043,0.0010000000000000009,-0.6499999999999986,0.9585029796554011
top500,Value,long_only,vw,12,0,61.2567,19.91,29.04,0.556,-58.12,7.1,143.2,0.0,146,0,272,19.65,0.547,-58.84,58.3701,0.26000000000000156,0.009000000000000008,0.720000000000006,1.0494534016559849
top500,Value,long_only,vw,12,10,60.141,19.81,29.05,0.554,-58.16,7.1,143.2,0.0,146,0,272,19.53,0.544,-58.88,57.038,0.2799999999999976,0.010000000000000009,0.720000000000006,1.0544023282723798
top500,Value,long_only,vw,12,20,59.0444,19.71,29.05,0.551,-58.2,7.1,143.2,0.0,146,0,272,19.41,0.54,-58.93,55.7352,0.3000000000000007,0.01100000000000001,0.7299999999999969,1.0593736094963326
top500,Value,long_only,vw,12,50,55.8669,19.42,29.07,0.542,-58.32,7.1,143.2,0.0,146,0,272,19.04,0.529,-59.08,51.9968,0.38000000000000256,0.013000000000000012,0.759999999999998,1.0744295802818635
top500,Value,long_only,vw,12,100,50.9269,18.93,29.1,0.528,-58.53,7.1,143.2,0.0,146,0,272,18.44,0.511,-59.33,46.2973,0.48999999999999844,0.017000000000000015,0.7999999999999972,1.0999971920608762
top500,Robust profitability,long_only,vw,1,0,40.3163,17.71,21.35,0.584,-63.59,6.6,114.0,0.0,79,0,272,17.71,0.584,-63.59,40.3163,0.0,0.0,0.0,1.0
top500,Robust profitability,long_only,vw,1,10,39.6282,17.63,21.35,0.58,-63.65,6.6,114.0,0.0,79,0,272,17.63,0.58,-63.65,39.6282,0.0,0.0,0.0,1.0
top500,Robust profitability,long_only,vw,1,20,38.9516,17.54,21.36,0.576,-63.7,6.6,114.0,0.0,79,0,272,17.54,0.576,-63.7,38.9516,0.0,0.0,0.0,1.0
top500,Robust profitability,long_only,vw,1,50,36.9884,17.27,21.38,0.565,-63.87,6.6,114.0,0.0,79,0,272,17.27,0.565,-63.87,36.9884,0.0,0.0,0.0,1.0
top500,Robust profitability,long_only,vw,1,100,33.9283,16.82,21.41,0.547,-64.15,6.6,114.0,0.0,79,0,272,16.82,0.547,-64.15,33.9283,0.0,0.0,0.0,1.0
top500,Robust profitability,long_only,vw,2,0,40.4694,17.73,21.29,0.586,-63.49,6.1,114.0,0.0,79,0,272,17.71,0.584,-63.59,40.3163,0.019999999999999574,0.0020000000000000018,0.10000000000000142,1.00379747149416
top500,Robust profitability,long_only,vw,2,10,39.8399,17.65,21.3,0.582,-63.54,6.1,114.0,0.0,79,0,272,17.63,0.58,-63.65,39.6282,0.019999999999999574,0.0020000000000000018,0.10999999999999943,1.005342155333828
top500,Robust profitability,long_only,vw,2,20,39.2198,17.57,21.31,0.579,-63.59,6.1,114.0,0.0,79,0,272,17.54,0.576,-63.7,38.9516,0.030000000000001137,0.0030000000000000027,0.10999999999999943,1.0068854681194097
top500,Robust profitability,long_only,vw,2,50,37.4152,17.33,21.32,0.569,-63.74,6.1,114.0,0.0,79,0,272,17.27,0.565,-63.87,36.9884,0.05999999999999872,0.0040000000000000036,0.12999999999999545,1.0115387526900326
top500,Robust profitability,long_only,vw,2,100,34.5843,16.92,21.36,0.552,-63.99,6.1,114.0,0.0,79,0,272,16.82,0.547,-64.15,33.9283,0.10000000000000142,0.0050000000000000044,0.1600000000000037,1.0193348915212375
top500,Robust profitability,long_only,vw,3,0,40.4954,17.74,21.29,0.586,-63.42,5.8,114.1,0.0,79,0,272,17.71,0.584,-63.59,40.3163,0.029999999999997584,0.0020000000000000018,0.1700000000000017,1.004442371943854
top500,Robust profitability,long_only,vw,3,10,39.8955,17.66,21.29,0.583,-63.47,5.8,114.1,0.0,79,0,272,17.63,0.58,-63.65,39.6282,0.030000000000001137,0.0030000000000000027,0.17999999999999972,1.0067451966024195
top500,Robust profitability,long_only,vw,3,20,39.3042,17.58,21.3,0.579,-63.52,5.8,114.1,0.0,79,0,272,17.54,0.576,-63.7,38.9516,0.03999999999999915,0.0030000000000000027,0.17999999999999972,1.0090522597274567
top500,Robust profitability,long_only,vw,3,50,37.5803,17.35,21.32,0.57,-63.66,5.8,114.1,0.0,79,0,272,17.27,0.565,-63.87,36.9884,0.08000000000000185,0.0050000000000000044,0.21000000000000085,1.0160023142390588
top500,Robust profitability,long_only,vw,3,100,34.868,16.96,21.35,0.554,-63.9,5.8,114.1,0.0,79,0,272,16.82,0.547,-64.15,33.9283,0.14000000000000057,0.007000000000000006,0.2500000000000071,1.0276966426257725
top500,Robust profitability,long_only,vw,4,0,40.6508,17.76,21.27,0.587,-63.28,5.6,114.1,0.0,79,0,272,17.71,0.584,-63.59,40.3163,0.05000000000000071,0.0030000000000000027,0.3100000000000023,1.0082968923239484
top500,Robust profitability,long_only,vw,4,10,40.0724,17.68,21.27,0.584,-63.33,5.6,114.1,0.0,79,0,272,17.63,0.58,-63.65,39.6282,0.05000000000000071,0.0040000000000000036,0.3200000000000003,1.0112091894156183
top500,Robust profitability,long_only,vw,4,20,39.502,17.61,21.28,0.581,-63.38,5.6,114.1,0.0,79,0,272,17.54,0.576,-63.7,38.9516,0.07000000000000028,0.0050000000000000044,0.3200000000000003,1.0141303566477373
top500,Robust profitability,long_only,vw,4,50,37.8371,17.39,21.3,0.571,-63.52,5.6,114.1,0.0,79,0,272,17.27,0.565,-63.87,36.9884,0.120000000000001,0.006000000000000005,0.3499999999999943,1.0229450314152546
top500,Robust profitability,long_only,vw,4,100,35.2109,17.01,21.34,0.556,-63.75,5.6,114.1,0.0,79,0,272,16.82,0.547,-64.15,33.9283,0.19000000000000128,0.009000000000000008,0.4000000000000057,1.0378032497944194
top500,Robust profitability,long_only,vw,5,0,38.4135,17.46,21.12,0.578,-63.24,5.4,114.1,0.0,79,0,272,17.71,0.584,-63.59,40.3163,-0.25,-0.006000000000000005,0.3500000000000014,0.9528032086277759
top500,Robust profitability,long_only,vw,5,10,37.8829,17.39,21.13,0.575,-63.28,5.4,114.1,0.0,79,0,272,17.63,0.58,-63.65,39.6282,-0.23999999999999844,-0.0050000000000000044,0.36999999999999744,0.9559581308260279
top500,Robust profitability,long_only,vw,5,20,37.3594,17.32,21.13,0.572,-63.32,5.4,114.1,0.0,79,0,272,17.54,0.576,-63.7,38.9516,-0.21999999999999886,-0.0040000000000000036,0.38000000000000256,0.9591236303515132
top500,Robust profitability,long_only,vw,5,50,35.8299,17.1,21.15,0.563,-63.45,5.4,114.1,0.0,79,0,272,17.27,0.565,-63.87,36.9884,-0.16999999999999815,-0.0020000000000000018,0.4199999999999946,0.9686793697483537
top500,Robust profitability,long_only,vw,5,100,33.4133,16.74,21.17,0.547,-63.65,5.4,114.1,0.0,79,0,272,16.82,0.547,-64.15,33.9283,-0.08000000000000185,0.0,0.5000000000000071,0.9848209311990285
top500,Robust profitability,long_only,vw,6,0,40.4522,17.73,21.28,0.586,-63.24,5.3,114.3,0.0,79,0,272,17.71,0.584,-63.59,40.3163,0.019999999999999574,0.0020000000000000018,0.3500000000000014,1.0033708450428238
top500,Robust profitability,long_only,vw,6,10,39.9066,17.66,21.29,0.583,-63.28,5.3,114.3,0.0,79,0,272,17.63,0.58,-63.65,39.6282,0.030000000000001137,0.0030000000000000027,0.36999999999999744,1.007025300165034
top500,Robust profitability,long_only,vw,6,20,39.3679,17.59,21.29,0.58,-63.32,5.3,114.3,0.0,79,0,272,17.54,0.576,-63.7,38.9516,0.05000000000000071,0.0040000000000000036,0.38000000000000256,1.0106876225880324
top500,Robust profitability,long_only,vw,6,50,37.7934,17.38,21.31,0.571,-63.45,5.3,114.3,0.0,79,0,272,17.27,0.565,-63.87,36.9884,0.10999999999999943,0.006000000000000005,0.4199999999999946,1.0217635799331681
top500,Robust profitability,long_only,vw,6,100,35.3022,17.03,21.34,0.556,-63.65,5.3,114.3,0.0,79,0,272,16.82,0.547,-64.15,33.9283,0.21000000000000085,0.009000000000000008,0.5000000000000071,1.0404942186905917
top500,Robust profitability,long_only,vw,7,0,39.5344,17.61,21.23,0.582,-62.86,5.3,114.2,0.0,79,0,272,17.71,0.584,-63.59,40.3163,-0.10000000000000142,-0.0020000000000000018,0.730000000000004,0.9806058591686241
top500,Robust profitability,long_only,vw,7,10,39.0099,17.54,21.24,0.579,-62.86,5.3,114.2,0.0,79,0,272,17.63,0.58,-63.65,39.6282,-0.08999999999999986,-0.0010000000000000009,0.7899999999999991,0.9843974745257166
top500,Robust profitability,long_only,vw,7,20,38.4919,17.47,21.24,0.576,-62.86,5.3,114.2,0.0,79,0,272,17.54,0.576,-63.7,38.9516,-0.07000000000000028,0.0,0.8400000000000034,0.9881981741443228
top500,Robust profitability,long_only,vw,7,50,36.9774,17.27,21.25,0.567,-62.89,5.3,114.2,0.0,79,0,272,17.27,0.565,-63.87,36.9884,0.0,0.0020000000000000018,0.9799999999999969,0.9997026094667518
top500,Robust profitability,long_only,vw,7,100,34.579,16.92,21.27,0.553,-63.05,5.3,114.2,0.0,79,0,272,16.82,0.547,-64.15,33.9283,0.10000000000000142,0.006000000000000005,1.1000000000000085,1.0191786797452274
top500,Robust profitability,long_only,vw,8,0,38.4989,17.48,21.25,0.576,-62.83,5.1,114.0,0.0,79,0,272,17.71,0.584,-63.59,40.3163,-0.23000000000000043,-0.008000000000000007,0.7600000000000051,0.9549214585663863
top500,Robust profitability,long_only,vw,8,10,38.0092,17.41,21.25,0.573,-62.84,5.1,114.0,0.0,79,0,272,17.63,0.58,-63.65,39.6282,-0.21999999999999886,-0.007000000000000006,0.8099999999999952,0.9591452551465875
top500,Robust profitability,long_only,vw,8,20,37.5255,17.34,21.26,0.57,-62.84,5.1,114.0,0.0,79,0,272,17.54,0.576,-63.7,38.9516,-0.1999999999999993,-0.006000000000000005,0.8599999999999994,0.9633878967744586
top500,Robust profitability,long_only,vw,8,50,36.1092,17.14,21.27,0.562,-62.85,5.1,114.0,0.0,79,0,272,17.27,0.565,-63.87,36.9884,-0.129999999999999,-0.0029999999999998916,1.019999999999996,0.9762303857425572
top500,Robust profitability,long_only,vw,8,100,33.8615,16.81,21.3,0.548,-62.86,5.1,114.0,0.0,79,0,272,16.82,0.547,-64.15,33.9283,-0.010000000000001563,0.0010000000000000009,1.2900000000000063,0.998031142143874
top500,Robust profitability,long_only,vw,9,0,39.4995,17.61,20.95,0.586,-59.95,5.1,114.6,0.0,79,0,272,17.71,0.584,-63.59,40.3163,-0.10000000000000142,0.0020000000000000018,3.6400000000000006,0.979740204334227
top500,Robust profitability,long_only,vw,9,10,39.003,17.54,20.95,0.584,-59.98,5.1,114.6,0.0,79,0,272,17.63,0.58,-63.65,39.6282,-0.08999999999999986,0.0040000000000000036,3.6700000000000017,0.9842233560949021
top500,Robust profitability,long_only,vw,9,20,38.5125,17.48,20.95,0.581,-60.01,5.1,114.6,0.0,79,0,272,17.54,0.576,-63.7,38.9516,-0.05999999999999872,0.0050000000000000044,3.690000000000005,0.9887270356031589
top500,Robust profitability,long_only,vw,9,50,37.076,17.28,20.94,0.573,-60.09,5.1,114.6,0.0,79,0,272,17.27,0.565,-63.87,36.9884,0.010000000000001563,0.008000000000000007,3.779999999999994,1.0023683100647771
top500,Robust profitability,long_only,vw,9,100,34.7947,16.95,20.94,0.559,-60.4,5.1,114.6,0.0,79,0,272,16.82,0.547,-64.15,33.9283,0.129999999999999,0.01200000000000001,3.750000000000007,1.0255362042896343
top500,Robust profitability,long_only,vw,10,0,35.3536,17.03,20.9,0.564,-63.05,5.1,114.4,0.0,79,0,272,17.71,0.584,-63.59,40.3163,-0.6799999999999997,-0.020000000000000018,0.5400000000000063,0.8769058668578218
top500,Robust profitability,long_only,vw,10,10,34.9055,16.97,20.91,0.561,-63.09,5.1,114.4,0.0,79,0,272,17.63,0.58,-63.65,39.6282,-0.6600000000000001,-0.018999999999999906,0.5599999999999952,0.8808247662018462
top500,Robust profitability,long_only,vw,10,20,34.4628,16.9,20.91,0.558,-63.13,5.1,114.4,0.0,79,0,272,17.54,0.576,-63.7,38.9516,-0.6400000000000006,-0.017999999999999905,0.5700000000000003,0.8847595477464341
top500,Robust profitability,long_only,vw,10,50,33.1665,16.71,20.91,0.55,-63.25,5.1,114.4,0.0,79,0,272,17.27,0.565,-63.87,36.9884,-0.5599999999999987,-0.014999999999999902,0.6199999999999974,0.8966730109980426
top500,Robust profitability,long_only,vw,10,100,31.1085,16.38,20.93,0.536,-63.45,5.1,114.4,0.0,79,0,272,16.82,0.547,-64.15,33.9283,-0.4400000000000013,-0.01100000000000001,0.7000000000000028,0.9168894403786809
top500,Robust profitability,long_only,vw,11,0,41.3937,17.85,20.9,0.597,-60.41,5.0,113.5,0.0,79,0,272,17.71,0.584,-63.59,40.3163,0.14000000000000057,0.013000000000000012,3.180000000000007,1.0267236824807833
top500,Robust profitability,long_only,vw,11,10,40.8868,17.79,20.9,0.594,-60.44,5.0,113.5,0.0,79,0,272,17.63,0.58,-63.65,39.6282,0.16000000000000014,0.014000000000000012,3.210000000000001,1.031760211162758
top500,Robust profitability,long_only,vw,11,20,40.3859,17.72,20.9,0.592,-60.47,5.0,113.5,0.0,79,0,272,17.54,0.576,-63.7,38.9516,0.17999999999999972,0.016000000000000014,3.230000000000004,1.0368226208936218
top500,Robust profitability,long_only,vw,11,50,38.9179,17.53,20.89,0.584,-60.57,5.0,113.5,0.0,79,0,272,17.27,0.565,-63.87,36.9884,0.26000000000000156,0.019000000000000017,3.299999999999997,1.0521650030820475
top500,Robust profitability,long_only,vw,11,100,36.5836,17.21,20.89,0.571,-60.74,5.0,113.5,0.0,79,0,272,16.82,0.547,-64.15,33.9283,0.39000000000000057,0.02399999999999991,3.4100000000000037,1.0782620997810086
top500,Robust profitability,long_only,vw,12,0,41.0534,17.81,21.17,0.591,-62.9,5.0,114.6,0.0,79,0,272,17.71,0.584,-63.59,40.3163,0.09999999999999787,0.007000000000000006,0.6900000000000048,1.0182829277488263
top500,Robust profitability,long_only,vw,12,10,40.5347,17.74,21.18,0.588,-62.94,5.0,114.6,0.0,79,0,272,17.63,0.58,-63.65,39.6282,0.10999999999999943,0.008000000000000007,0.7100000000000009,1.0228751242801843
top500,Robust profitability,long_only,vw,12,20,40.0222,17.68,21.18,0.585,-62.99,5.0,114.6,0.0,79,0,272,17.54,0.576,-63.7,38.9516,0.14000000000000057,0.009000000000000008,0.7100000000000009,1.027485392127666
top500,Robust profitability,long_only,vw,12,50,38.5214,17.48,21.2,0.577,-63.11,5.0,114.6,0.0,79,0,272,17.27,0.565,-63.87,36.9884,0.21000000000000085,0.01200000000000001,0.759999999999998,1.0414454261335986
top500,Robust profitability,long_only,vw,12,100,36.1382,17.15,21.24,0.563,-63.31,5.0,114.6,0.0,79,0,272,16.82,0.547,-64.15,33.9283,0.3299999999999983,0.015999999999999903,0.8400000000000034,1.0651344158121685
top500,Conservative investment,long_only,vw,1,0,35.579,17.07,22.96,0.534,-56.68,12.7,142.4,0.0,142,0,272,17.07,0.534,-56.68,35.579,0.0,0.0,0.0,1.0
top500,Conservative investment,long_only,vw,1,10,34.4027,16.89,22.97,0.527,-56.76,12.7,142.4,0.0,142,0,272,16.89,0.527,-56.76,34.4027,0.0,0.0,0.0,1.0
top500,Conservative investment,long_only,vw,1,20,33.264,16.72,22.98,0.521,-56.84,12.7,142.4,0.0,142,0,272,16.72,0.521,-56.84,33.264,0.0,0.0,0.0,1.0
top500,Conservative investment,long_only,vw,1,50,30.0624,16.2,23.0,0.501,-57.09,12.7,142.4,0.0,142,0,272,16.2,0.501,-57.09,30.0624,0.0,0.0,0.0,1.0
top500,Conservative investment,long_only,vw,1,100,25.377,15.33,23.06,0.468,-57.51,12.7,142.4,0.0,142,0,272,15.33,0.468,-57.51,25.377,0.0,0.0,0.0,1.0
top500,Conservative investment,long_only,vw,2,0,35.7114,17.09,22.93,0.535,-56.53,12.0,142.5,0.0,142,0,272,17.07,0.534,-56.68,35.579,0.019999999999999574,0.0010000000000000009,0.14999999999999858,1.0037212962702717
top500,Conservative investment,long_only,vw,2,10,34.5947,16.92,22.94,0.529,-56.61,12.0,142.5,0.0,142,0,272,16.89,0.527,-56.76,34.4027,0.030000000000001137,0.0020000000000000018,0.14999999999999858,1.0055809573085834
top500,Conservative investment,long_only,vw,2,20,33.5117,16.76,22.94,0.523,-56.69,12.0,142.5,0.0,142,0,272,16.72,0.521,-56.84,33.264,0.0400000000000027,0.0020000000000000018,0.15000000000000568,1.0074464886964885
top500,Conservative investment,long_only,vw,2,50,30.455,16.27,22.97,0.504,-56.93,12.0,142.5,0.0,142,0,272,16.2,0.501,-57.09,30.0624,0.07000000000000028,0.0030000000000000027,0.1600000000000037,1.0130595029006333
top500,Conservative investment,long_only,vw,2,100,25.9478,15.45,23.03,0.472,-57.33,12.0,142.5,0.0,142,0,272,15.33,0.468,-57.51,25.377,0.11999999999999922,0.003999999999999948,0.17999999999999972,1.0224928084485954
top500,Conservative investment,long_only,vw,3,0,36.3724,17.18,22.93,0.539,-56.5,11.8,142.7,0.0,142,0,272,17.07,0.534,-56.68,35.579,0.10999999999999943,0.0050000000000000044,0.17999999999999972,1.0222996711543326
top500,Conservative investment,long_only,vw,3,10,35.2561,17.02,22.93,0.533,-56.58,11.8,142.7,0.0,142,0,272,16.89,0.527,-56.76,34.4027,0.129999999999999,0.006000000000000005,0.17999999999999972,1.0248061925372136
top500,Conservative investment,long_only,vw,3,20,34.1728,16.86,22.94,0.526,-56.66,11.8,142.7,0.0,142,0,272,16.72,0.521,-56.84,33.264,0.14000000000000057,0.0050000000000000044,0.18000000000000682,1.0273208273208272
top500,Conservative investment,long_only,vw,3,50,31.1115,16.38,22.96,0.508,-56.89,11.8,142.7,0.0,142,0,272,16.2,0.501,-57.09,30.0624,0.17999999999999972,0.007000000000000006,0.20000000000000284,1.0348974133801692
top500,Conservative investment,long_only,vw,3,100,26.5864,15.57,23.02,0.477,-57.29,11.8,142.7,0.0,142,0,272,15.33,0.468,-57.51,25.377,0.2400000000000002,0.008999999999999952,0.21999999999999886,1.0476573275012808
top500,Conservative investment,long_only,vw,4,0,35.5174,17.06,22.89,0.535,-56.42,11.4,142.6,0.0,143,0,272,17.07,0.534,-56.68,35.579,-0.010000000000001563,0.0010000000000000009,0.259999999999998,0.9982686416144355
top500,Conservative investment,long_only,vw,4,10,34.4589,16.9,22.89,0.529,-56.5,11.4,142.6,0.0,143,0,272,16.89,0.527,-56.76,34.4027,0.00999999999999801,0.0020000000000000018,0.259999999999998,1.0016335927121998
top500,Conservative investment,long_only,vw,4,20,33.4307,16.75,22.9,0.523,-56.58,11.4,142.6,0.0,143,0,272,16.72,0.521,-56.84,33.264,0.030000000000001137,0.0020000000000000018,0.2600000000000051,1.0050114237614238
top500,Conservative investment,long_only,vw,4,50,30.5197,16.28,22.93,0.505,-56.81,11.4,142.6,0.0,143,0,272,16.2,0.501,-57.09,30.0624,0.08000000000000185,0.0040000000000000036,0.28000000000000114,1.0152116930118686
top500,Conservative investment,long_only,vw,4,100,26.2005,15.5,22.99,0.474,-57.2,11.4,142.6,0.0,143,0,272,15.33,0.468,-57.51,25.377,0.16999999999999993,0.00599999999999995,0.30999999999999517,1.0324506442841945
top500,Conservative investment,long_only,vw,5,0,39.4925,17.61,23.12,0.552,-56.5,11.4,142.3,0.0,142,0,272,17.07,0.534,-56.68,35.579,0.5399999999999991,0.018000000000000016,0.17999999999999972,1.1099946597712134
top500,Conservative investment,long_only,vw,5,10,38.3226,17.45,23.12,0.546,-56.58,11.4,142.3,0.0,142,0,272,16.89,0.527,-56.76,34.4027,0.5599999999999987,0.019000000000000017,0.17999999999999972,1.113941638301645
top500,Conservative investment,long_only,vw,5,20,37.186,17.3,23.13,0.54,-56.65,11.4,142.3,0.0,142,0,272,16.72,0.521,-56.84,33.264,0.5800000000000018,0.019000000000000017,0.19000000000000483,1.1179052429052427
top500,Conservative investment,long_only,vw,5,50,33.9669,16.83,23.16,0.523,-56.88,11.4,142.3,0.0,142,0,272,16.2,0.501,-57.09,30.0624,0.629999999999999,0.02200000000000002,0.21000000000000085,1.1298798499121827
top500,Conservative investment,long_only,vw,5,100,29.1869,16.05,23.21,0.493,-57.26,11.4,142.3,0.0,142,0,272,15.33,0.468,-57.51,25.377,0.7200000000000006,0.024999999999999967,0.25,1.1501320092997598
top500,Conservative investment,long_only,vw,6,0,36.6714,17.22,22.9,0.541,-56.38,11.2,142.9,0.0,142,0,272,17.07,0.534,-56.68,35.579,0.14999999999999858,0.007000000000000006,0.29999999999999716,1.030703504876472
top500,Conservative investment,long_only,vw,6,10,35.6041,17.07,22.91,0.535,-56.45,11.2,142.9,0.0,142,0,272,16.89,0.527,-56.76,34.4027,0.17999999999999972,0.008000000000000007,0.30999999999999517,1.0349216776590209
top500,Conservative investment,long_only,vw,6,20,34.5666,16.92,22.92,0.529,-56.53,11.2,142.9,0.0,142,0,272,16.72,0.521,-56.84,33.264,0.20000000000000284,0.008000000000000007,0.3100000000000023,1.0391594516594516
top500,Conservative investment,long_only,vw,6,50,31.6249,16.46,22.94,0.511,-56.76,11.2,142.9,0.0,142,0,272,16.2,0.501,-57.09,30.0624,0.26000000000000156,0.010000000000000009,0.3300000000000054,1.051975224865613
top500,Conservative investment,long_only,vw,6,100,27.247,15.7,23.0,0.482,-57.14,11.2,142.9,0.0,142,0,272,15.33,0.468,-57.51,25.377,0.3699999999999992,0.013999999999999957,0.36999999999999744,1.0736887732986562
top500,Conservative investment,long_only,vw,7,0,39.9041,17.66,22.53,0.562,-54.2,11.0,142.5,0.0,143,0,272,17.07,0.534,-56.68,35.579,0.5899999999999999,0.028000000000000025,2.479999999999997,1.1215632817111216
top500,Conservative investment,long_only,vw,7,10,38.7707,17.51,22.53,0.556,-54.21,11.0,142.5,0.0,143,0,272,16.89,0.527,-56.76,34.4027,0.620000000000001,0.029000000000000026,2.549999999999997,1.1269667787702708
top500,Conservative investment,long_only,vw,7,20,37.668,17.36,22.54,0.551,-54.21,11.0,142.5,0.0,143,0,272,16.72,0.521,-56.84,33.264,0.6400000000000006,0.030000000000000027,2.6300000000000026,1.1323953823953823
top500,Conservative investment,long_only,vw,7,50,34.5373,16.91,22.57,0.533,-54.23,11.0,142.5,0.0,143,0,272,16.2,0.501,-57.09,30.0624,0.7100000000000009,0.03200000000000003,2.8600000000000065,1.1488537176007239
top500,Conservative investment,long_only,vw,7,100,29.8652,16.17,22.62,0.504,-54.26,11.0,142.5,0.0,143,0,272,15.33,0.468,-57.51,25.377,0.8400000000000016,0.035999999999999976,3.25,1.1768609370689995
top500,Conservative investment,long_only,vw,8,0,38.5098,17.48,22.99,0.548,-54.17,11.0,142.6,0.0,143,0,272,17.07,0.534,-56.68,35.579,0.41000000000000014,0.014000000000000012,2.509999999999998,1.0823744343573456
top500,Conservative investment,long_only,vw,8,10,37.4166,17.33,23.0,0.543,-54.18,11.0,142.6,0.0,143,0,272,16.89,0.527,-56.76,34.4027,0.4399999999999977,0.016000000000000014,2.5799999999999983,1.0876064960017673
top500,Conservative investment,long_only,vw,8,20,36.3531,17.18,23.0,0.537,-54.18,11.0,142.6,0.0,143,0,272,16.72,0.521,-56.84,33.264,0.46000000000000085,0.016000000000000014,2.6600000000000037,1.0928661616161615
top500,Conservative investment,long_only,vw,8,50,33.3331,16.73,23.03,0.52,-54.2,11.0,142.6,0.0,143,0,272,16.2,0.501,-57.09,30.0624,0.5300000000000011,0.019000000000000017,2.8900000000000006,1.1087970354994945
top500,Conservative investment,long_only,vw,8,100,28.8254,15.99,23.08,0.491,-54.22,11.0,142.6,0.0,143,0,272,15.33,0.468,-57.51,25.377,0.6600000000000001,0.022999999999999965,3.289999999999999,1.1358868266540567
top500,Conservative investment,long_only,vw,9,0,32.1981,16.55,22.64,0.518,-53.12,10.9,142.3,0.0,142,0,272,17.07,0.534,-56.68,35.579,-0.5199999999999996,-0.016000000000000014,3.5600000000000023,0.904974844711768
top500,Conservative investment,long_only,vw,9,10,31.3097,16.41,22.63,0.512,-53.17,10.9,142.3,0.0,142,0,272,16.89,0.527,-56.76,34.4027,-0.4800000000000004,-0.015000000000000013,3.5899999999999963,0.9100942658570402
top500,Conservative investment,long_only,vw,9,20,30.4448,16.27,22.63,0.507,-53.21,10.9,142.3,0.0,142,0,272,16.72,0.521,-56.84,33.264,-0.4499999999999993,-0.014000000000000012,3.6300000000000026,0.9152477152477152
top500,Conservative investment,long_only,vw,9,50,27.9847,15.83,22.62,0.49,-53.34,10.9,142.3,0.0,142,0,272,16.2,0.501,-57.09,30.0624,-0.3699999999999992,-0.01100000000000001,3.75,0.9308870881898983
top500,Conservative investment,long_only,vw,9,100,24.301,15.11,22.63,0.463,-53.55,10.9,142.3,0.0,142,0,272,15.33,0.468,-57.51,25.377,-0.22000000000000064,-0.0050000000000000044,3.960000000000001,0.9575994010324309
top500,Conservative investment,long_only,vw,10,0,43.1739,18.07,23.2,0.568,-56.18,10.8,142.1,0.0,142,0,272,17.07,0.534,-56.68,35.579,1.0,0.03399999999999992,0.5,1.2134658084825318
top500,Conservative investment,long_only,vw,10,10,41.9752,17.92,23.2,0.563,-56.25,10.8,142.1,0.0,142,0,272,16.89,0.527,-56.76,34.4027,1.0300000000000011,0.03599999999999992,0.509999999999998,1.2201135376002463
top500,Conservative investment,long_only,vw,10,20,40.8084,17.78,23.2,0.557,-56.33,10.8,142.1,0.0,142,0,272,16.72,0.521,-56.84,33.264,1.0600000000000023,0.03600000000000003,0.5100000000000051,1.2268037518037516
top500,Conservative investment,long_only,vw,10,50,37.4907,17.34,23.21,0.541,-56.54,10.8,142.1,0.0,142,0,272,16.2,0.501,-57.09,30.0624,1.1400000000000006,0.040000000000000036,0.5500000000000043,1.2470960402363083
top500,Conservative investment,long_only,vw,10,100,32.5258,16.6,23.23,0.513,-56.9,10.8,142.1,0.0,142,0,272,15.33,0.468,-57.51,25.377,1.2700000000000014,0.044999999999999984,0.6099999999999994,1.2817039051109271
top500,Conservative investment,long_only,vw,11,0,40.7118,17.77,22.65,0.564,-54.21,10.8,142.0,0.0,143,0,272,17.07,0.534,-56.68,35.579,0.6999999999999993,0.029999999999999916,2.469999999999999,1.1442648753478175
top500,Conservative investment,long_only,vw,11,10,39.5992,17.62,22.64,0.558,-54.26,10.8,142.0,0.0,143,0,272,16.89,0.527,-56.76,34.4027,0.7300000000000004,0.031000000000000028,2.5,1.1510491909065277
top500,Conservative investment,long_only,vw,11,20,38.5156,17.48,22.64,0.553,-54.31,10.8,142.0,0.0,143,0,272,16.72,0.521,-56.84,33.264,0.7600000000000016,0.03200000000000003,2.530000000000001,1.1578763828763827
top500,Conservative investment,long_only,vw,11,50,35.4319,17.05,22.63,0.537,-54.46,10.8,142.0,0.0,143,0,272,16.2,0.501,-57.09,30.0624,0.8500000000000014,0.03600000000000003,2.6300000000000026,1.1786118207461813
top500,Conservative investment,long_only,vw,11,100,30.8092,16.33,22.62,0.509,-54.7,10.8,142.0,0.0,143,0,272,15.33,0.468,-57.51,25.377,0.9999999999999982,0.04099999999999998,2.809999999999995,1.2140599755684283
top500,Conservative investment,long_only,vw,12,0,36.0845,17.14,22.79,0.539,-56.07,10.7,143.3,0.0,143,0,272,17.07,0.534,-56.68,35.579,0.07000000000000028,0.0050000000000000044,0.6099999999999994,1.0142078192192023
top500,Conservative investment,long_only,vw,12,10,35.0816,16.99,22.8,0.534,-56.14,10.7,143.3,0.0,143,0,272,16.89,0.527,-56.76,34.4027,0.09999999999999787,0.007000000000000006,0.6199999999999974,1.0197339162333188
top500,Conservative investment,long_only,vw,12,20,34.1054,16.85,22.81,0.528,-56.22,10.7,143.3,0.0,143,0,272,16.72,0.521,-56.84,33.264,0.13000000000000256,0.007000000000000006,0.6200000000000045,1.0252946127946128
top500,Conservative investment,long_only,vw,12,50,31.3295,16.41,22.84,0.511,-56.44,10.7,143.3,0.0,143,0,272,16.2,0.501,-57.09,30.0624,0.21000000000000085,0.010000000000000009,0.6500000000000057,1.0421489967534194
top500,Conservative investment,long_only,vw,12,100,27.1755,15.68,22.9,0.483,-56.8,10.7,143.3,0.0,143,0,272,15.33,0.468,-57.51,25.377,0.34999999999999964,0.014999999999999958,0.7100000000000009,1.0708712613784135
top500,Momentum winner,long_only,vw,1,0,66.4995,20.34,24.11,0.638,-63.82,51.6,146.4,0.0,146,0,272,20.34,0.638,-63.82,66.4995,0.0,0.0,0.0,1.0
top500,Momentum winner,long_only,vw,1,10,57.9602,19.61,24.11,0.612,-63.96,51.6,146.4,0.0,146,0,272,19.61,0.612,-63.96,57.9602,0.0,0.0,0.0,1.0
top500,Momentum winner,long_only,vw,1,20,50.5133,18.89,24.1,0.587,-64.18,51.6,146.4,0.0,146,0,272,18.89,0.587,-64.18,50.5133,0.0,0.0,0.0,1.0
top500,Momentum winner,long_only,vw,1,50,33.4206,16.74,24.1,0.51,-64.85,51.6,146.4,0.0,146,0,272,16.74,0.51,-64.85,33.4206,0.0,0.0,0.0,1.0
top500,Momentum winner,long_only,vw,1,100,16.7609,13.24,24.09,0.383,-65.94,51.6,146.4,0.0,146,0,272,13.24,0.383,-65.94,16.7609,0.0,0.0,0.0,1.0
top500,Momentum winner,long_only,vw,2,0,62.2096,19.99,24.36,0.621,-67.47,33.8,146.3,0.0,144,0,272,20.34,0.638,-63.82,66.4995,-0.3500000000000014,-0.017000000000000015,-3.6499999999999986,0.935489740524365
top500,Momentum winner,long_only,vw,2,10,56.8793,19.52,24.35,0.605,-67.61,33.8,146.3,0.0,144,0,272,19.61,0.612,-63.96,57.9602,-0.08999999999999986,-0.007000000000000006,-3.6499999999999986,0.9813509960283091
top500,Momentum winner,long_only,vw,2,20,52.0021,19.04,24.35,0.589,-67.76,33.8,146.3,0.0,144,0,272,18.89,0.587,-64.18,50.5133,0.14999999999999858,0.0020000000000000018,-3.5799999999999983,1.029473425810628
top500,Momentum winner,long_only,vw,2,50,39.7236,17.64,24.34,0.539,-68.2,33.8,146.3,0.0,144,0,272,16.74,0.51,-64.85,33.4206,0.9000000000000021,0.029000000000000026,-3.3500000000000085,1.1885962550043985
top500,Momentum winner,long_only,vw,2,100,25.3228,15.32,24.34,0.457,-68.92,33.8,146.3,0.0,144,0,272,13.24,0.383,-65.94,16.7609,2.08,0.07400000000000001,-2.980000000000004,1.5108257909778116
top500,Momentum winner,long_only,vw,3,0,51.8091,19.02,24.42,0.587,-69.42,27.0,146.4,0.0,144,0,272,20.34,0.638,-63.82,66.4995,-1.3200000000000003,-0.051000000000000045,-5.600000000000001,0.7790900683463786
top500,Momentum winner,long_only,vw,3,10,48.2516,18.65,24.41,0.574,-69.51,27.0,146.4,0.0,144,0,272,19.61,0.612,-63.96,57.9602,-0.9600000000000009,-0.038000000000000034,-5.550000000000004,0.8324954020172464
top500,Momentum winner,long_only,vw,3,20,44.9356,18.28,24.4,0.561,-69.6,27.0,146.4,0.0,144,0,272,18.89,0.587,-64.18,50.5133,-0.6099999999999994,-0.025999999999999912,-5.4199999999999875,0.8895795760720444
top500,Momentum winner,long_only,vw,3,50,36.28,17.17,24.38,0.522,-69.88,27.0,146.4,0.0,144,0,272,16.74,0.51,-64.85,33.4206,0.43000000000000327,0.01200000000000001,-5.030000000000001,1.0855580091320922
top500,Momentum winner,long_only,vw,3,100,25.3664,15.33,24.36,0.457,-70.34,27.0,146.4,0.0,144,0,272,13.24,0.383,-65.94,16.7609,2.09,0.07400000000000001,-4.400000000000006,1.5134270832711847
top500,Momentum winner,long_only,vw,4,0,80.2127,21.34,24.32,0.668,-66.08,22.9,146.2,0.0,146,0,272,20.34,0.638,-63.82,66.4995,1.0,0.030000000000000027,-2.259999999999998,1.2062150843239423
top500,Momentum winner,long_only,vw,4,10,75.4229,21.01,24.34,0.656,-66.17,22.9,146.2,0.0,146,0,272,19.61,0.612,-63.96,57.9602,1.4000000000000021,0.04400000000000004,-2.210000000000001,1.3012877802354028
top500,Momentum winner,long_only,vw,4,20,70.9147,20.68,24.37,0.645,-66.25,22.9,146.2,0.0,146,0,272,18.89,0.587,-64.18,50.5133,1.7899999999999991,0.05800000000000005,-2.069999999999993,1.4038817499549623
top500,Momentum winner,long_only,vw,4,50,58.9217,19.7,24.44,0.61,-66.5,22.9,146.2,0.0,146,0,272,16.74,0.51,-64.85,33.4206,2.960000000000001,0.09999999999999998,-1.6500000000000057,1.7630353733924586
top500,Momentum winner,long_only,vw,4,100,43.2151,18.08,24.58,0.551,-66.92,22.9,146.2,0.0,146,0,272,13.24,0.383,-65.94,16.7609,4.839999999999998,0.16800000000000004,-0.980000000000004,2.5783281327375023
top500,Momentum winner,long_only,vw,5,0,50.0709,18.85,24.35,0.581,-66.35,20.7,146.4,0.0,144,0,272,20.34,0.638,-63.82,66.4995,-1.4899999999999984,-0.05700000000000005,-2.529999999999994,0.752951525951323
top500,Momentum winner,long_only,vw,5,10,47.4093,18.56,24.35,0.571,-66.41,20.7,146.4,0.0,144,0,272,19.61,0.612,-63.96,57.9602,-1.0500000000000007,-0.041000000000000036,-2.4499999999999957,0.8179630160006349
top500,Momentum winner,long_only,vw,5,20,44.8865,18.27,24.35,0.561,-66.47,20.7,146.4,0.0,144,0,272,18.89,0.587,-64.18,50.5133,-0.620000000000001,-0.025999999999999912,-2.289999999999992,0.888607554841992
top500,Momentum winner,long_only,vw,5,50,38.082,17.42,24.36,0.531,-66.65,20.7,146.4,0.0,144,0,272,16.74,0.51,-64.85,33.4206,0.6800000000000033,0.02100000000000002,-1.8000000000000114,1.139476849607727
top500,Momentum winner,long_only,vw,5,100,28.9209,16.0,24.38,0.48,-66.95,20.7,146.4,0.0,144,0,272,13.24,0.383,-65.94,16.7609,2.76,0.09699999999999998,-1.0100000000000051,1.7254980341151132
top500,Momentum winner,long_only,vw,6,0,70.8828,20.68,24.49,0.643,-66.84,18.2,146.4,0.0,144,0,272,20.34,0.638,-63.82,66.4995,0.33999999999999986,0.0050000000000000044,-3.020000000000003,1.0659147813141454
top500,Momentum winner,long_only,vw,6,10,67.6127,20.43,24.47,0.635,-66.92,18.2,146.4,0.0,144,0,272,19.61,0.612,-63.96,57.9602,0.8200000000000003,0.02300000000000002,-2.960000000000001,1.166536692419971
top500,Momentum winner,long_only,vw,6,20,64.4902,20.18,24.46,0.626,-67.0,18.2,146.4,0.0,144,0,272,18.89,0.587,-64.18,50.5133,1.2899999999999991,0.039000000000000035,-2.819999999999993,1.2766974242427243
top500,Momentum winner,long_only,vw,6,50,55.9438,19.43,24.44,0.601,-67.25,18.2,146.4,0.0,144,0,272,16.74,0.51,-64.85,33.4206,2.6900000000000013,0.09099999999999997,-2.4000000000000057,1.6739316469482894
top500,Momentum winner,long_only,vw,6,100,44.0948,18.18,24.41,0.558,-67.65,18.2,146.4,0.0,144,0,272,13.24,0.383,-65.94,16.7609,4.9399999999999995,0.17500000000000004,-1.710000000000008,2.6308133811430174
top500,Momentum winner,long_only,vw,7,0,51.4802,18.99,24.6,0.584,-68.51,16.7,146.1,0.0,145,0,272,20.34,0.638,-63.82,66.4995,-1.3500000000000014,-0.05400000000000005,-4.690000000000005,0.7741441664974925
top500,Momentum winner,long_only,vw,7,10,49.2437,18.76,24.61,0.575,-68.54,16.7,146.1,0.0,145,0,272,19.61,0.612,-63.96,57.9602,-0.8499999999999979,-0.03700000000000003,-4.580000000000005,0.8496123201783292
top500,Momentum winner,long_only,vw,7,20,47.1018,18.53,24.62,0.567,-68.57,16.7,146.1,0.0,145,0,272,18.89,0.587,-64.18,50.5133,-0.35999999999999943,-0.020000000000000018,-4.389999999999986,0.9324633314394426
top500,Momentum winner,long_only,vw,7,50,41.2057,17.83,24.65,0.543,-68.68,16.7,146.1,0.0,145,0,272,16.74,0.51,-64.85,33.4206,1.0899999999999999,0.03300000000000003,-3.8300000000000125,1.2329431548206795
top500,Momentum winner,long_only,vw,7,100,32.937,16.67,24.72,0.501,-68.85,16.7,146.1,0.0,145,0,272,13.24,0.383,-65.94,16.7609,3.4300000000000015,0.118,-2.9099999999999966,1.9651092721751218
top500,Momentum winner,long_only,vw,8,0,57.8327,19.6,24.11,0.612,-68.14,14.9,146.0,0.0,146,0,272,20.34,0.638,-63.82,66.4995,-0.7399999999999984,-0.026000000000000023,-4.32,0.8696712005353424
top500,Momentum winner,long_only,vw,8,10,55.5861,19.39,24.12,0.604,-68.17,14.9,146.0,0.0,146,0,272,19.61,0.612,-63.96,57.9602,-0.21999999999999886,-0.008000000000000007,-4.210000000000001,0.9590391337504012
top500,Momentum winner,long_only,vw,8,20,53.4241,19.19,24.14,0.597,-68.21,14.9,146.0,0.0,146,0,272,18.89,0.587,-64.18,50.5133,0.3000000000000007,0.010000000000000009,-4.029999999999987,1.0576244276259916
top500,Momentum winner,long_only,vw,8,50,47.4154,18.56,24.18,0.574,-68.32,14.9,146.0,0.0,146,0,272,16.74,0.51,-64.85,33.4206,1.8200000000000003,0.06399999999999995,-3.469999999999999,1.4187477184730375
top500,Momentum winner,long_only,vw,8,100,38.8256,17.52,24.26,0.536,-68.5,14.9,146.0,0.0,146,0,272,13.24,0.383,-65.94,16.7609,4.279999999999999,0.15300000000000002,-2.5600000000000023,2.316438854715439
top500,Momentum winner,long_only,vw,9,0,60.446,19.84,24.53,0.614,-69.04,14.5,146.5,0.0,144,0,272,20.34,0.638,-63.82,66.4995,-0.5,-0.02400000000000002,-5.220000000000006,0.9089692403702283
top500,Momentum winner,long_only,vw,9,10,58.2334,19.64,24.52,0.607,-69.07,14.5,146.5,0.0,144,0,272,19.61,0.612,-63.96,57.9602,0.030000000000001137,-0.0050000000000000044,-5.109999999999992,1.0047135793182218
top500,Momentum winner,long_only,vw,9,20,56.0992,19.44,24.51,0.601,-69.11,14.5,146.5,0.0,144,0,272,18.89,0.587,-64.18,50.5133,0.5500000000000007,0.014000000000000012,-4.929999999999993,1.1105827574124043
top500,Momentum winner,long_only,vw,9,50,50.1401,18.85,24.48,0.58,-69.2,14.5,146.5,0.0,144,0,272,16.74,0.51,-64.85,33.4206,2.110000000000003,0.06999999999999995,-4.3500000000000085,1.5002752793187435
top500,Momentum winner,long_only,vw,9,100,41.541,17.87,24.46,0.546,-69.35,14.5,146.5,0.0,144,0,272,13.24,0.383,-65.94,16.7609,4.630000000000001,0.16300000000000003,-3.4099999999999966,2.478446861445388
top500,Momentum winner,long_only,vw,10,0,40.9218,17.79,25.01,0.536,-67.67,14.1,146.1,0.0,144,0,272,20.34,0.638,-63.82,66.4995,-2.5500000000000007,-0.10199999999999998,-3.8500000000000014,0.6153700403762434
top500,Momentum winner,long_only,vw,10,10,39.4374,17.6,25.01,0.529,-67.72,14.1,146.1,0.0,144,0,272,19.61,0.612,-63.96,57.9602,-2.009999999999998,-0.08299999999999996,-3.759999999999998,0.680422082739535
top500,Momentum winner,long_only,vw,10,20,38.0049,17.41,25.01,0.522,-67.77,14.1,146.1,0.0,144,0,272,18.89,0.587,-64.18,50.5133,-1.4800000000000004,-0.06499999999999995,-3.589999999999989,0.7523741272100615
top500,Momentum winner,long_only,vw,10,50,34.0014,16.83,25.02,0.503,-67.93,14.1,146.1,0.0,144,0,272,16.74,0.51,-64.85,33.4206,0.08999999999999986,-0.007000000000000006,-3.0800000000000125,1.0173785030789393
top500,Momentum winner,long_only,vw,10,100,28.214,15.88,25.05,0.469,-68.18,14.1,146.1,0.0,144,0,272,13.24,0.383,-65.94,16.7609,2.6400000000000006,0.08599999999999997,-2.240000000000009,1.6833224946154441
top500,Momentum winner,long_only,vw,11,0,51.4915,18.99,24.27,0.588,-66.95,13.0,146.6,0.0,146,0,272,20.34,0.638,-63.82,66.4995,-1.3500000000000014,-0.050000000000000044,-3.1300000000000026,0.7743140925871623
top500,Momentum winner,long_only,vw,11,10,49.7901,18.82,24.27,0.581,-67.0,13.0,146.6,0.0,146,0,272,19.61,0.612,-63.96,57.9602,-0.7899999999999991,-0.031000000000000028,-3.039999999999999,0.8590394788147729
top500,Momentum winner,long_only,vw,11,20,48.1426,18.64,24.26,0.575,-67.04,13.0,146.6,0.0,146,0,272,18.89,0.587,-64.18,50.5133,-0.25,-0.01200000000000001,-2.8599999999999994,0.9530678059045835
top500,Momentum winner,long_only,vw,11,50,43.5075,18.11,24.26,0.557,-67.17,13.0,146.6,0.0,146,0,272,16.74,0.51,-64.85,33.4206,1.370000000000001,0.04700000000000004,-2.3200000000000074,1.3018168435037072
top500,Momentum winner,long_only,vw,11,100,36.7169,17.23,24.26,0.525,-67.39,13.0,146.6,0.0,146,0,272,13.24,0.383,-65.94,16.7609,3.99,0.14200000000000002,-1.4500000000000028,2.190628188223783
top500,Momentum winner,long_only,vw,12,0,55.2659,19.36,24.2,0.6,-65.79,10.9,146.3,0.0,146,0,272,20.34,0.638,-63.82,66.4995,-0.9800000000000004,-0.038000000000000034,-1.970000000000006,0.8310724140783013
top500,Momentum winner,long_only,vw,12,10,53.7102,19.21,24.2,0.595,-65.84,10.9,146.3,0.0,146,0,272,19.61,0.612,-63.96,57.9602,-0.3999999999999986,-0.017000000000000015,-1.8800000000000026,0.9266738210013078
top500,Momentum winner,long_only,vw,12,20,52.1962,19.06,24.2,0.59,-65.9,10.9,146.3,0.0,146,0,272,18.89,0.587,-64.18,50.5133,0.16999999999999815,0.0030000000000000027,-1.7199999999999989,1.033315978168126
top500,Momentum winner,long_only,vw,12,50,47.8946,18.61,24.21,0.574,-66.07,10.9,146.3,0.0,146,0,272,16.74,0.51,-64.85,33.4206,1.870000000000001,0.06399999999999995,-1.2199999999999989,1.4330861803797657
top500,Momentum winner,long_only,vw,12,100,41.4663,17.86,24.25,0.547,-66.34,10.9,146.3,0.0,146,0,272,13.24,0.383,-65.94,16.7609,4.619999999999999,0.16400000000000003,-0.4000000000000057,2.473990060199631
top500,High asset turnover,long_only,vw,1,0,40.7992,17.78,21.25,0.588,-57.16,5.4,125.9,0.0,81,0,272,17.78,0.588,-57.16,40.7992,0.0,0.0,0.0,1.0
top500,High asset turnover,long_only,vw,1,10,40.2484,17.71,21.25,0.585,-57.18,5.4,125.9,0.0,81,0,272,17.71,0.585,-57.18,40.2484,0.0,0.0,0.0,1.0
top500,High asset turnover,long_only,vw,1,20,39.7048,17.64,21.25,0.582,-57.21,5.4,125.9,0.0,81,0,272,17.64,0.582,-57.21,39.7048,0.0,0.0,0.0,1.0
top500,High asset turnover,long_only,vw,1,50,38.1167,17.42,21.25,0.573,-57.29,5.4,125.9,0.0,81,0,272,17.42,0.573,-57.29,38.1167,0.0,0.0,0.0,1.0
top500,High asset turnover,long_only,vw,1,100,35.6067,17.07,21.26,0.559,-57.42,5.4,125.9,0.0,81,0,272,17.07,0.559,-57.42,35.6067,0.0,0.0,0.0,1.0
top500,High asset turnover,long_only,vw,2,0,40.702,17.76,21.2,0.588,-57.01,4.8,126.0,0.0,81,0,272,17.78,0.588,-57.16,40.7992,-0.019999999999999574,0.0,0.14999999999999858,0.9976176003451048
top500,High asset turnover,long_only,vw,2,10,40.2174,17.7,21.2,0.585,-57.04,4.8,126.0,0.0,81,0,272,17.71,0.585,-57.18,40.2484,-0.010000000000001563,0.0,0.14000000000000057,0.9992297830472765
top500,High asset turnover,long_only,vw,2,20,39.7384,17.64,21.2,0.583,-57.06,4.8,126.0,0.0,81,0,272,17.64,0.582,-57.21,39.7048,0.0,0.0010000000000000009,0.14999999999999858,1.000846245290242
top500,High asset turnover,long_only,vw,2,50,38.3345,17.45,21.21,0.575,-57.12,4.8,126.0,0.0,81,0,272,17.42,0.573,-57.29,38.1167,0.029999999999997584,0.0020000000000000018,0.1700000000000017,1.0057140308578654
top500,High asset turnover,long_only,vw,2,100,36.1008,17.14,21.22,0.562,-57.24,4.8,126.0,0.0,81,0,272,17.07,0.559,-57.42,35.6067,0.07000000000000028,0.0030000000000000027,0.17999999999999972,1.01387660187549
top500,High asset turnover,long_only,vw,3,0,40.75,17.77,21.2,0.588,-57.01,4.6,126.1,0.0,81,0,272,17.78,0.588,-57.16,40.7992,-0.010000000000001563,0.0,0.14999999999999858,0.9987940940018432
top500,High asset turnover,long_only,vw,3,10,40.2876,17.71,21.2,0.586,-57.03,4.6,126.1,0.0,81,0,272,17.71,0.585,-57.18,40.2484,0.0,0.0010000000000000009,0.14999999999999858,1.000973951759573
top500,High asset turnover,long_only,vw,3,20,39.8302,17.65,21.2,0.583,-57.06,4.6,126.1,0.0,81,0,272,17.64,0.582,-57.21,39.7048,0.00999999999999801,0.0010000000000000009,0.14999999999999858,1.0031583083153675
top500,High asset turnover,long_only,vw,3,50,38.4881,17.47,21.21,0.576,-57.13,4.6,126.1,0.0,81,0,272,17.42,0.573,-57.29,38.1167,0.04999999999999716,0.0030000000000000027,0.1599999999999966,1.009743760608867
top500,High asset turnover,long_only,vw,3,100,36.3478,17.18,21.22,0.564,-57.24,4.6,126.1,0.0,81,0,272,17.07,0.559,-57.42,35.6067,0.10999999999999943,0.004999999999999893,0.17999999999999972,1.0208134985831319
top500,High asset turnover,long_only,vw,4,0,40.4941,17.74,21.18,0.587,-56.99,4.4,126.1,0.0,81,0,272,17.78,0.588,-57.16,40.7992,-0.0400000000000027,-0.0010000000000000009,0.1699999999999946,0.9925219121943568
top500,High asset turnover,long_only,vw,4,10,40.057,17.68,21.18,0.585,-57.01,4.4,126.1,0.0,81,0,272,17.71,0.585,-57.18,40.2484,-0.030000000000001137,0.0,0.1700000000000017,0.9952445314596358
top500,High asset turnover,long_only,vw,4,20,39.6245,17.62,21.19,0.582,-57.03,4.4,126.1,0.0,81,0,272,17.64,0.582,-57.21,39.7048,-0.019999999999999574,0.0,0.17999999999999972,0.9979775744998085
top500,High asset turnover,long_only,vw,4,50,38.3538,17.46,21.19,0.575,-57.1,4.4,126.1,0.0,81,0,272,17.42,0.573,-57.29,38.1167,0.03999999999999915,0.0020000000000000018,0.18999999999999773,1.0062203705987138
top500,High asset turnover,long_only,vw,4,100,36.3227,17.17,21.21,0.564,-57.22,4.4,126.1,0.0,81,0,272,17.07,0.559,-57.42,35.6067,0.10000000000000142,0.004999999999999893,0.20000000000000284,1.0201085750715455
top500,High asset turnover,long_only,vw,5,0,38.4316,17.47,20.91,0.581,-57.0,4.2,126.0,0.0,81,0,272,17.78,0.588,-57.16,40.7992,-0.3100000000000023,-0.007000000000000006,0.1599999999999966,0.9419694503813801
top500,High asset turnover,long_only,vw,5,10,38.0316,17.41,20.91,0.579,-57.02,4.2,126.0,0.0,81,0,272,17.71,0.585,-57.18,40.2484,-0.3000000000000007,-0.006000000000000005,0.1599999999999966,0.9449220341678178
top500,High asset turnover,long_only,vw,5,20,37.6355,17.36,20.91,0.577,-57.04,4.2,126.0,0.0,81,0,272,17.64,0.582,-57.21,39.7048,-0.28000000000000114,-0.0050000000000000044,0.1700000000000017,0.9478828756220911
top500,High asset turnover,long_only,vw,5,50,36.4711,17.2,20.91,0.57,-57.1,4.2,126.0,0.0,81,0,272,17.42,0.573,-57.29,38.1167,-0.22000000000000242,-0.0030000000000000027,0.18999999999999773,0.9568273224072388
top500,High asset turnover,long_only,vw,5,100,34.6068,16.92,20.92,0.559,-57.21,4.2,126.0,0.0,81,0,272,17.07,0.559,-57.42,35.6067,-0.14999999999999858,0.0,0.21000000000000085,0.9719182064049744
top500,High asset turnover,long_only,vw,6,0,40.9989,17.8,21.19,0.59,-56.99,4.2,126.2,0.0,81,0,272,17.78,0.588,-57.16,40.7992,0.019999999999999574,0.0020000000000000018,0.1699999999999946,1.0048947038177218
top500,High asset turnover,long_only,vw,6,10,40.5786,17.75,21.19,0.587,-57.01,4.2,126.2,0.0,81,0,272,17.71,0.585,-57.18,40.2484,0.03999999999999915,0.0020000000000000018,0.1700000000000017,1.0082040528319138
top500,High asset turnover,long_only,vw,6,20,40.1624,17.69,21.19,0.585,-57.03,4.2,126.2,0.0,81,0,272,17.64,0.582,-57.21,39.7048,0.05000000000000071,0.0030000000000000027,0.17999999999999972,1.0115250549052004
top500,High asset turnover,long_only,vw,6,50,38.9384,17.53,21.2,0.579,-57.1,4.2,126.2,0.0,81,0,272,17.42,0.573,-57.29,38.1167,0.10999999999999943,0.006000000000000005,0.18999999999999773,1.0215574800546743
top500,High asset turnover,long_only,vw,6,100,36.9773,17.27,21.21,0.568,-57.2,4.2,126.2,0.0,81,0,272,17.07,0.559,-57.42,35.6067,0.1999999999999993,0.008999999999999897,0.21999999999999886,1.0384927555769
top500,High asset turnover,long_only,vw,7,0,36.661,17.22,20.85,0.572,-56.75,4.1,126.3,0.0,81,0,272,17.78,0.588,-57.16,40.7992,-0.5600000000000023,-0.016000000000000014,0.4099999999999966,0.8985715406184436
top500,High asset turnover,long_only,vw,7,10,36.2949,17.17,20.85,0.57,-56.75,4.1,126.3,0.0,81,0,272,17.71,0.585,-57.18,40.2484,-0.5399999999999991,-0.015000000000000013,0.4299999999999997,0.9017724928195904
top500,High asset turnover,long_only,vw,7,20,35.9324,17.12,20.85,0.568,-56.76,4.1,126.3,0.0,81,0,272,17.64,0.582,-57.21,39.7048,-0.5199999999999996,-0.014000000000000012,0.45000000000000284,0.9049888174729505
top500,High asset turnover,long_only,vw,7,50,34.8653,16.96,20.86,0.561,-56.76,4.1,126.3,0.0,81,0,272,17.42,0.573,-57.29,38.1167,-0.46000000000000085,-0.0119999999999999,0.5300000000000011,0.9146988065598542
top500,High asset turnover,long_only,vw,7,100,33.1539,16.7,20.87,0.55,-56.77,4.1,126.3,0.0,81,0,272,17.07,0.559,-57.42,35.6067,-0.370000000000001,-0.009000000000000008,0.6499999999999986,0.931114088078929
top500,High asset turnover,long_only,vw,8,0,40.8538,17.78,21.11,0.59,-56.62,3.9,125.9,0.0,81,0,272,17.78,0.588,-57.16,40.7992,0.0,0.0020000000000000018,0.5399999999999991,1.0013382615345399
top500,High asset turnover,long_only,vw,8,10,40.461,17.73,21.12,0.588,-56.62,3.9,125.9,0.0,81,0,272,17.71,0.585,-57.18,40.2484,0.019999999999999574,0.0030000000000000027,0.5600000000000023,1.0052821975531947
top500,High asset turnover,long_only,vw,8,20,40.0718,17.68,21.12,0.586,-56.63,3.9,125.9,0.0,81,0,272,17.64,0.582,-57.21,39.7048,0.03999999999999915,0.0040000000000000036,0.5799999999999983,1.0092432149261552
top500,High asset turnover,long_only,vw,8,50,38.9255,17.53,21.13,0.58,-56.64,3.9,125.9,0.0,81,0,272,17.42,0.573,-57.29,38.1167,0.10999999999999943,0.007000000000000006,0.6499999999999986,1.0212190457201173
top500,High asset turnover,long_only,vw,8,100,37.0843,17.28,21.14,0.569,-56.66,3.9,125.9,0.0,81,0,272,17.07,0.559,-57.42,35.6067,0.21000000000000085,0.009999999999999898,0.7600000000000051,1.0414978079968096
top500,High asset turnover,long_only,vw,9,0,38.5986,17.49,20.5,0.589,-54.24,4.0,126.8,0.0,81,0,272,17.78,0.588,-57.16,40.7992,-0.2900000000000027,0.0010000000000000009,2.9199999999999946,0.9460626678954489
top500,High asset turnover,long_only,vw,9,10,38.2281,17.44,20.5,0.587,-54.26,4.0,126.8,0.0,81,0,272,17.71,0.585,-57.18,40.2484,-0.2699999999999996,0.0020000000000000018,2.9200000000000017,0.9498042158197593
top500,High asset turnover,long_only,vw,9,20,37.8611,17.39,20.49,0.585,-54.29,4.0,126.8,0.0,81,0,272,17.64,0.582,-57.21,39.7048,-0.25,0.0030000000000000027,2.9200000000000017,0.9535648082851444
top500,High asset turnover,long_only,vw,9,50,36.78,17.24,20.49,0.579,-54.37,4.0,126.8,0.0,81,0,272,17.42,0.573,-57.29,38.1167,-0.18000000000000327,0.006000000000000005,2.9200000000000017,0.9649313817827881
top500,High asset turnover,long_only,vw,9,100,35.0433,16.99,20.48,0.568,-54.5,4.0,126.8,0.0,81,0,272,17.07,0.559,-57.42,35.6067,-0.08000000000000185,0.008999999999999897,2.9200000000000017,0.9841771352020829
top500,High asset turnover,long_only,vw,10,0,36.5432,17.21,20.61,0.576,-56.94,4.0,126.6,0.0,81,0,272,17.78,0.588,-57.16,40.7992,-0.5700000000000003,-0.01200000000000001,0.21999999999999886,0.8956842291025314
top500,High asset turnover,long_only,vw,10,10,36.194,17.16,20.6,0.574,-56.96,4.0,126.6,0.0,81,0,272,17.71,0.585,-57.18,40.2484,-0.5500000000000007,-0.01100000000000001,0.21999999999999886,0.8992655608670159
top500,High asset turnover,long_only,vw,10,20,35.848,17.11,20.6,0.572,-56.98,4.0,126.6,0.0,81,0,272,17.64,0.582,-57.21,39.7048,-0.5300000000000011,-0.010000000000000009,0.23000000000000398,0.902863129898652
top500,High asset turnover,long_only,vw,10,50,34.8287,16.96,20.6,0.565,-57.04,4.0,126.6,0.0,81,0,272,17.42,0.573,-57.29,38.1167,-0.46000000000000085,-0.008000000000000007,0.25,0.9137385975176234
top500,High asset turnover,long_only,vw,10,100,33.191,16.71,20.59,0.555,-57.13,4.0,126.6,0.0,81,0,272,17.07,0.559,-57.42,35.6067,-0.35999999999999943,-0.0040000000000000036,0.28999999999999915,0.9321560268151782
top500,High asset turnover,long_only,vw,11,0,42.7122,18.01,20.59,0.61,-55.31,4.0,125.6,0.0,81,0,272,17.78,0.588,-57.16,40.7992,0.23000000000000043,0.02200000000000002,1.8499999999999943,1.046888174277927
top500,High asset turnover,long_only,vw,11,10,42.301,17.96,20.59,0.607,-55.34,4.0,125.6,0.0,81,0,272,17.71,0.585,-57.18,40.2484,0.25,0.02200000000000002,1.8399999999999963,1.0509983005535626
top500,High asset turnover,long_only,vw,11,20,41.8936,17.91,20.59,0.605,-55.37,4.0,125.6,0.0,81,0,272,17.64,0.582,-57.21,39.7048,0.2699999999999996,0.02300000000000002,1.8400000000000034,1.0551268360500494
top500,High asset turnover,long_only,vw,11,50,40.6935,17.76,20.59,0.599,-55.47,4.0,125.6,0.0,81,0,272,17.42,0.573,-57.29,38.1167,0.33999999999999986,0.026000000000000023,1.8200000000000003,1.067602914208208
top500,High asset turnover,long_only,vw,11,100,38.7657,17.51,20.59,0.588,-55.62,4.0,125.6,0.0,81,0,272,17.07,0.559,-57.42,35.6067,0.4400000000000013,0.028999999999999915,1.8000000000000043,1.0887192578924754
top500,High asset turnover,long_only,vw,12,0,40.8385,17.78,21.11,0.59,-56.96,3.7,126.5,0.0,81,0,272,17.78,0.588,-57.16,40.7992,0.0,0.0020000000000000018,0.19999999999999574,1.0009632541814546
top500,High asset turnover,long_only,vw,12,10,40.4669,17.73,21.11,0.588,-56.98,3.7,126.5,0.0,81,0,272,17.71,0.585,-57.18,40.2484,0.019999999999999574,0.0030000000000000027,0.20000000000000284,1.005428787231294
top500,High asset turnover,long_only,vw,12,20,40.0986,17.69,21.11,0.586,-57.0,3.7,126.5,0.0,81,0,272,17.64,0.582,-57.21,39.7048,0.05000000000000071,0.0040000000000000036,0.21000000000000085,1.00991819628861
top500,High asset turnover,long_only,vw,12,50,39.0126,17.54,21.12,0.58,-57.05,3.7,126.5,0.0,81,0,272,17.42,0.573,-57.29,38.1167,0.11999999999999744,0.007000000000000006,0.240000000000002,1.0235041333588688
top500,High asset turnover,long_only,vw,12,100,37.2642,17.31,21.13,0.571,-57.14,3.7,126.5,0.0,81,0,272,17.07,0.559,-57.42,35.6067,0.23999999999999844,0.0119999999999999,0.28000000000000114,1.046550227906546
top500,High sales growth,long_only,vw,1,0,21.5336,14.5,24.12,0.427,-68.39,12.9,124.7,0.0,77,0,272,14.5,0.427,-68.39,21.5336,0.0,0.0,0.0,1.0
top500,High sales growth,long_only,vw,1,10,20.8076,14.33,24.13,0.42,-68.46,12.9,124.7,0.0,77,0,272,14.33,0.42,-68.46,20.8076,0.0,0.0,0.0,1.0
top500,High sales growth,long_only,vw,1,20,20.1053,14.16,24.14,0.414,-68.53,12.9,124.7,0.0,77,0,272,14.16,0.414,-68.53,20.1053,0.0,0.0,0.0,1.0
top500,High sales growth,long_only,vw,1,50,18.1332,13.64,24.16,0.395,-68.74,12.9,124.7,0.0,77,0,272,13.64,0.395,-68.74,18.1332,0.0,0.0,0.0,1.0
top500,High sales growth,long_only,vw,1,100,15.2546,12.77,24.22,0.363,-69.08,12.9,124.7,0.0,77,0,272,12.77,0.363,-69.08,15.2546,0.0,0.0,0.0,1.0
top500,High sales growth,long_only,vw,2,0,21.628,14.52,24.08,0.428,-68.51,12.3,124.8,0.0,77,0,272,14.5,0.427,-68.39,21.5336,0.019999999999999574,0.0010000000000000009,-0.12000000000000455,1.0043838466396702
top500,High sales growth,long_only,vw,2,10,20.9338,14.36,24.09,0.422,-68.58,12.3,124.8,0.0,77,0,272,14.33,0.42,-68.46,20.8076,0.02999999999999936,0.0020000000000000018,-0.12000000000000455,1.0060650916011458
top500,High sales growth,long_only,vw,2,20,20.2611,14.19,24.09,0.416,-68.64,12.3,124.8,0.0,77,0,272,14.16,0.414,-68.53,20.1053,0.02999999999999936,0.0020000000000000018,-0.10999999999999943,1.0077492004595803
top500,High sales growth,long_only,vw,2,50,18.3657,13.7,24.12,0.397,-68.84,12.3,124.8,0.0,77,0,272,13.64,0.395,-68.74,18.1332,0.05999999999999872,0.0020000000000000018,-0.10000000000000853,1.012821785454305
top500,High sales growth,long_only,vw,2,100,15.5799,12.88,24.17,0.367,-69.16,12.3,124.8,0.0,77,0,272,12.77,0.363,-69.08,15.2546,0.11000000000000121,0.0040000000000000036,-0.0799999999999983,1.0213247151678837
top500,High sales growth,long_only,vw,3,0,21.6005,14.52,24.04,0.428,-68.17,11.9,124.8,0.0,77,0,272,14.5,0.427,-68.39,21.5336,0.019999999999999574,0.0010000000000000009,0.21999999999999886,1.003106772671546
top500,High sales growth,long_only,vw,3,10,20.927,14.36,24.05,0.422,-68.24,11.9,124.8,0.0,77,0,272,14.33,0.42,-68.46,20.8076,0.02999999999999936,0.0020000000000000018,0.21999999999999886,1.005738287933255
top500,High sales growth,long_only,vw,3,20,20.2736,14.2,24.05,0.416,-68.3,11.9,124.8,0.0,77,0,272,14.16,0.414,-68.53,20.1053,0.03999999999999915,0.0020000000000000018,0.23000000000000398,1.0083709270689818
top500,High sales growth,long_only,vw,3,50,18.429,13.72,24.08,0.398,-68.49,11.9,124.8,0.0,77,0,272,13.64,0.395,-68.74,18.1332,0.08000000000000007,0.0030000000000000027,0.25,1.0163126199457349
top500,High sales growth,long_only,vw,3,100,15.7075,12.92,24.14,0.369,-68.81,11.9,124.8,0.0,77,0,272,12.77,0.363,-69.08,15.2546,0.15000000000000036,0.006000000000000005,0.269999999999996,1.0296894051630328
top500,High sales growth,long_only,vw,4,0,21.4371,14.48,24.07,0.426,-68.3,11.7,124.9,0.0,77,0,272,14.5,0.427,-68.39,21.5336,-0.019999999999999574,-0.0010000000000000009,0.09000000000000341,0.9955186313482186
top500,High sales growth,long_only,vw,4,10,20.7839,14.32,24.07,0.42,-68.36,11.7,124.9,0.0,77,0,272,14.33,0.42,-68.46,20.8076,-0.009999999999999787,0.0,0.09999999999999432,0.9988609930986754
top500,High sales growth,long_only,vw,4,20,20.1498,14.17,24.08,0.415,-68.43,11.7,124.9,0.0,77,0,272,14.16,0.414,-68.53,20.1053,0.009999999999999787,0.0010000000000000009,0.09999999999999432,1.0022133467294694
top500,High sales growth,long_only,vw,4,50,18.3568,13.7,24.11,0.397,-68.61,11.7,124.9,0.0,77,0,272,13.64,0.395,-68.74,18.1332,0.05999999999999872,0.0020000000000000018,0.12999999999999545,1.0123309730218606
top500,High sales growth,long_only,vw,4,100,15.7035,12.92,24.17,0.368,-68.91,11.7,124.9,0.0,77,0,272,12.77,0.363,-69.08,15.2546,0.15000000000000036,0.0050000000000000044,0.1700000000000017,1.029427189175724
top500,High sales growth,long_only,vw,5,0,21.7518,14.55,24.16,0.428,-68.21,11.5,124.8,0.0,77,0,272,14.5,0.427,-68.39,21.5336,0.05000000000000071,0.0010000000000000009,0.18000000000000682,1.0101330014488985
top500,High sales growth,long_only,vw,5,10,21.0969,14.4,24.17,0.422,-68.26,11.5,124.8,0.0,77,0,272,14.33,0.42,-68.46,20.8076,0.07000000000000028,0.0020000000000000018,0.19999999999998863,1.0139035736942272
top500,High sales growth,long_only,vw,5,20,20.4609,14.24,24.18,0.416,-68.32,11.5,124.8,0.0,77,0,272,14.16,0.414,-68.53,20.1053,0.08000000000000007,0.0020000000000000018,0.21000000000000796,1.0176868785842539
top500,High sales growth,long_only,vw,5,50,18.6612,13.78,24.21,0.399,-68.49,11.5,124.8,0.0,77,0,272,13.64,0.395,-68.74,18.1332,0.1399999999999988,0.0040000000000000036,0.25,1.0291178611607439
top500,High sales growth,long_only,vw,5,100,15.9936,13.01,24.28,0.371,-68.77,11.5,124.8,0.0,77,0,272,12.77,0.363,-69.08,15.2546,0.2400000000000002,0.008000000000000007,0.3100000000000023,1.048444403655291
top500,High sales growth,long_only,vw,6,0,21.2826,14.44,24.05,0.425,-68.33,11.4,125.0,0.0,77,0,272,14.5,0.427,-68.39,21.5336,-0.0600000000000005,-0.0020000000000000018,0.060000000000002274,0.9883437976000297
top500,High sales growth,long_only,vw,6,10,20.6503,14.29,24.06,0.419,-68.38,11.4,125.0,0.0,77,0,272,14.33,0.42,-68.46,20.8076,-0.040000000000000924,-0.0010000000000000009,0.0799999999999983,0.9924402622118842
top500,High sales growth,long_only,vw,6,20,20.036,14.14,24.06,0.414,-68.44,11.4,125.0,0.0,77,0,272,14.16,0.414,-68.53,20.1053,-0.019999999999999574,0.0,0.09000000000000341,0.9965531476774782
top500,High sales growth,long_only,vw,6,50,18.2962,13.68,24.09,0.397,-68.61,11.4,125.0,0.0,77,0,272,13.64,0.395,-68.74,18.1332,0.03999999999999915,0.0020000000000000018,0.12999999999999545,1.0089890366840932
top500,High sales growth,long_only,vw,6,100,15.7131,12.92,24.14,0.369,-68.89,11.4,125.0,0.0,77,0,272,12.77,0.363,-69.08,15.2546,0.15000000000000036,0.006000000000000005,0.18999999999999773,1.030056507545265
top500,High sales growth,long_only,vw,7,0,22.466,14.72,24.22,0.433,-69.39,11.3,125.2,0.0,77,0,272,14.5,0.427,-68.39,21.5336,0.22000000000000064,0.006000000000000005,-1.0,1.0432997733774196
top500,High sales growth,long_only,vw,7,10,21.8009,14.56,24.23,0.427,-69.43,11.3,125.2,0.0,77,0,272,14.33,0.42,-68.46,20.8076,0.23000000000000043,0.007000000000000006,-0.9700000000000131,1.047737365193487
top500,High sales growth,long_only,vw,7,20,21.1546,14.41,24.25,0.421,-69.47,11.3,125.2,0.0,77,0,272,14.16,0.414,-68.53,20.1053,0.25,0.007000000000000006,-0.9399999999999977,1.0521902184995995
top500,High sales growth,long_only,vw,7,50,19.3241,13.96,24.28,0.405,-69.6,11.3,125.2,0.0,77,0,272,13.64,0.395,-68.74,18.1332,0.3200000000000003,0.010000000000000009,-0.8599999999999994,1.0656751152582007
top500,High sales growth,long_only,vw,7,100,16.6051,13.2,24.36,0.376,-69.8,11.3,125.2,0.0,77,0,272,12.77,0.363,-69.08,15.2546,0.4299999999999997,0.013000000000000012,-0.7199999999999989,1.0885306727151154
top500,High sales growth,long_only,vw,8,0,22.2459,14.67,23.64,0.436,-67.88,11.2,124.8,0.0,77,0,272,14.5,0.427,-68.39,21.5336,0.16999999999999993,0.009000000000000008,0.5100000000000051,1.033078537727087
top500,High sales growth,long_only,vw,8,10,21.5986,14.52,23.65,0.43,-67.92,11.2,124.8,0.0,77,0,272,14.33,0.42,-68.46,20.8076,0.1899999999999995,0.010000000000000009,0.539999999999992,1.0380149560737424
top500,High sales growth,long_only,vw,8,20,20.9693,14.37,23.66,0.425,-67.97,11.2,124.8,0.0,77,0,272,14.16,0.414,-68.53,20.1053,0.20999999999999908,0.01100000000000001,0.5600000000000023,1.0429737432418318
top500,High sales growth,long_only,vw,8,50,19.1848,13.92,23.69,0.408,-68.09,11.2,124.8,0.0,77,0,272,13.64,0.395,-68.74,18.1332,0.27999999999999936,0.012999999999999956,0.6499999999999915,1.0579930734784815
top500,High sales growth,long_only,vw,8,100,16.5287,13.17,23.75,0.379,-68.3,11.2,124.8,0.0,77,0,272,12.77,0.363,-69.08,15.2546,0.40000000000000036,0.016000000000000014,0.7800000000000011,1.0835223473575184
top500,High sales growth,long_only,vw,9,0,22.6895,14.77,24.13,0.435,-68.12,11.2,125.6,0.0,77,0,272,14.5,0.427,-68.39,21.5336,0.2699999999999996,0.008000000000000007,0.269999999999996,1.0536789018092654
top500,High sales growth,long_only,vw,9,10,22.044,14.62,24.12,0.43,-68.19,11.2,125.6,0.0,77,0,272,14.33,0.42,-68.46,20.8076,0.28999999999999915,0.010000000000000009,0.269999999999996,1.0594205963205752
top500,High sales growth,long_only,vw,9,20,21.416,14.47,24.12,0.425,-68.27,11.2,125.6,0.0,77,0,272,14.16,0.414,-68.53,20.1053,0.3100000000000005,0.01100000000000001,0.2600000000000051,1.065191765355404
top500,High sales growth,long_only,vw,9,50,19.633,14.04,24.1,0.409,-68.49,11.2,125.6,0.0,77,0,272,13.64,0.395,-68.74,18.1332,0.3999999999999986,0.013999999999999957,0.25,1.082710166986522
top500,High sales growth,long_only,vw,9,100,16.9723,13.31,24.1,0.382,-68.86,11.2,125.6,0.0,77,0,272,12.77,0.363,-69.08,15.2546,0.5400000000000009,0.019000000000000017,0.21999999999999886,1.1126021003500584
top500,High sales growth,long_only,vw,10,0,20.8719,14.34,24.14,0.421,-68.14,11.1,125.4,0.0,77,0,272,14.5,0.427,-68.39,21.5336,-0.16000000000000014,-0.006000000000000005,0.25,0.9692712783742616
top500,High sales growth,long_only,vw,10,10,20.2737,14.2,24.14,0.416,-68.19,11.1,125.4,0.0,77,0,272,14.33,0.42,-68.46,20.8076,-0.13000000000000078,-0.0040000000000000036,0.269999999999996,0.9743411061342971
top500,High sales growth,long_only,vw,10,20,19.692,14.05,24.14,0.41,-68.25,11.1,125.4,0.0,77,0,272,14.16,0.414,-68.53,20.1053,-0.10999999999999943,-0.0040000000000000036,0.28000000000000114,0.9794432313867488
top500,High sales growth,long_only,vw,10,50,18.0407,13.61,24.14,0.394,-68.41,11.1,125.4,0.0,77,0,272,13.64,0.395,-68.74,18.1332,-0.030000000000001137,-0.0010000000000000009,0.3299999999999983,0.994898859550438
top500,High sales growth,long_only,vw,10,100,15.5783,12.88,24.16,0.367,-68.69,11.1,125.4,0.0,77,0,272,12.77,0.363,-69.08,15.2546,0.11000000000000121,0.0040000000000000036,0.39000000000000057,1.0212198287729604
top500,High sales growth,long_only,vw,11,0,23.8414,15.02,24.18,0.444,-66.18,11.1,124.5,0.0,77,0,272,14.5,0.427,-68.39,21.5336,0.5199999999999996,0.017000000000000015,2.2099999999999937,1.1071720474049858
top500,High sales growth,long_only,vw,11,10,23.1705,14.87,24.18,0.439,-66.22,11.1,124.5,0.0,77,0,272,14.33,0.42,-68.46,20.8076,0.5399999999999991,0.019000000000000017,2.239999999999995,1.1135594686556836
top500,High sales growth,long_only,vw,11,20,22.5176,14.73,24.17,0.434,-66.27,11.1,124.5,0.0,77,0,272,14.16,0.414,-68.53,20.1053,0.5700000000000003,0.020000000000000018,2.260000000000005,1.1199832879887395
top500,High sales growth,long_only,vw,11,50,20.6626,14.29,24.16,0.418,-66.4,11.1,124.5,0.0,77,0,272,13.64,0.395,-68.74,18.1332,0.6499999999999986,0.022999999999999965,2.339999999999989,1.1394899962499725
top500,High sales growth,long_only,vw,11,100,17.8905,13.57,24.15,0.392,-66.62,11.1,124.5,0.0,77,0,272,12.77,0.363,-69.08,15.2546,0.8000000000000007,0.029000000000000026,2.4599999999999937,1.172793780236781
top500,High sales growth,long_only,vw,12,0,21.6637,14.53,24.02,0.429,-68.28,11.0,125.2,0.0,77,0,272,14.5,0.427,-68.39,21.5336,0.02999999999999936,0.0020000000000000018,0.10999999999999943,1.0060417208455623
top500,High sales growth,long_only,vw,12,10,21.0433,14.39,24.03,0.423,-68.34,11.0,125.2,0.0,77,0,272,14.33,0.42,-68.46,20.8076,0.0600000000000005,0.0030000000000000027,0.11999999999999034,1.0113275918414424
top500,High sales growth,long_only,vw,12,20,20.4399,14.24,24.03,0.418,-68.39,11.0,125.2,0.0,77,0,272,14.16,0.414,-68.53,20.1053,0.08000000000000007,0.0040000000000000036,0.14000000000000057,1.0166423778804594
top500,High sales growth,long_only,vw,12,50,18.7272,13.8,24.06,0.401,-68.56,11.0,125.2,0.0,77,0,272,13.64,0.395,-68.74,18.1332,0.16000000000000014,0.006000000000000005,0.1799999999999926,1.0327575938058369
top500,High sales growth,long_only,vw,12,100,16.1726,13.07,24.12,0.374,-68.84,11.0,125.2,0.0,77,0,272,12.77,0.363,-69.08,15.2546,0.3000000000000007,0.01100000000000001,0.23999999999999488,1.0601785690873573
top500,Conservative accruals,long_only,vw,1,0,22.4299,14.71,25.84,0.422,-59.33,9.8,142.6,0.0,142,0,272,14.71,0.422,-59.33,22.4299,0.0,0.0,0.0,1.0
top500,Conservative accruals,long_only,vw,1,10,21.8615,14.58,25.84,0.417,-59.38,9.8,142.6,0.0,142,0,272,14.58,0.417,-59.38,21.8615,0.0,0.0,0.0,1.0
top500,Conservative accruals,long_only,vw,1,20,21.3071,14.45,25.84,0.413,-59.43,9.8,142.6,0.0,142,0,272,14.45,0.413,-59.43,21.3071,0.0,0.0,0.0,1.0
top500,Conservative accruals,long_only,vw,1,50,19.7245,14.06,25.85,0.399,-59.58,9.8,142.6,0.0,142,0,272,14.06,0.399,-59.58,19.7245,0.0,0.0,0.0,1.0
top500,Conservative accruals,long_only,vw,1,100,17.3371,13.41,25.87,0.377,-59.82,9.8,142.6,0.0,142,0,272,13.41,0.377,-59.82,17.3371,0.0,0.0,0.0,1.0
top500,Conservative accruals,long_only,vw,2,0,22.1712,14.65,25.82,0.42,-59.41,9.1,142.6,0.0,142,0,272,14.71,0.422,-59.33,22.4299,-0.0600000000000005,-0.0020000000000000018,-0.0799999999999983,0.9884662883026674
top500,Conservative accruals,long_only,vw,2,10,21.6501,14.53,25.82,0.416,-59.46,9.1,142.6,0.0,142,0,272,14.58,0.417,-59.38,21.8615,-0.05000000000000071,-0.0010000000000000009,-0.0799999999999983,0.9903300322484733
top500,Conservative accruals,long_only,vw,2,20,21.1408,14.41,25.82,0.411,-59.5,9.1,142.6,0.0,142,0,272,14.45,0.413,-59.43,21.3071,-0.03999999999999915,-0.0020000000000000018,-0.07000000000000028,0.9921950898996109
top500,Conservative accruals,long_only,vw,2,50,19.6814,14.05,25.83,0.399,-59.63,9.1,142.6,0.0,142,0,272,14.06,0.399,-59.58,19.7245,-0.009999999999999787,0.0,-0.05000000000000426,0.997814900250957
top500,Conservative accruals,long_only,vw,2,100,17.4628,13.45,25.85,0.378,-59.84,9.1,142.6,0.0,142,0,272,13.41,0.377,-59.82,17.3371,0.03999999999999915,0.0010000000000000009,-0.020000000000003126,1.0072503475206351
top500,Conservative accruals,long_only,vw,3,0,22.6461,14.76,25.79,0.424,-59.23,8.9,142.7,0.0,142,0,272,14.71,0.422,-59.33,22.4299,0.049999999999998934,0.0020000000000000018,0.10000000000000142,1.0096389194780182
top500,Conservative accruals,long_only,vw,3,10,22.1293,14.64,25.79,0.42,-59.27,8.9,142.7,0.0,142,0,272,14.58,0.417,-59.38,21.8615,0.0600000000000005,0.0030000000000000027,0.10999999999999943,1.0122498456190105
top500,Conservative accruals,long_only,vw,3,20,21.6238,14.52,25.79,0.416,-59.32,8.9,142.7,0.0,142,0,272,14.45,0.413,-59.43,21.3071,0.07000000000000028,0.0030000000000000027,0.10999999999999943,1.0148635900709153
top500,Conservative accruals,long_only,vw,3,50,20.1734,14.17,25.8,0.404,-59.45,8.9,142.7,0.0,142,0,272,14.06,0.399,-59.58,19.7245,0.10999999999999943,0.0050000000000000044,0.12999999999999545,1.0227584983142792
top500,Conservative accruals,long_only,vw,3,100,17.962,13.59,25.82,0.383,-59.67,8.9,142.7,0.0,142,0,272,13.41,0.377,-59.82,17.3371,0.17999999999999972,0.006000000000000005,0.14999999999999858,1.0360440904188128
top500,Conservative accruals,long_only,vw,4,0,22.3976,14.7,25.79,0.422,-59.34,8.6,142.8,0.0,143,0,272,14.71,0.422,-59.33,22.4299,-0.010000000000001563,0.0,-0.010000000000005116,0.9985599579133211
top500,Conservative accruals,long_only,vw,4,10,21.9043,14.59,25.79,0.418,-59.38,8.6,142.8,0.0,143,0,272,14.58,0.417,-59.38,21.8615,0.009999999999999787,0.0010000000000000009,0.0,1.0019577796583035
top500,Conservative accruals,long_only,vw,4,20,21.4216,14.48,25.8,0.414,-59.43,8.6,142.8,0.0,143,0,272,14.45,0.413,-59.43,21.3071,0.030000000000001137,0.0010000000000000009,0.0,1.0053737955892639
top500,Conservative accruals,long_only,vw,4,50,20.0338,14.14,25.81,0.402,-59.55,8.6,142.8,0.0,143,0,272,14.06,0.399,-59.58,19.7245,0.08000000000000007,0.0030000000000000027,0.030000000000001137,1.0156810058556618
top500,Conservative accruals,long_only,vw,4,100,17.9108,13.58,25.83,0.383,-59.77,8.6,142.8,0.0,143,0,272,13.41,0.377,-59.82,17.3371,0.16999999999999993,0.006000000000000005,0.04999999999999716,1.0330908860189996
top500,Conservative accruals,long_only,vw,5,0,25.6714,15.39,25.41,0.449,-59.34,8.5,142.5,0.0,142,0,272,14.71,0.422,-59.33,22.4299,0.6799999999999997,0.027000000000000024,-0.010000000000005116,1.1445169171507674
top500,Conservative accruals,long_only,vw,5,10,25.1115,15.28,25.41,0.445,-59.38,8.5,142.5,0.0,142,0,272,14.58,0.417,-59.38,21.8615,0.6999999999999993,0.028000000000000025,0.0,1.1486631749879925
top500,Conservative accruals,long_only,vw,5,20,24.5634,15.17,25.41,0.441,-59.42,8.5,142.5,0.0,142,0,272,14.45,0.413,-59.43,21.3071,0.7200000000000006,0.028000000000000025,0.00999999999999801,1.1528269919416534
top500,Conservative accruals,long_only,vw,5,50,22.987,14.83,25.43,0.429,-59.54,8.5,142.5,0.0,142,0,272,14.06,0.399,-59.58,19.7245,0.7699999999999996,0.02999999999999997,0.03999999999999915,1.1654034322796523
top500,Conservative accruals,long_only,vw,5,100,20.5733,14.27,25.46,0.41,-59.75,8.5,142.5,0.0,142,0,272,13.41,0.377,-59.82,17.3371,0.8599999999999994,0.032999999999999974,0.07000000000000028,1.1866632827866253
top500,Conservative accruals,long_only,vw,6,0,23.217,14.88,25.76,0.428,-59.27,8.3,142.9,0.0,142,0,272,14.71,0.422,-59.33,22.4299,0.16999999999999993,0.006000000000000005,0.05999999999999517,1.0350915519017025
top500,Conservative accruals,long_only,vw,6,10,22.7211,14.77,25.76,0.424,-59.31,8.3,142.9,0.0,142,0,272,14.58,0.417,-59.38,21.8615,0.1899999999999995,0.007000000000000006,0.07000000000000028,1.0393202662214396
top500,Conservative accruals,long_only,vw,6,20,22.2354,14.66,25.76,0.421,-59.35,8.3,142.9,0.0,142,0,272,14.45,0.413,-59.43,21.3071,0.21000000000000085,0.008000000000000007,0.0799999999999983,1.0435676370787204
top500,Conservative accruals,long_only,vw,6,50,20.8373,14.34,25.77,0.409,-59.48,8.3,142.9,0.0,142,0,272,14.06,0.399,-59.58,19.7245,0.27999999999999936,0.009999999999999953,0.10000000000000142,1.05641714618875
top500,Conservative accruals,long_only,vw,6,100,18.6924,13.79,25.79,0.39,-59.68,8.3,142.9,0.0,142,0,272,13.41,0.377,-59.82,17.3371,0.379999999999999,0.013000000000000012,0.14000000000000057,1.0781733969348968
top500,Conservative accruals,long_only,vw,7,0,26.5275,15.56,25.46,0.454,-60.27,8.3,142.6,0.0,143,0,272,14.71,0.422,-59.33,22.4299,0.8499999999999996,0.03200000000000003,-0.9400000000000048,1.18268471994971
top500,Conservative accruals,long_only,vw,7,10,25.962,15.45,25.47,0.45,-60.27,8.3,142.6,0.0,143,0,272,14.58,0.417,-59.38,21.8615,0.8699999999999992,0.03300000000000003,-0.8900000000000006,1.1875671843194657
top500,Conservative accruals,long_only,vw,7,20,25.408,15.34,25.47,0.446,-60.28,8.3,142.6,0.0,143,0,272,14.45,0.413,-59.43,21.3071,0.8900000000000006,0.03300000000000003,-0.8500000000000014,1.1924663609782655
top500,Conservative accruals,long_only,vw,7,50,23.8133,15.01,25.49,0.435,-60.29,8.3,142.6,0.0,143,0,272,14.06,0.399,-59.58,19.7245,0.9499999999999993,0.035999999999999976,-0.7100000000000009,1.2072954954498214
top500,Conservative accruals,long_only,vw,7,100,21.3662,14.46,25.53,0.415,-60.31,8.3,142.6,0.0,143,0,272,13.41,0.377,-59.82,17.3371,1.0500000000000007,0.03799999999999998,-0.490000000000002,1.2323975751423248
top500,Conservative accruals,long_only,vw,8,0,27.1378,15.68,25.89,0.454,-60.1,8.2,142.7,0.0,143,0,272,14.71,0.422,-59.33,22.4299,0.9699999999999989,0.03200000000000003,-0.7700000000000031,1.2098939362190646
top500,Conservative accruals,long_only,vw,8,10,26.5692,15.57,25.9,0.45,-60.1,8.2,142.7,0.0,143,0,272,14.58,0.417,-59.38,21.8615,0.9900000000000002,0.03300000000000003,-0.7199999999999989,1.2153420396587609
top500,Conservative accruals,long_only,vw,8,20,26.012,15.46,25.9,0.446,-60.1,8.2,142.7,0.0,143,0,272,14.45,0.413,-59.43,21.3071,1.0100000000000016,0.03300000000000003,-0.6700000000000017,1.2208137193705386
top500,Conservative accruals,long_only,vw,8,50,24.4066,15.14,25.91,0.435,-60.11,8.2,142.7,0.0,143,0,272,14.06,0.399,-59.58,19.7245,1.08,0.035999999999999976,-0.5300000000000011,1.2373748383989456
top500,Conservative accruals,long_only,vw,8,100,21.9396,14.6,25.94,0.417,-60.12,8.2,142.7,0.0,143,0,272,13.41,0.377,-59.82,17.3371,1.1899999999999995,0.03999999999999998,-0.29999999999999716,1.2654711572292943
top500,Conservative accruals,long_only,vw,9,0,27.9666,15.83,25.23,0.464,-58.39,8.1,142.2,0.0,142,0,272,14.71,0.422,-59.33,22.4299,1.1199999999999992,0.04200000000000004,0.9399999999999977,1.2468446136630122
top500,Conservative accruals,long_only,vw,9,10,27.3998,15.73,25.22,0.46,-58.42,8.1,142.2,0.0,142,0,272,14.58,0.417,-59.38,21.8615,1.1500000000000004,0.04300000000000004,0.9600000000000009,1.2533357729341537
top500,Conservative accruals,long_only,vw,9,20,26.844,15.62,25.22,0.457,-58.45,8.1,142.2,0.0,142,0,272,14.45,0.413,-59.43,21.3071,1.17,0.04400000000000004,0.9799999999999969,1.259861736228769
top500,Conservative accruals,long_only,vw,9,50,25.2405,15.31,25.21,0.446,-58.54,8.1,142.2,0.0,142,0,272,14.06,0.399,-59.58,19.7245,1.25,0.046999999999999986,1.0399999999999991,1.2796522091814748
top500,Conservative accruals,long_only,vw,9,100,22.7694,14.78,25.2,0.428,-58.7,8.1,142.2,0.0,142,0,272,13.41,0.377,-59.82,17.3371,1.3699999999999992,0.05099999999999999,1.1199999999999974,1.313333833224703
top500,Conservative accruals,long_only,vw,10,0,28.9188,16.0,25.12,0.471,-59.37,8.1,142.4,0.0,142,0,272,14.71,0.422,-59.33,22.4299,1.2899999999999991,0.04899999999999999,-0.03999999999999915,1.2892968760449222
top500,Conservative accruals,long_only,vw,10,10,28.3196,15.89,25.12,0.468,-59.41,8.1,142.4,0.0,142,0,272,14.58,0.417,-59.38,21.8615,1.3100000000000005,0.051000000000000045,-0.02999999999999403,1.2954097385815246
top500,Conservative accruals,long_only,vw,10,20,27.7322,15.79,25.12,0.464,-59.45,8.1,142.4,0.0,142,0,272,14.45,0.413,-59.43,21.3071,1.3399999999999999,0.051000000000000045,-0.020000000000003126,1.3015473715334325
top500,Conservative accruals,long_only,vw,10,50,26.0391,15.47,25.12,0.453,-59.57,8.1,142.4,0.0,142,0,272,14.06,0.399,-59.58,19.7245,1.4100000000000001,0.05399999999999999,0.00999999999999801,1.320139927501331
top500,Conservative accruals,long_only,vw,10,100,23.4346,14.93,25.14,0.434,-59.77,8.1,142.4,0.0,142,0,272,13.41,0.377,-59.82,17.3371,1.5199999999999996,0.056999999999999995,0.04999999999999716,1.3517024185129
top500,Conservative accruals,long_only,vw,11,0,29.4999,16.1,25.2,0.474,-58.96,8.1,142.2,0.0,143,0,272,14.71,0.422,-59.33,22.4299,1.3900000000000006,0.05199999999999999,0.36999999999999744,1.315204258601242
top500,Conservative accruals,long_only,vw,11,10,28.9032,16.0,25.2,0.47,-59.0,8.1,142.2,0.0,143,0,272,14.58,0.417,-59.38,21.8615,1.42,0.05299999999999999,0.38000000000000256,1.3221050705578299
top500,Conservative accruals,long_only,vw,11,20,28.318,15.89,25.19,0.466,-59.04,8.1,142.2,0.0,143,0,272,14.45,0.413,-59.43,21.3071,1.4400000000000013,0.05300000000000005,0.39000000000000057,1.329040554556932
top500,Conservative accruals,long_only,vw,11,50,26.6295,15.58,25.18,0.456,-59.15,8.1,142.2,0.0,143,0,272,14.06,0.399,-59.58,19.7245,1.5199999999999996,0.056999999999999995,0.4299999999999997,1.3500722451773177
top500,Conservative accruals,long_only,vw,11,100,24.0267,15.06,25.17,0.437,-59.35,8.1,142.2,0.0,143,0,272,13.41,0.377,-59.82,17.3371,1.6500000000000004,0.06,0.46999999999999886,1.3858546123630828
top500,Conservative accruals,long_only,vw,12,0,23.3544,14.91,25.72,0.429,-59.25,7.9,143.3,0.0,143,0,272,14.71,0.422,-59.33,22.4299,0.1999999999999993,0.007000000000000006,0.0799999999999983,1.04121730368838
top500,Conservative accruals,long_only,vw,12,10,22.8793,14.81,25.72,0.426,-59.29,7.9,143.3,0.0,143,0,272,14.58,0.417,-59.38,21.8615,0.23000000000000043,0.009000000000000008,0.09000000000000341,1.0465567321547011
top500,Conservative accruals,long_only,vw,12,20,22.4133,14.7,25.72,0.422,-59.33,7.9,143.3,0.0,143,0,272,14.45,0.413,-59.43,21.3071,0.25,0.009000000000000008,0.10000000000000142,1.0519169666449213
top500,Conservative accruals,long_only,vw,12,50,21.0691,14.39,25.73,0.411,-59.45,7.9,143.3,0.0,143,0,272,14.06,0.399,-59.58,19.7245,0.33000000000000007,0.011999999999999955,0.12999999999999545,1.0681690283657381
top500,Conservative accruals,long_only,vw,12,100,18.9979,13.87,25.75,0.393,-59.65,7.9,143.3,0.0,143,0,272,13.41,0.377,-59.82,17.3371,0.4599999999999991,0.016000000000000014,0.1700000000000017,1.095794567718938
top500,Low volatility,long_only,vw,1,0,33.4175,16.74,18.86,0.59,-52.66,24.1,145.8,0.0,146,0,272,16.74,0.59,-52.66,33.4175,0.0,0.0,0.0,1.0
top500,Low volatility,long_only,vw,1,10,31.3489,16.42,18.86,0.575,-52.81,24.1,145.8,0.0,146,0,272,16.42,0.575,-52.81,31.3489,0.0,0.0,0.0,1.0
top500,Low volatility,long_only,vw,1,20,29.4077,16.09,18.86,0.56,-52.96,24.1,145.8,0.0,146,0,272,16.09,0.56,-52.96,29.4077,0.0,0.0,0.0,1.0
top500,Low volatility,long_only,vw,1,50,24.2735,15.11,18.85,0.514,-53.4,24.1,145.8,0.0,146,0,272,15.11,0.514,-53.4,24.2735,0.0,0.0,0.0,1.0
top500,Low volatility,long_only,vw,1,100,17.6237,13.49,18.85,0.439,-54.13,24.1,145.8,0.0,146,0,272,13.49,0.439,-54.13,17.6237,0.0,0.0,0.0,1.0
top500,Low volatility,long_only,vw,2,0,33.777,16.8,18.92,0.591,-52.89,18.0,145.0,0.0,146,0,272,16.74,0.59,-52.66,33.4175,0.060000000000002274,0.0010000000000000009,-0.23000000000000398,1.0107578364629313
top500,Low volatility,long_only,vw,2,10,32.2127,16.55,18.91,0.58,-52.98,18.0,145.0,0.0,146,0,272,16.42,0.575,-52.81,31.3489,0.129999999999999,0.0050000000000000044,-0.1699999999999946,1.0275543958480202
top500,Low volatility,long_only,vw,2,20,30.7203,16.31,18.91,0.569,-53.07,18.0,145.0,0.0,146,0,272,16.09,0.56,-52.96,29.4077,0.21999999999999886,0.008999999999999897,-0.10999999999999943,1.0446345684973664
top500,Low volatility,long_only,vw,2,50,26.6424,15.58,18.91,0.535,-53.35,18.0,145.0,0.0,146,0,272,15.11,0.514,-53.4,24.2735,0.47000000000000064,0.02100000000000002,0.04999999999999716,1.0975920242239479
top500,Low volatility,long_only,vw,2,100,21.0051,14.38,18.91,0.479,-53.8,18.0,145.0,0.0,146,0,272,13.49,0.439,-54.13,17.6237,0.8900000000000006,0.03999999999999998,0.3300000000000054,1.1918666341347164
top500,Low volatility,long_only,vw,3,0,34.9128,16.97,18.65,0.604,-51.24,15.1,144.2,0.0,146,0,272,16.74,0.59,-52.66,33.4175,0.23000000000000043,0.014000000000000012,1.4199999999999946,1.0447460163088202
top500,Low volatility,long_only,vw,3,10,33.5551,16.77,18.65,0.595,-51.34,15.1,144.2,0.0,146,0,272,16.42,0.575,-52.81,31.3489,0.34999999999999787,0.020000000000000018,1.4699999999999989,1.070375675063559
top500,Low volatility,long_only,vw,3,20,32.2495,16.56,18.65,0.585,-51.44,15.1,144.2,0.0,146,0,272,16.09,0.56,-52.96,29.4077,0.46999999999999886,0.02499999999999991,1.5200000000000031,1.0966345548954866
top500,Low volatility,long_only,vw,3,50,28.6265,15.95,18.66,0.557,-51.75,15.1,144.2,0.0,146,0,272,15.11,0.514,-53.4,24.2735,0.8399999999999999,0.04300000000000004,1.6499999999999986,1.1793313696005934
top500,Low volatility,long_only,vw,3,100,23.4608,14.94,18.67,0.509,-52.25,15.1,144.2,0.0,146,0,272,13.49,0.439,-54.13,17.6237,1.4499999999999993,0.07,1.8800000000000026,1.3312074082059953
top500,Low volatility,long_only,vw,4,0,35.5235,17.06,18.88,0.604,-52.49,12.9,143.2,0.0,146,0,272,16.74,0.59,-52.66,33.4175,0.3200000000000003,0.014000000000000012,0.1699999999999946,1.063020872297449
top500,Low volatility,long_only,vw,4,10,34.3345,16.88,18.89,0.595,-52.59,12.9,143.2,0.0,146,0,272,16.42,0.575,-52.81,31.3489,0.4599999999999973,0.020000000000000018,0.21999999999999886,1.095237791437658
top500,Low volatility,long_only,vw,4,20,33.1847,16.71,18.9,0.587,-52.68,12.9,143.2,0.0,146,0,272,16.09,0.56,-52.96,29.4077,0.620000000000001,0.026999999999999913,0.28000000000000114,1.1284357498206252
top500,Low volatility,long_only,vw,4,50,29.9579,16.18,18.93,0.562,-52.95,12.9,143.2,0.0,146,0,272,15.11,0.514,-53.4,24.2735,1.0700000000000003,0.04800000000000004,0.44999999999999574,1.2341813088347375
top500,Low volatility,long_only,vw,4,100,25.2527,15.31,18.99,0.521,-53.4,12.9,143.2,0.0,146,0,272,13.49,0.439,-54.13,17.6237,1.8200000000000003,0.08200000000000002,0.730000000000004,1.4328829927881206
top500,Low volatility,long_only,vw,5,0,38.2732,17.44,18.94,0.619,-49.65,12.1,146.0,0.0,146,0,272,16.74,0.59,-52.66,33.4175,0.7000000000000028,0.029000000000000026,3.009999999999998,1.1453041071294983
top500,Low volatility,long_only,vw,5,10,37.0942,17.28,18.94,0.612,-49.73,12.1,146.0,0.0,146,0,272,16.42,0.575,-52.81,31.3489,0.8599999999999994,0.03700000000000003,3.0800000000000054,1.1832695884066107
top500,Low volatility,long_only,vw,5,20,35.9508,17.12,18.93,0.605,-49.8,12.1,146.0,0.0,146,0,272,16.09,0.56,-52.96,29.4077,1.0300000000000011,0.04499999999999993,3.1600000000000037,1.2224961489677875
top500,Low volatility,long_only,vw,5,50,32.7241,16.64,18.93,0.583,-50.03,12.1,146.0,0.0,146,0,272,15.11,0.514,-53.4,24.2735,1.5300000000000011,0.06899999999999995,3.3699999999999974,1.3481409767853834
top500,Low volatility,long_only,vw,5,100,27.9661,15.83,18.92,0.546,-50.4,12.1,146.0,0.0,146,0,272,13.49,0.439,-54.13,17.6237,2.34,0.10700000000000004,3.730000000000004,1.5868461219834655
top500,Low volatility,long_only,vw,6,0,38.7936,17.51,18.73,0.628,-51.51,10.9,141.7,0.0,146,0,272,16.74,0.59,-52.66,33.4175,0.7700000000000031,0.038000000000000034,1.1499999999999986,1.1608767861150595
top500,Low volatility,long_only,vw,6,10,37.7148,17.37,18.72,0.621,-51.57,10.9,141.7,0.0,146,0,272,16.42,0.575,-52.81,31.3489,0.9499999999999993,0.04600000000000004,1.240000000000002,1.2030661362918633
top500,Low volatility,long_only,vw,6,20,36.6653,17.22,18.72,0.615,-51.64,10.9,141.7,0.0,146,0,272,16.09,0.56,-52.96,29.4077,1.129999999999999,0.05499999999999994,1.3200000000000003,1.2467925067244294
top500,Low volatility,long_only,vw,6,50,33.6851,16.78,18.71,0.595,-51.85,10.9,141.7,0.0,146,0,272,15.11,0.514,-53.4,24.2735,1.6700000000000017,0.08099999999999996,1.5499999999999972,1.3877314767132882
top500,Low volatility,long_only,vw,6,100,29.236,16.06,18.71,0.561,-52.18,10.9,141.7,0.0,146,0,272,13.49,0.439,-54.13,17.6237,2.5699999999999985,0.12200000000000005,1.9500000000000028,1.6589025006099742
top500,Low volatility,long_only,vw,7,0,40.2643,17.71,19.1,0.628,-49.5,10.0,145.0,0.0,145,0,272,16.74,0.59,-52.66,33.4175,0.9700000000000024,0.038000000000000034,3.1599999999999966,1.2048866611805193
top500,Low volatility,long_only,vw,7,10,39.2186,17.57,19.11,0.622,-49.54,10.0,145.0,0.0,145,0,272,16.42,0.575,-52.81,31.3489,1.1499999999999986,0.04700000000000004,3.270000000000003,1.2510359215155875
top500,Low volatility,long_only,vw,7,20,38.1994,17.43,19.13,0.615,-49.58,10.0,145.0,0.0,145,0,272,16.09,0.56,-52.96,29.4077,1.3399999999999999,0.05499999999999994,3.3800000000000026,1.298959116149852
top500,Low volatility,long_only,vw,7,50,35.2937,17.03,19.16,0.596,-49.7,10.0,145.0,0.0,145,0,272,15.11,0.514,-53.4,24.2735,1.9200000000000017,0.08199999999999996,3.6999999999999957,1.454001277112901
top500,Low volatility,long_only,vw,7,100,30.9221,16.34,19.23,0.564,-49.91,10.0,145.0,0.0,145,0,272,13.49,0.439,-54.13,17.6237,2.8499999999999996,0.12499999999999994,4.220000000000006,1.75457480551757
top500,Low volatility,long_only,vw,8,0,33.4568,16.75,18.91,0.589,-52.98,9.2,142.8,0.0,137,0,272,16.74,0.59,-52.66,33.4175,0.010000000000001563,-0.0010000000000000009,-0.3200000000000003,1.0011760305229298
top500,Low volatility,long_only,vw,8,10,32.6616,16.63,18.92,0.583,-53.03,9.2,142.8,0.0,137,0,272,16.42,0.575,-52.81,31.3489,0.2099999999999973,0.008000000000000007,-0.21999999999999886,1.0418738775523224
top500,Low volatility,long_only,vw,8,20,31.8848,16.5,18.93,0.577,-53.07,9.2,142.8,0.0,137,0,272,16.09,0.56,-52.96,29.4077,0.41000000000000014,0.016999999999999904,-0.10999999999999943,1.084233041006267
top500,Low volatility,long_only,vw,8,50,29.6602,16.13,18.95,0.56,-53.22,9.2,142.8,0.0,137,0,272,15.11,0.514,-53.4,24.2735,1.0199999999999996,0.04600000000000004,0.17999999999999972,1.2219169052670609
top500,Low volatility,long_only,vw,8,100,26.2824,15.51,19.0,0.531,-53.45,9.2,142.8,0.0,137,0,272,13.49,0.439,-54.13,17.6237,2.0199999999999996,0.09200000000000003,0.6799999999999997,1.4913099973331365
top500,Low volatility,long_only,vw,9,0,33.434,16.75,18.86,0.59,-51.11,8.6,144.0,0.0,146,0,272,16.74,0.59,-52.66,33.4175,0.010000000000001563,0.0,1.5499999999999972,1.0004937532729856
top500,Low volatility,long_only,vw,9,10,32.7099,16.63,18.85,0.584,-51.14,8.6,144.0,0.0,146,0,272,16.42,0.575,-52.81,31.3489,0.2099999999999973,0.009000000000000008,1.6700000000000017,1.04341460146927
top500,Low volatility,long_only,vw,9,20,32.001,16.52,18.85,0.579,-51.18,8.6,144.0,0.0,146,0,272,16.09,0.56,-52.96,29.4077,0.4299999999999997,0.018999999999999906,1.7800000000000011,1.0881843870822947
top500,Low volatility,long_only,vw,9,50,29.9622,16.18,18.84,0.564,-51.29,8.6,144.0,0.0,146,0,272,15.11,0.514,-53.4,24.2735,1.0700000000000003,0.04999999999999993,2.1099999999999994,1.2343584567532495
top500,Low volatility,long_only,vw,9,100,26.8399,15.62,18.83,0.538,-51.48,8.6,144.0,0.0,146,0,272,13.49,0.439,-54.13,17.6237,2.129999999999999,0.09900000000000003,2.6500000000000057,1.5229435362608306
top500,Low volatility,long_only,vw,10,0,40.0026,17.67,18.69,0.636,-49.91,8.3,145.0,0.0,146,0,272,16.74,0.59,-52.66,33.4175,0.9300000000000033,0.04600000000000004,2.75,1.197055435026558
top500,Low volatility,long_only,vw,10,10,39.1585,17.56,18.69,0.631,-49.95,8.3,145.0,0.0,146,0,272,16.42,0.575,-52.81,31.3489,1.139999999999997,0.05600000000000005,2.8599999999999994,1.2491187888570252
top500,Low volatility,long_only,vw,10,20,38.3314,17.45,18.69,0.626,-49.99,8.3,145.0,0.0,146,0,272,16.09,0.56,-52.96,29.4077,1.3599999999999994,0.06599999999999995,2.969999999999999,1.3034477364771813
top500,Low volatility,long_only,vw,10,50,35.9499,17.12,18.69,0.611,-50.12,8.3,145.0,0.0,146,0,272,15.11,0.514,-53.4,24.2735,2.0100000000000016,0.09699999999999998,3.280000000000001,1.4810348734216328
top500,Low volatility,long_only,vw,10,100,32.2936,16.57,18.7,0.585,-50.32,8.3,145.0,0.0,146,0,272,13.49,0.439,-54.13,17.6237,3.08,0.14599999999999996,3.8100000000000023,1.8323961483683902
top500,Low volatility,long_only,vw,11,0,40.7751,17.77,18.91,0.635,-50.18,7.6,145.3,0.0,137,0,272,16.74,0.59,-52.66,33.4175,1.0300000000000011,0.04500000000000004,2.479999999999997,1.2201720655345254
top500,Low volatility,long_only,vw,11,10,39.9979,17.67,18.9,0.631,-50.23,7.6,145.3,0.0,137,0,272,16.42,0.575,-52.81,31.3489,1.25,0.05600000000000005,2.5800000000000054,1.275894847985097
top500,Low volatility,long_only,vw,11,20,39.2349,17.57,18.9,0.627,-50.27,7.6,145.3,0.0,137,0,272,16.09,0.56,-52.96,29.4077,1.4800000000000004,0.06699999999999995,2.6899999999999977,1.334170982429772
top500,Low volatility,long_only,vw,11,50,37.0285,17.27,18.89,0.613,-50.4,7.6,145.3,0.0,137,0,272,15.11,0.514,-53.4,24.2735,2.16,0.09899999999999998,3.0,1.525470162934888
top500,Low volatility,long_only,vw,11,100,33.6128,16.77,18.87,0.591,-50.63,7.6,145.3,0.0,137,0,272,13.49,0.439,-54.13,17.6237,3.2799999999999994,0.15199999999999997,3.5,1.9072498964462627
top500,Low volatility,long_only,vw,12,0,39.6947,17.63,18.58,0.637,-50.94,7.3,136.7,0.0,137,0,272,16.74,0.59,-52.66,33.4175,0.8900000000000006,0.04700000000000004,1.7199999999999989,1.1878416997082368
top500,Low volatility,long_only,vw,12,10,38.953,17.54,18.59,0.632,-51.0,7.3,136.7,0.0,137,0,272,16.42,0.575,-52.81,31.3489,1.1199999999999974,0.05700000000000005,1.8100000000000023,1.2425635349246704
top500,Low volatility,long_only,vw,12,20,38.2245,17.44,18.59,0.628,-51.06,7.3,136.7,0.0,137,0,272,16.09,0.56,-52.96,29.4077,1.3500000000000014,0.06799999999999995,1.8999999999999986,1.2998126341060334
top500,Low volatility,long_only,vw,12,50,36.1163,17.14,18.62,0.614,-51.24,7.3,136.7,0.0,137,0,272,15.11,0.514,-53.4,24.2735,2.030000000000001,0.09999999999999998,2.1599999999999966,1.4878900858961421
top500,Low volatility,long_only,vw,12,100,32.8467,16.66,18.67,0.59,-51.53,7.3,136.7,0.0,137,0,272,13.49,0.439,-54.13,17.6237,3.17,0.15099999999999997,2.6000000000000014,1.8637800234910944
top500,Short-term reversal loser,long_only,vw,1,0,30.518,16.28,26.65,0.471,-66.81,160.3,146.7,0.0,149,0,272,16.28,0.471,-66.81,30.518,0.0,0.0,0.0,1.0
top500,Short-term reversal loser,long_only,vw,1,10,19.8226,14.08,26.65,0.399,-67.45,160.3,146.7,0.0,149,0,272,14.08,0.399,-67.45,19.8226,0.0,0.0,0.0,1.0
top500,Short-term reversal loser,long_only,vw,1,20,12.8665,11.93,26.66,0.327,-68.07,160.3,146.7,0.0,149,0,272,11.93,0.327,-68.07,12.8665,0.0,0.0,0.0,1.0
top500,Short-term reversal loser,long_only,vw,1,50,3.5037,5.69,26.67,0.111,-69.89,160.3,146.7,0.0,149,0,272,5.69,0.111,-69.89,3.5037,0.0,0.0,0.0,1.0
top500,Short-term reversal loser,long_only,vw,1,100,0.3952,-4.01,26.7,-0.249,-87.82,160.3,146.7,0.0,149,0,272,-4.01,-0.249,-87.82,0.3952,0.0,0.0,0.0,1.0
top500,Short-term reversal loser,long_only,vw,2,0,20.3958,14.23,27.52,0.398,-71.65,80.0,144.6,0.0,149,0,272,16.28,0.471,-66.81,30.518,-2.0500000000000007,-0.07299999999999995,-4.840000000000003,0.6683203355396815
top500,Short-term reversal loser,long_only,vw,2,10,16.4596,13.15,27.51,0.364,-71.91,80.0,144.6,0.0,149,0,272,14.08,0.399,-67.45,19.8226,-0.9299999999999997,-0.03500000000000003,-4.459999999999994,0.8303451615832432
top500,Short-term reversal loser,long_only,vw,2,20,13.2784,12.09,27.51,0.329,-72.16,80.0,144.6,0.0,149,0,272,11.93,0.327,-68.07,12.8665,0.16000000000000014,0.0020000000000000018,-4.090000000000003,1.0320133680488088
top500,Short-term reversal loser,long_only,vw,2,50,6.957,8.93,27.51,0.225,-72.92,80.0,144.6,0.0,149,0,272,5.69,0.111,-69.89,3.5037,3.2399999999999993,0.114,-3.030000000000001,1.9856152067814026
top500,Short-term reversal loser,long_only,vw,2,100,2.3522,3.85,27.56,0.051,-74.15,80.0,144.6,0.0,149,0,272,-4.01,-0.249,-87.82,0.3952,7.859999999999999,0.3,13.669999999999987,5.951923076923077
top500,Short-term reversal loser,long_only,vw,3,0,21.7002,14.54,25.91,0.418,-72.3,52.9,142.4,0.0,149,0,272,16.28,0.471,-66.81,30.518,-1.740000000000002,-0.05299999999999999,-5.489999999999995,0.7110623238744347
top500,Short-term reversal loser,long_only,vw,3,10,18.8436,13.83,25.89,0.394,-72.49,52.9,142.4,0.0,149,0,272,14.08,0.399,-67.45,19.8226,-0.25,-0.0050000000000000044,-5.039999999999992,0.9506119277995821
top500,Short-term reversal loser,long_only,vw,3,20,16.3594,13.12,25.88,0.37,-72.68,52.9,142.4,0.0,149,0,272,11.93,0.327,-68.07,12.8665,1.1899999999999995,0.04299999999999998,-4.610000000000014,1.2714724283993317
top500,Short-term reversal loser,long_only,vw,3,50,10.6901,11.02,25.87,0.297,-73.24,52.9,142.4,0.0,149,0,272,5.69,0.111,-69.89,3.5037,5.329999999999999,0.186,-3.3499999999999943,3.05108884893113
top500,Short-term reversal loser,long_only,vw,3,100,5.2363,7.58,25.89,0.175,-74.16,52.9,142.4,0.0,149,0,272,-4.01,-0.249,-87.82,0.3952,11.59,0.424,13.659999999999997,13.249746963562753
top500,Short-term reversal loser,long_only,vw,4,0,25.5979,15.38,29.41,0.419,-67.9,40.0,140.2,0.0,150,0,272,16.28,0.471,-66.81,30.518,-0.9000000000000004,-0.05199999999999999,-1.0900000000000034,0.8387803918998623
top500,Short-term reversal loser,long_only,vw,4,10,22.9565,14.83,29.43,0.403,-68.15,40.0,140.2,0.0,150,0,272,14.08,0.399,-67.45,19.8226,0.75,0.0040000000000000036,-0.7000000000000028,1.158097323257292
top500,Short-term reversal loser,long_only,vw,4,20,20.5839,14.27,29.46,0.386,-68.4,40.0,140.2,0.0,150,0,272,11.93,0.327,-68.07,12.8665,2.34,0.059,-0.3300000000000125,1.5998056969649865
top500,Short-term reversal loser,long_only,vw,4,50,14.8226,12.63,29.57,0.337,-69.15,40.0,140.2,0.0,150,0,272,5.69,0.111,-69.89,3.5037,6.94,0.22600000000000003,0.7399999999999949,4.230556269086965
top500,Short-term reversal loser,long_only,vw,4,100,8.5439,9.93,29.77,0.254,-70.37,40.0,140.2,0.0,150,0,272,-4.01,-0.249,-87.82,0.3952,13.94,0.503,17.44999999999999,21.619180161943323
top500,Short-term reversal loser,long_only,vw,5,0,23.3529,14.91,27.37,0.416,-65.25,31.7,146.2,0.0,149,0,272,16.28,0.471,-66.81,30.518,-1.370000000000001,-0.05499999999999999,1.5600000000000023,0.7652172488367521
top500,Short-term reversal loser,long_only,vw,5,10,21.4596,14.48,27.37,0.403,-65.42,31.7,146.2,0.0,149,0,272,14.08,0.399,-67.45,19.8226,0.40000000000000036,0.0040000000000000036,2.030000000000001,1.0825825068356318
top500,Short-term reversal loser,long_only,vw,5,20,19.7172,14.06,27.36,0.389,-65.58,31.7,146.2,0.0,149,0,272,11.93,0.327,-68.07,12.8665,2.130000000000001,0.062,2.489999999999995,1.5324447207865386
top500,Short-term reversal loser,long_only,vw,5,50,15.281,12.78,27.37,0.348,-66.06,31.7,146.2,0.0,149,0,272,5.69,0.111,-69.89,3.5037,7.089999999999999,0.237,3.8299999999999983,4.361389388360876
top500,Short-term reversal loser,long_only,vw,5,100,9.9646,10.68,27.42,0.279,-66.85,31.7,146.2,0.0,149,0,272,-4.01,-0.249,-87.82,0.3952,14.69,0.528,20.97,25.214068825910932
top500,Short-term reversal loser,long_only,vw,6,0,18.3556,13.7,26.34,0.387,-70.16,27.2,135.9,0.0,149,0,272,16.28,0.471,-66.81,30.518,-2.580000000000002,-0.08399999999999996,-3.3499999999999943,0.60146798610656
top500,Short-term reversal loser,long_only,vw,6,10,17.0865,13.34,26.33,0.375,-70.28,27.2,135.9,0.0,149,0,272,14.08,0.399,-67.45,19.8226,-0.7400000000000002,-0.02400000000000002,-2.8299999999999983,0.8619706799309879
top500,Short-term reversal loser,long_only,vw,6,20,15.9032,12.98,26.31,0.363,-70.41,27.2,135.9,0.0,149,0,272,11.93,0.327,-68.07,12.8665,1.0500000000000007,0.035999999999999976,-2.3400000000000034,1.236016010570085
top500,Short-term reversal loser,long_only,vw,6,50,12.8139,11.91,26.27,0.326,-70.79,27.2,135.9,0.0,149,0,272,5.69,0.111,-69.89,3.5037,6.22,0.21500000000000002,-0.9000000000000057,3.657248052059252
top500,Short-term reversal loser,long_only,vw,6,100,8.9188,10.13,26.24,0.265,-71.41,27.2,135.9,0.0,149,0,272,-4.01,-0.249,-87.82,0.3952,14.14,0.514,16.409999999999997,22.567813765182184
top500,Short-term reversal loser,long_only,vw,7,0,19.7458,14.07,25.92,0.399,-64.3,22.9,145.9,0.0,146,0,272,16.28,0.471,-66.81,30.518,-2.210000000000001,-0.07199999999999995,2.510000000000005,0.647021429975752
top500,Short-term reversal loser,long_only,vw,7,10,18.5563,13.75,25.94,0.388,-64.38,22.9,145.9,0.0,146,0,272,14.08,0.399,-67.45,19.8226,-0.33000000000000007,-0.01100000000000001,3.0700000000000074,0.93611836994138
top500,Short-term reversal loser,long_only,vw,7,20,17.4367,13.44,25.97,0.378,-64.46,22.9,145.9,0.0,146,0,272,11.93,0.327,-68.07,12.8665,1.5099999999999998,0.05099999999999999,3.6099999999999994,1.3552014922473088
top500,Short-term reversal loser,long_only,vw,7,50,14.458,12.51,26.05,0.345,-64.69,22.9,145.9,0.0,146,0,272,5.69,0.111,-69.89,3.5037,6.819999999999999,0.23399999999999999,5.200000000000003,4.126494848303222
top500,Short-term reversal loser,long_only,vw,7,100,10.5584,10.96,26.22,0.291,-65.09,22.9,145.9,0.0,146,0,272,-4.01,-0.249,-87.82,0.3952,14.97,0.54,22.72999999999999,26.716599190283404
top500,Short-term reversal loser,long_only,vw,8,0,19.3952,13.98,28.02,0.38,-53.43,20.0,139.6,0.0,120,0,272,16.28,0.471,-66.81,30.518,-2.3000000000000007,-0.09099999999999997,13.380000000000003,0.6355331279900386
top500,Short-term reversal loser,long_only,vw,8,10,18.375,13.7,28.04,0.371,-53.57,20.0,139.6,0.0,120,0,272,14.08,0.399,-67.45,19.8226,-0.3800000000000008,-0.028000000000000025,13.880000000000003,0.9269722438025284
top500,Short-term reversal loser,long_only,vw,8,20,17.407,13.43,28.05,0.363,-53.77,20.0,139.6,0.0,120,0,272,11.93,0.327,-68.07,12.8665,1.5,0.035999999999999976,14.29999999999999,1.3528931721913495
top500,Short-term reversal loser,long_only,vw,8,50,14.7902,12.62,28.1,0.337,-54.38,20.0,139.6,0.0,120,0,272,5.69,0.111,-69.89,3.5037,6.929999999999999,0.22600000000000003,15.509999999999998,4.221308902017867
top500,Short-term reversal loser,long_only,vw,8,100,11.2526,11.27,28.21,0.294,-55.38,20.0,139.6,0.0,120,0,272,-4.01,-0.249,-87.82,0.3952,15.28,0.5429999999999999,32.43999999999999,28.47317813765182
top500,Short-term reversal loser,long_only,vw,9,0,19.5319,14.01,26.25,0.399,-67.75,18.5,142.5,0.0,149,0,272,16.28,0.471,-66.81,30.518,-2.2700000000000014,-0.07199999999999995,-0.9399999999999977,0.6400124516678681
top500,Short-term reversal loser,long_only,vw,9,10,18.6215,13.77,26.23,0.391,-67.8,18.5,142.5,0.0,149,0,272,14.08,0.399,-67.45,19.8226,-0.3100000000000005,-0.008000000000000007,-0.3499999999999943,0.9394075449234712
top500,Short-term reversal loser,long_only,vw,9,20,17.7522,13.53,26.21,0.383,-67.85,18.5,142.5,0.0,149,0,272,11.93,0.327,-68.07,12.8665,1.5999999999999996,0.055999999999999994,0.21999999999999886,1.3797225352660007
top500,Short-term reversal loser,long_only,vw,9,50,15.3731,12.81,26.17,0.358,-68.0,18.5,142.5,0.0,149,0,272,5.69,0.111,-69.89,3.5037,7.12,0.247,1.8900000000000006,4.38767588549248
top500,Short-term reversal loser,long_only,vw,9,100,12.0762,11.62,26.11,0.318,-68.25,18.5,142.5,0.0,149,0,272,-4.01,-0.249,-87.82,0.3952,15.629999999999999,0.567,19.569999999999993,30.557186234817813
top500,Short-term reversal loser,long_only,vw,10,0,12.686,11.86,29.67,0.311,-69.81,16.5,143.4,0.0,149,0,272,16.28,0.471,-66.81,30.518,-4.420000000000002,-0.15999999999999998,-3.0,0.4156891015138607
top500,Short-term reversal loser,long_only,vw,10,10,12.1414,11.64,29.67,0.304,-69.89,16.5,143.4,0.0,149,0,272,14.08,0.399,-67.45,19.8226,-2.4399999999999995,-0.09500000000000003,-2.4399999999999977,0.6125029007294704
top500,Short-term reversal loser,long_only,vw,10,20,11.6192,11.43,29.68,0.298,-69.96,16.5,143.4,0.0,149,0,272,11.93,0.327,-68.07,12.8665,-0.5,-0.029000000000000026,-1.8900000000000006,0.903058329771111
top500,Short-term reversal loser,long_only,vw,10,50,10.1792,10.78,29.69,0.278,-70.2,16.5,143.4,0.0,149,0,272,5.69,0.111,-69.89,3.5037,5.089999999999999,0.16700000000000004,-0.3100000000000023,2.9052715700545138
top500,Short-term reversal loser,long_only,vw,10,100,8.1526,9.7,29.73,0.245,-70.6,16.5,143.4,0.0,149,0,272,-4.01,-0.249,-87.82,0.3952,13.709999999999999,0.494,17.22,20.62904858299595
top500,Short-term reversal loser,long_only,vw,11,0,15.8307,12.96,25.14,0.365,-52.1,14.4,145.2,0.0,120,0,272,16.28,0.471,-66.81,30.518,-3.3200000000000003,-0.10599999999999998,14.71,0.5187332066321515
top500,Short-term reversal loser,long_only,vw,11,10,15.2541,12.77,25.12,0.358,-52.19,14.4,145.2,0.0,120,0,272,14.08,0.399,-67.45,19.8226,-1.3100000000000005,-0.041000000000000036,15.260000000000005,0.7695307376428924
top500,Short-term reversal loser,long_only,vw,11,20,14.6976,12.59,25.11,0.352,-52.27,14.4,145.2,0.0,120,0,272,11.93,0.327,-68.07,12.8665,0.6600000000000001,0.024999999999999967,15.79999999999999,1.1423153149652197
top500,Short-term reversal loser,long_only,vw,11,50,13.1424,12.03,25.09,0.332,-52.53,14.4,145.2,0.0,120,0,272,5.69,0.111,-69.89,3.5037,6.339999999999999,0.22100000000000003,17.36,3.7510060792876105
top500,Short-term reversal loser,long_only,vw,11,100,10.8945,11.11,25.06,0.299,-52.95,14.4,145.2,0.0,120,0,272,-4.01,-0.249,-87.82,0.3952,15.12,0.548,34.86999999999999,27.567054655870447
top500,Short-term reversal loser,long_only,vw,12,0,10.6464,11.0,29.34,0.283,-65.82,13.5,123.2,0.0,120,0,272,16.28,0.471,-66.81,30.518,-5.280000000000001,-0.188,0.9900000000000091,0.34885641260895206
top500,Short-term reversal loser,long_only,vw,12,10,10.2663,10.82,29.35,0.278,-65.92,13.5,123.2,0.0,120,0,272,14.08,0.399,-67.45,19.8226,-3.26,-0.121,1.5300000000000011,0.5179088515129195
top500,Short-term reversal loser,long_only,vw,12,20,9.8991,10.64,29.36,0.272,-66.01,13.5,123.2,0.0,120,0,272,11.93,0.327,-68.07,12.8665,-1.2899999999999991,-0.05499999999999999,2.059999999999988,0.7693700695604866
top500,Short-term reversal loser,long_only,vw,12,50,8.8712,10.11,29.4,0.256,-66.31,13.5,123.2,0.0,120,0,272,5.69,0.111,-69.89,3.5037,4.419999999999999,0.14500000000000002,3.5799999999999983,2.531951936524246
top500,Short-term reversal loser,long_only,vw,12,100,7.3804,9.22,29.47,0.228,-66.8,13.5,123.2,0.0,120,0,272,-4.01,-0.249,-87.82,0.3952,13.23,0.477,21.019999999999996,18.675101214574898
top300,SMB small-minus-big,long_short,vw,1,0,2.3702,3.88,11.1,0.399,-33.75,14.0,268.3,29.9,268,30,272,3.88,0.399,-33.75,2.3702,0.0,0.0,0.0,1.0
top300,SMB small-minus-big,long_short,vw,1,10,2.2863,3.72,11.11,0.385,-33.93,14.0,268.3,29.9,268,30,272,3.72,0.385,-33.93,2.2863,0.0,0.0,0.0,1.0
top300,SMB small-minus-big,long_short,vw,1,20,2.2054,3.55,11.11,0.37,-34.11,14.0,268.3,29.9,268,30,272,3.55,0.37,-34.11,2.2054,0.0,0.0,0.0,1.0
top300,SMB small-minus-big,long_short,vw,1,50,1.9793,3.06,11.12,0.327,-35.67,14.0,268.3,29.9,268,30,272,3.06,0.327,-35.67,1.9793,0.0,0.0,0.0,1.0
top300,SMB small-minus-big,long_short,vw,1,100,1.6525,2.24,11.15,0.255,-38.65,14.0,268.3,29.9,268,30,272,2.24,0.255,-38.65,1.6525,0.0,0.0,0.0,1.0
top300,SMB small-minus-big,long_short,vw,2,0,2.4704,4.07,11.43,0.407,-33.24,10.5,268.4,29.9,268,30,272,3.88,0.399,-33.75,2.3702,0.1900000000000004,0.007999999999999952,0.509999999999998,1.0422749135094085
top300,SMB small-minus-big,long_short,vw,2,10,2.4059,3.95,11.44,0.396,-33.39,10.5,268.4,29.9,268,30,272,3.72,0.385,-33.93,2.2863,0.22999999999999998,0.01100000000000001,0.5399999999999991,1.0523115951537416
top300,SMB small-minus-big,long_short,vw,2,20,2.3431,3.83,11.44,0.386,-33.53,10.5,268.4,29.9,268,30,272,3.55,0.37,-34.11,2.2054,0.28000000000000025,0.016000000000000014,0.5799999999999983,1.0624376530334634
top300,SMB small-minus-big,long_short,vw,2,50,2.1641,3.46,11.45,0.355,-33.96,10.5,268.4,29.9,268,30,272,3.06,0.327,-35.67,1.9793,0.3999999999999999,0.02799999999999997,1.7100000000000009,1.0933663416359318
top300,SMB small-minus-big,long_short,vw,2,100,1.8953,2.86,11.48,0.304,-35.16,10.5,268.4,29.9,268,30,272,2.24,0.255,-38.65,1.6525,0.6199999999999997,0.04899999999999999,3.490000000000002,1.146928895612708
top300,SMB small-minus-big,long_short,vw,3,0,2.8426,4.72,11.48,0.459,-34.3,9.5,268.5,29.9,268,30,272,3.88,0.399,-33.75,2.3702,0.8399999999999999,0.06,-0.5499999999999972,1.19930807526791
top300,SMB small-minus-big,long_short,vw,3,10,2.7749,4.61,11.49,0.45,-34.43,9.5,268.5,29.9,268,30,272,3.72,0.385,-33.93,2.2863,0.8900000000000001,0.065,-0.5,1.213707737392293
top300,SMB small-minus-big,long_short,vw,3,20,2.7089,4.49,11.5,0.44,-34.56,9.5,268.5,29.9,268,30,272,3.55,0.37,-34.11,2.2054,0.9400000000000004,0.07,-0.45000000000000284,1.2283032556452342
top300,SMB small-minus-big,long_short,vw,3,50,2.5198,4.16,11.54,0.412,-34.96,9.5,268.5,29.9,268,30,272,3.06,0.327,-35.67,1.9793,1.1,0.08499999999999996,0.7100000000000009,1.2730763401202445
top300,SMB small-minus-big,long_short,vw,3,100,2.2331,3.61,11.6,0.364,-35.63,9.5,268.5,29.9,268,30,272,2.24,0.255,-38.65,1.6525,1.3699999999999997,0.10899999999999999,3.019999999999996,1.3513464447806351
top300,SMB small-minus-big,long_short,vw,4,0,2.6427,4.38,11.52,0.43,-33.67,8.6,268.7,29.9,270,30,272,3.88,0.399,-33.75,2.3702,0.5,0.030999999999999972,0.0799999999999983,1.1149692009113155
top300,SMB small-minus-big,long_short,vw,4,10,2.5866,4.28,11.53,0.422,-33.79,8.6,268.7,29.9,270,30,272,3.72,0.385,-33.93,2.2863,0.56,0.03699999999999998,0.14000000000000057,1.1313475921795038
top300,SMB small-minus-big,long_short,vw,4,20,2.5316,4.18,11.54,0.413,-33.91,8.6,268.7,29.9,270,30,272,3.55,0.37,-34.11,2.2054,0.6299999999999999,0.04299999999999998,0.20000000000000284,1.1479096762492065
top300,SMB small-minus-big,long_short,vw,4,50,2.3733,3.89,11.57,0.388,-34.27,8.6,268.7,29.9,270,30,272,3.06,0.327,-35.67,1.9793,0.8300000000000001,0.061,1.3999999999999986,1.1990602738341838
top300,SMB small-minus-big,long_short,vw,4,100,2.1307,3.39,11.63,0.346,-34.86,8.6,268.7,29.9,270,30,272,2.24,0.255,-38.65,1.6525,1.15,0.09099999999999997,3.789999999999999,1.2893797276853252
top300,SMB small-minus-big,long_short,vw,5,0,3.2031,5.27,10.87,0.527,-34.36,8.6,268.3,29.9,268,30,272,3.88,0.399,-33.75,2.3702,1.3899999999999997,0.128,-0.6099999999999994,1.3514049447304024
top300,SMB small-minus-big,long_short,vw,5,10,3.1364,5.17,10.86,0.519,-34.47,8.6,268.3,29.9,268,30,272,3.72,0.385,-33.93,2.2863,1.4499999999999997,0.134,-0.5399999999999991,1.371823470235752
top300,SMB small-minus-big,long_short,vw,5,20,3.071,5.07,10.85,0.511,-34.58,8.6,268.3,29.9,268,30,272,3.55,0.37,-34.11,2.2054,1.5200000000000005,0.14100000000000001,-0.46999999999999886,1.392491158066564
top300,SMB small-minus-big,long_short,vw,5,50,2.8827,4.78,10.84,0.485,-34.91,8.6,268.3,29.9,268,30,272,3.06,0.327,-35.67,1.9793,1.7200000000000002,0.15799999999999997,0.7600000000000051,1.4564239882786842
top300,SMB small-minus-big,long_short,vw,5,100,2.5936,4.29,10.82,0.443,-35.45,8.6,268.3,29.9,268,30,272,2.24,0.255,-38.65,1.6525,2.05,0.188,3.1999999999999957,1.569500756429652
top300,SMB small-minus-big,long_short,vw,6,0,3.0521,5.05,11.62,0.483,-35.19,7.8,268.8,29.9,268,30,272,3.88,0.399,-33.75,2.3702,1.17,0.08399999999999996,-1.4399999999999977,1.287697240739178
top300,SMB small-minus-big,long_short,vw,6,10,2.9937,4.96,11.62,0.475,-35.3,7.8,268.8,29.9,268,30,272,3.72,0.385,-33.93,2.2863,1.2399999999999998,0.08999999999999997,-1.3699999999999974,1.309408214145125
top300,SMB small-minus-big,long_short,vw,6,20,2.9365,4.87,11.63,0.467,-35.41,7.8,268.8,29.9,268,30,272,3.55,0.37,-34.11,2.2054,1.3200000000000003,0.09700000000000003,-1.2999999999999972,1.3315044889815906
top300,SMB small-minus-big,long_short,vw,6,50,2.7709,4.6,11.65,0.445,-35.73,7.8,268.8,29.9,268,30,272,3.06,0.327,-35.67,1.9793,1.5399999999999996,0.118,-0.05999999999999517,1.3999393725054312
top300,SMB small-minus-big,long_short,vw,6,100,2.5149,4.15,11.69,0.407,-36.28,7.8,268.8,29.9,268,30,272,2.24,0.255,-38.65,1.6525,1.9100000000000001,0.15199999999999997,2.3699999999999974,1.521875945537065
top300,SMB small-minus-big,long_short,vw,7,0,3.3198,5.44,10.72,0.548,-33.09,7.8,268.2,29.9,270,30,272,3.88,0.399,-33.75,2.3702,1.5600000000000005,0.14900000000000002,0.6599999999999966,1.4006412960931567
top300,SMB small-minus-big,long_short,vw,7,10,3.2573,5.35,10.71,0.541,-33.21,7.8,268.2,29.9,270,30,272,3.72,0.385,-33.93,2.2863,1.6299999999999994,0.15600000000000003,0.7199999999999989,1.4247036696846431
top300,SMB small-minus-big,long_short,vw,7,20,3.1959,5.26,10.7,0.533,-33.32,7.8,268.2,29.9,270,30,272,3.55,0.37,-34.11,2.2054,1.71,0.16300000000000003,0.7899999999999991,1.4491248753060668
top300,SMB small-minus-big,long_short,vw,7,50,3.0183,4.99,10.68,0.51,-33.66,7.8,268.2,29.9,270,30,272,3.06,0.327,-35.67,1.9793,1.9300000000000002,0.183,2.010000000000005,1.5249330571414135
top300,SMB small-minus-big,long_short,vw,7,100,2.7432,4.55,10.65,0.472,-34.23,7.8,268.2,29.9,270,30,272,2.24,0.255,-38.65,1.6525,2.3099999999999996,0.21699999999999997,4.420000000000002,1.6600302571860814
top300,SMB small-minus-big,long_short,vw,8,0,3.201,5.27,11.9,0.492,-33.3,7.6,268.8,29.9,270,30,272,3.88,0.399,-33.75,2.3702,1.3899999999999997,0.09299999999999997,0.45000000000000284,1.3505189435490677
top300,SMB small-minus-big,long_short,vw,8,10,3.1404,5.18,11.91,0.484,-33.41,7.6,268.8,29.9,270,30,272,3.72,0.385,-33.93,2.2863,1.4599999999999995,0.09899999999999998,0.5200000000000031,1.3735730219131346
top300,SMB small-minus-big,long_short,vw,8,20,3.081,5.09,11.93,0.477,-33.51,7.6,268.8,29.9,270,30,272,3.55,0.37,-34.11,2.2054,1.54,0.10699999999999998,0.6000000000000014,1.3970254829055953
top300,SMB small-minus-big,long_short,vw,8,50,2.9091,4.82,11.97,0.454,-33.83,7.6,268.8,29.9,270,30,272,3.06,0.327,-35.67,1.9793,1.7600000000000002,0.127,1.8400000000000034,1.4697620370838176
top300,SMB small-minus-big,long_short,vw,8,100,2.6427,4.38,12.05,0.417,-34.36,7.6,268.8,29.9,270,30,272,2.24,0.255,-38.65,1.6525,2.1399999999999997,0.16199999999999998,4.289999999999999,1.599213313161876
top300,SMB small-minus-big,long_short,vw,9,0,3.5928,5.8,11.18,0.561,-31.94,7.6,268.3,29.9,268,30,272,3.88,0.399,-33.75,2.3702,1.92,0.16200000000000003,1.8099999999999987,1.5158214496666946
top300,SMB small-minus-big,long_short,vw,9,10,3.5267,5.72,11.18,0.554,-32.07,7.6,268.3,29.9,268,30,272,3.72,0.385,-33.93,2.2863,1.9999999999999996,0.16900000000000004,1.8599999999999994,1.542535975156366
top300,SMB small-minus-big,long_short,vw,9,20,3.4618,5.63,11.18,0.547,-32.19,7.6,268.3,29.9,268,30,272,3.55,0.37,-34.11,2.2054,2.08,0.17700000000000005,1.9200000000000017,1.5696925727759137
top300,SMB small-minus-big,long_short,vw,9,50,3.2739,5.37,11.18,0.524,-32.55,7.6,268.3,29.9,268,30,272,3.06,0.327,-35.67,1.9793,2.31,0.197,3.1200000000000045,1.6540696205729297
top300,SMB small-minus-big,long_short,vw,9,100,2.9822,4.94,11.19,0.487,-33.16,7.6,268.3,29.9,268,30,272,2.24,0.255,-38.65,1.6525,2.7,0.23199999999999998,5.490000000000002,1.804659606656581
top300,SMB small-minus-big,long_short,vw,10,0,3.0345,5.02,10.72,0.511,-32.12,7.4,267.9,29.9,268,30,272,3.88,0.399,-33.75,2.3702,1.1399999999999997,0.11199999999999999,1.6300000000000026,1.2802717070289427
top300,SMB small-minus-big,long_short,vw,10,10,2.9807,4.94,10.71,0.504,-32.2,7.4,267.9,29.9,268,30,272,3.72,0.385,-33.93,2.2863,1.2200000000000002,0.119,1.7299999999999969,1.3037221711936315
top300,SMB small-minus-big,long_short,vw,10,20,2.9279,4.85,10.7,0.497,-32.28,7.4,267.9,29.9,268,30,272,3.55,0.37,-34.11,2.2054,1.2999999999999998,0.127,1.8299999999999983,1.3276049696200236
top300,SMB small-minus-big,long_short,vw,10,50,2.7746,4.61,10.68,0.475,-32.51,7.4,267.9,29.9,268,30,272,3.06,0.327,-35.67,1.9793,1.5500000000000003,0.14799999999999996,3.1600000000000037,1.4018087202546354
top300,SMB small-minus-big,long_short,vw,10,100,2.5359,4.19,10.65,0.439,-32.9,7.4,267.9,29.9,268,30,272,2.24,0.255,-38.65,1.6525,1.9500000000000002,0.184,5.75,1.5345839636913765
top300,SMB small-minus-big,long_short,vw,11,0,3.9773,6.28,11.41,0.592,-32.06,7.3,268.2,29.9,270,30,272,3.88,0.399,-33.75,2.3702,2.4000000000000004,0.19299999999999995,1.6899999999999977,1.678044046915872
top300,SMB small-minus-big,long_short,vw,11,10,3.9072,6.2,11.41,0.585,-32.18,7.3,268.2,29.9,270,30,272,3.72,0.385,-33.93,2.2863,2.48,0.19999999999999996,1.75,1.7089620784673927
top300,SMB small-minus-big,long_short,vw,11,20,3.8382,6.11,11.41,0.578,-32.3,7.3,268.2,29.9,270,30,272,3.55,0.37,-34.11,2.2054,2.5600000000000005,0.20799999999999996,1.8100000000000023,1.740364559717058
top300,SMB small-minus-big,long_short,vw,11,50,3.6382,5.86,11.4,0.558,-32.66,7.3,268.2,29.9,270,30,272,3.06,0.327,-35.67,1.9793,2.8000000000000003,0.23100000000000004,3.010000000000005,1.8381245895013387
top300,SMB small-minus-big,long_short,vw,11,100,3.3266,5.45,11.41,0.523,-33.26,7.3,268.2,29.9,270,30,272,2.24,0.255,-38.65,1.6525,3.21,0.268,5.390000000000001,2.0130711043872918
top300,SMB small-minus-big,long_short,vw,12,0,2.8155,4.67,11.91,0.444,-35.7,6.9,269.6,30.0,270,30,272,3.88,0.399,-33.75,2.3702,0.79,0.044999999999999984,-1.9500000000000028,1.1878744409754451
top300,SMB small-minus-big,long_short,vw,12,10,2.7677,4.59,11.92,0.437,-35.81,6.9,269.6,30.0,270,30,272,3.72,0.385,-33.93,2.2863,0.8699999999999997,0.05199999999999999,-1.8800000000000026,1.2105585443730043
top300,SMB small-minus-big,long_short,vw,12,20,2.7206,4.51,11.94,0.43,-35.92,6.9,269.6,30.0,270,30,272,3.55,0.37,-34.11,2.2054,0.96,0.06,-1.8100000000000023,1.2336084157069014
top300,SMB small-minus-big,long_short,vw,12,50,2.5839,4.28,11.98,0.41,-36.25,6.9,269.6,30.0,270,30,272,3.06,0.327,-35.67,1.9793,1.2200000000000002,0.08299999999999996,-0.5799999999999983,1.3054615268024048
top300,SMB small-minus-big,long_short,vw,12,100,2.3704,3.88,12.07,0.376,-36.8,6.9,269.6,30.0,270,30,272,2.24,0.255,-38.65,1.6525,1.6399999999999997,0.121,1.8500000000000014,1.4344326777609682
top300,HML value-minus-growth,long_short,vw,1,0,1.279,1.09,16.05,0.147,-59.76,23.2,86.1,83.1,88,86,272,1.09,0.147,-59.76,1.279,0.0,0.0,0.0,1.0
top300,HML value-minus-growth,long_short,vw,1,10,1.2032,0.82,16.05,0.13,-60.75,23.2,86.1,83.1,88,86,272,0.82,0.13,-60.75,1.2032,0.0,0.0,0.0,1.0
top300,HML value-minus-growth,long_short,vw,1,20,1.1318,0.55,16.05,0.113,-61.79,23.2,86.1,83.1,88,86,272,0.55,0.113,-61.79,1.1318,0.0,0.0,0.0,1.0
top300,HML value-minus-growth,long_short,vw,1,50,0.9417,-0.26,16.06,0.063,-64.73,23.2,86.1,83.1,88,86,272,-0.26,0.063,-64.73,0.9417,0.0,0.0,0.0,1.0
top300,HML value-minus-growth,long_short,vw,1,100,0.6922,-1.61,16.11,-0.021,-69.17,23.2,86.1,83.1,88,86,272,-1.61,-0.021,-69.17,0.6922,0.0,0.0,0.0,1.0
top300,HML value-minus-growth,long_short,vw,2,0,1.2435,0.97,16.16,0.139,-60.45,20.1,86.1,83.2,88,86,272,1.09,0.147,-59.76,1.279,-0.1200000000000001,-0.00799999999999998,-0.6900000000000048,0.9722439405785771
top300,HML value-minus-growth,long_short,vw,2,10,1.1797,0.73,16.16,0.125,-61.35,20.1,86.1,83.2,88,86,272,0.82,0.13,-60.75,1.2032,-0.08999999999999997,-0.0050000000000000044,-0.6000000000000014,0.9804687499999999
top300,HML value-minus-growth,long_short,vw,2,20,1.1192,0.5,16.17,0.11,-62.23,20.1,86.1,83.2,88,86,272,0.55,0.113,-61.79,1.1318,-0.050000000000000044,-0.0030000000000000027,-0.4399999999999977,0.9888672910408199
top300,HML value-minus-growth,long_short,vw,2,50,0.9552,-0.2,16.19,0.067,-64.77,20.1,86.1,83.2,88,86,272,-0.26,0.063,-64.73,0.9417,0.06,0.0040000000000000036,-0.03999999999999204,1.014335775724753
top300,HML value-minus-growth,long_short,vw,2,100,0.7324,-1.36,16.25,-0.004,-68.64,20.1,86.1,83.2,88,86,272,-1.61,-0.021,-69.17,0.6922,0.25,0.017,0.5300000000000011,1.0580757006645478
top300,HML value-minus-growth,long_short,vw,3,0,1.3038,1.18,16.19,0.152,-59.55,19.5,86.1,83.2,88,86,272,1.09,0.147,-59.76,1.279,0.08999999999999986,0.0050000000000000044,0.21000000000000085,1.0193901485535577
top300,HML value-minus-growth,long_short,vw,3,10,1.2392,0.95,16.18,0.138,-60.49,19.5,86.1,83.2,88,86,272,0.82,0.13,-60.75,1.2032,0.13,0.008000000000000007,0.259999999999998,1.0299202127659575
top300,HML value-minus-growth,long_short,vw,3,20,1.1778,0.72,16.18,0.124,-61.41,19.5,86.1,83.2,88,86,272,0.55,0.113,-61.79,1.1318,0.16999999999999993,0.010999999999999996,0.38000000000000256,1.0406432231843081
top300,HML value-minus-growth,long_short,vw,3,50,1.0107,0.05,16.18,0.083,-64.04,19.5,86.1,83.2,88,86,272,-0.26,0.063,-64.73,0.9417,0.31,0.020000000000000004,0.6899999999999977,1.0732717425931826
top300,HML value-minus-growth,long_short,vw,3,100,0.782,-1.08,16.23,0.013,-68.07,19.5,86.1,83.2,88,86,272,-1.61,-0.021,-69.17,0.6922,0.53,0.034,1.1000000000000085,1.1297312915342386
top300,HML value-minus-growth,long_short,vw,4,0,1.1359,0.56,16.38,0.115,-62.13,18.3,86.2,83.2,88,88,272,1.09,0.147,-59.76,1.279,-0.53,-0.03199999999999999,-2.3700000000000045,0.8881157154026583
top300,HML value-minus-growth,long_short,vw,4,10,1.0829,0.35,16.38,0.102,-62.99,18.3,86.2,83.2,88,88,272,0.82,0.13,-60.75,1.2032,-0.47,-0.02800000000000001,-2.240000000000002,0.9000166223404255
top300,HML value-minus-growth,long_short,vw,4,20,1.0323,0.14,16.39,0.089,-63.86,18.3,86.2,83.2,88,88,272,0.55,0.113,-61.79,1.1318,-0.41000000000000003,-0.024000000000000007,-2.0700000000000003,0.9120869411556812
top300,HML value-minus-growth,long_short,vw,4,50,0.8939,-0.49,16.4,0.051,-66.36,18.3,86.2,83.2,88,88,272,-0.26,0.063,-64.73,0.9417,-0.22999999999999998,-0.012000000000000004,-1.6299999999999955,0.9492407348412446
top300,HML value-minus-growth,long_short,vw,4,100,0.702,-1.55,16.47,-0.014,-70.57,18.3,86.2,83.2,88,88,272,-1.61,-0.021,-69.17,0.6922,0.06000000000000005,0.007000000000000001,-1.3999999999999915,1.0141577578734469
top300,HML value-minus-growth,long_short,vw,5,0,1.107,0.45,16.28,0.108,-62.83,18.3,86.3,83.6,88,86,272,1.09,0.147,-59.76,1.279,-0.6400000000000001,-0.03899999999999999,-3.0700000000000003,0.8655199374511338
top300,HML value-minus-growth,long_short,vw,5,10,1.0553,0.24,16.28,0.095,-63.47,18.3,86.3,83.6,88,86,272,0.82,0.13,-60.75,1.2032,-0.58,-0.035,-2.719999999999999,0.8770777925531914
top300,HML value-minus-growth,long_short,vw,5,20,1.006,0.03,16.28,0.082,-64.1,18.3,86.3,83.6,88,86,272,0.55,0.113,-61.79,1.1318,-0.52,-0.031,-2.309999999999995,0.8888496200742181
top300,HML value-minus-growth,long_short,vw,5,50,0.8709,-0.61,16.3,0.043,-66.45,18.3,86.3,83.6,88,86,272,-0.26,0.063,-64.73,0.9417,-0.35,-0.020000000000000004,-1.7199999999999989,0.9248168206435171
top300,HML value-minus-growth,long_short,vw,5,100,0.6836,-1.66,16.37,-0.022,-71.69,18.3,86.3,83.6,88,86,272,-1.61,-0.021,-69.17,0.6922,-0.04999999999999982,-0.0009999999999999974,-2.519999999999996,0.9875758451314648
top300,HML value-minus-growth,long_short,vw,6,0,1.1726,0.7,17.17,0.125,-62.97,17.4,86.2,83.3,88,86,272,1.09,0.147,-59.76,1.279,-0.3900000000000001,-0.021999999999999992,-3.210000000000001,0.9168100078186084
top300,HML value-minus-growth,long_short,vw,6,10,1.1207,0.5,17.17,0.113,-63.73,17.4,86.2,83.3,88,86,272,0.82,0.13,-60.75,1.2032,-0.31999999999999995,-0.017,-2.979999999999997,0.9314328457446809
top300,HML value-minus-growth,long_short,vw,6,20,1.071,0.3,17.16,0.102,-64.48,17.4,86.2,83.3,88,86,272,0.55,0.113,-61.79,1.1318,-0.25000000000000006,-0.01100000000000001,-2.690000000000005,0.9462802615303058
top300,HML value-minus-growth,long_short,vw,6,50,0.9343,-0.3,17.17,0.067,-66.65,17.4,86.2,83.3,88,86,272,-0.26,0.063,-64.73,0.9417,-0.03999999999999998,0.0040000000000000036,-1.9200000000000017,0.9921418710842095
top300,HML value-minus-growth,long_short,vw,6,100,0.7429,-1.3,17.23,0.008,-70.18,17.4,86.2,83.3,88,86,272,-1.61,-0.021,-69.17,0.6922,0.31000000000000005,0.029,-1.0100000000000051,1.0732447269575267
top300,HML value-minus-growth,long_short,vw,7,0,1.1928,0.78,16.69,0.129,-60.9,17.3,86.1,82.9,88,88,272,1.09,0.147,-59.76,1.279,-0.31000000000000005,-0.017999999999999988,-1.1400000000000006,0.9326035965598125
top300,HML value-minus-growth,long_short,vw,7,10,1.14,0.58,16.7,0.117,-61.48,17.3,86.1,82.9,88,88,272,0.82,0.13,-60.75,1.2032,-0.24,-0.012999999999999998,-0.7299999999999969,0.947473404255319
top300,HML value-minus-growth,long_short,vw,7,20,1.0896,0.38,16.7,0.105,-62.04,17.3,86.1,82.9,88,88,272,0.55,0.113,-61.79,1.1318,-0.17000000000000004,-0.008000000000000007,-0.25,0.9627142604700477
top300,HML value-minus-growth,long_short,vw,7,50,0.9507,-0.22,16.73,0.069,-65.26,17.3,86.1,82.9,88,88,272,-0.26,0.063,-64.73,0.9417,0.04000000000000001,0.006000000000000005,-0.5300000000000011,1.009557183816502
top300,HML value-minus-growth,long_short,vw,7,100,0.756,-1.23,16.82,0.01,-70.45,17.3,86.1,82.9,88,88,272,-1.61,-0.021,-69.17,0.6922,0.3800000000000001,0.031,-1.2800000000000011,1.0921698930944812
top300,HML value-minus-growth,long_short,vw,8,0,0.9945,-0.02,17.6,0.085,-64.88,16.8,86.2,83.1,88,88,272,1.09,0.147,-59.76,1.279,-1.11,-0.061999999999999986,-5.119999999999997,0.77756059421423
top300,HML value-minus-growth,long_short,vw,8,10,0.9516,-0.22,17.61,0.074,-65.97,16.8,86.2,83.1,88,88,272,0.82,0.13,-60.75,1.2032,-1.04,-0.05600000000000001,-5.219999999999999,0.7908909574468085
top300,HML value-minus-growth,long_short,vw,8,20,0.9105,-0.41,17.62,0.063,-67.02,16.8,86.2,83.1,88,88,272,0.55,0.113,-61.79,1.1318,-0.96,-0.05,-5.229999999999997,0.804470754550274
top300,HML value-minus-growth,long_short,vw,8,50,0.7971,-1.0,17.66,0.03,-70.01,16.8,86.2,83.1,88,88,272,-0.26,0.063,-64.73,0.9417,-0.74,-0.033,-5.280000000000001,0.8464479133482001
top300,HML value-minus-growth,long_short,vw,8,100,0.6374,-1.97,17.76,-0.024,-74.45,16.8,86.2,83.1,88,88,272,-1.61,-0.021,-69.17,0.6922,-0.3599999999999999,-0.002999999999999999,-5.280000000000001,0.9208321294423576
top300,HML value-minus-growth,long_short,vw,9,0,1.1612,0.66,17.4,0.124,-65.23,16.6,85.8,82.7,88,86,272,1.09,0.147,-59.76,1.279,-0.43000000000000005,-0.022999999999999993,-5.470000000000006,0.9078967943706021
top300,HML value-minus-growth,long_short,vw,9,10,1.1125,0.47,17.39,0.113,-66.24,16.6,85.8,82.7,88,86,272,0.82,0.13,-60.75,1.2032,-0.35,-0.017,-5.489999999999995,0.9246176861702128
top300,HML value-minus-growth,long_short,vw,9,20,1.0657,0.28,17.39,0.102,-67.22,16.6,85.8,82.7,88,86,272,0.55,0.113,-61.79,1.1318,-0.27,-0.01100000000000001,-5.43,0.9415974553808095
top300,HML value-minus-growth,long_short,vw,9,50,0.9364,-0.29,17.38,0.069,-70.11,16.6,85.8,82.7,88,86,272,-0.26,0.063,-64.73,0.9417,-0.02999999999999997,0.006000000000000005,-5.3799999999999955,0.9943718806413933
top300,HML value-minus-growth,long_short,vw,9,100,0.7533,-1.24,17.41,0.014,-74.52,16.6,85.8,82.7,88,86,272,-1.61,-0.021,-69.17,0.6922,0.3700000000000001,0.035,-5.349999999999994,1.0882692863334296
top300,HML value-minus-growth,long_short,vw,10,0,1.2123,0.85,17.3,0.134,-64.53,16.3,86.1,83.3,88,86,272,1.09,0.147,-59.76,1.279,-0.2400000000000001,-0.012999999999999984,-4.770000000000003,0.9478498827208757
top300,HML value-minus-growth,long_short,vw,10,10,1.1622,0.67,17.3,0.123,-65.08,16.3,86.1,83.3,88,86,272,0.82,0.13,-60.75,1.2032,-0.1499999999999999,-0.007000000000000006,-4.329999999999998,0.9659242021276595
top300,HML value-minus-growth,long_short,vw,10,20,1.1141,0.48,17.3,0.113,-65.62,16.3,86.1,83.3,88,86,272,0.55,0.113,-61.79,1.1318,-0.07000000000000006,0.0,-3.8300000000000054,0.9843611945573424
top300,HML value-minus-growth,long_short,vw,10,50,0.9808,-0.09,17.3,0.08,-67.21,16.3,86.1,83.3,88,86,272,-0.26,0.063,-64.73,0.9417,0.17,0.017,-2.4799999999999898,1.0415206541361368
top300,HML value-minus-growth,long_short,vw,10,100,0.7916,-1.03,17.36,0.026,-69.7,16.3,86.1,83.3,88,86,272,-1.61,-0.021,-69.17,0.6922,0.5800000000000001,0.047,-0.5300000000000011,1.1436001155735336
top300,HML value-minus-growth,long_short,vw,11,0,1.1314,0.55,17.86,0.118,-63.06,16.2,86.1,83.0,88,88,272,1.09,0.147,-59.76,1.279,-0.54,-0.028999999999999998,-3.3000000000000043,0.8845973416731822
top300,HML value-minus-growth,long_short,vw,11,10,1.0853,0.36,17.85,0.108,-63.62,16.2,86.1,83.0,88,88,272,0.82,0.13,-60.75,1.2032,-0.45999999999999996,-0.022000000000000006,-2.8699999999999974,0.9020113031914893
top300,HML value-minus-growth,long_short,vw,11,20,1.041,0.18,17.84,0.097,-64.18,16.2,86.1,83.0,88,88,272,0.55,0.113,-61.79,1.1318,-0.37000000000000005,-0.016,-2.3900000000000077,0.919773811627496
top300,HML value-minus-growth,long_short,vw,11,50,0.9182,-0.38,17.83,0.066,-67.01,16.2,86.1,83.0,88,88,272,-0.26,0.063,-64.73,0.9417,-0.12,0.0030000000000000027,-2.280000000000001,0.9750451311458002
top300,HML value-minus-growth,long_short,vw,11,100,0.7434,-1.3,17.85,0.014,-71.76,16.2,86.1,83.0,88,88,272,-1.61,-0.021,-69.17,0.6922,0.31000000000000005,0.035,-2.5900000000000034,1.0739670615429064
top300,HML value-minus-growth,long_short,vw,12,0,1.3118,1.2,17.52,0.155,-61.6,16.0,86.5,83.4,88,88,272,1.09,0.147,-59.76,1.279,0.10999999999999988,0.008000000000000007,-1.8400000000000034,1.0256450351837374
top300,HML value-minus-growth,long_short,vw,12,10,1.2587,1.02,17.52,0.144,-62.35,16.0,86.5,83.4,88,88,272,0.82,0.13,-60.75,1.2032,0.20000000000000007,0.013999999999999985,-1.6000000000000014,1.046126994680851
top300,HML value-minus-growth,long_short,vw,12,20,1.2076,0.84,17.52,0.134,-63.08,16.0,86.5,83.4,88,88,272,0.55,0.113,-61.79,1.1318,0.2899999999999999,0.021000000000000005,-1.2899999999999991,1.0669729634210992
top300,HML value-minus-growth,long_short,vw,12,50,1.066,0.28,17.53,0.102,-65.2,16.0,86.5,83.4,88,88,272,-0.26,0.063,-64.73,0.9417,0.54,0.03899999999999999,-0.46999999999999886,1.131995327599023
top300,HML value-minus-growth,long_short,vw,12,100,0.8642,-0.64,17.59,0.05,-68.49,16.0,86.5,83.4,88,88,272,-1.61,-0.021,-69.17,0.6922,0.9700000000000001,0.07100000000000001,0.6800000000000068,1.248483097370702
top300,RMW robust-minus-weak,long_short,vw,1,0,1.9612,3.02,12.98,0.295,-41.17,25.5,65.9,66.5,44,41,272,3.02,0.295,-41.17,1.9612,0.0,0.0,0.0,1.0
top300,RMW robust-minus-weak,long_short,vw,1,10,1.8334,2.71,12.99,0.272,-41.85,25.5,65.9,66.5,44,41,272,2.71,0.272,-41.85,1.8334,0.0,0.0,0.0,1.0
top300,RMW robust-minus-weak,long_short,vw,1,20,1.7138,2.41,13.0,0.249,-42.53,25.5,65.9,66.5,44,41,272,2.41,0.249,-42.53,1.7138,0.0,0.0,0.0,1.0
top300,RMW robust-minus-weak,long_short,vw,1,50,1.3992,1.49,13.03,0.18,-44.53,25.5,65.9,66.5,44,41,272,1.49,0.18,-44.53,1.3992,0.0,0.0,0.0,1.0
top300,RMW robust-minus-weak,long_short,vw,1,100,0.9966,-0.01,13.13,0.065,-47.72,25.5,65.9,66.5,44,41,272,-0.01,0.065,-47.72,0.9966,0.0,0.0,0.0,1.0
top300,RMW robust-minus-weak,long_short,vw,2,0,1.9797,3.06,13.05,0.297,-41.64,21.0,65.9,66.6,44,41,272,3.02,0.295,-41.17,1.9612,0.040000000000000036,0.0020000000000000018,-0.46999999999999886,1.0094330002039567
top300,RMW robust-minus-weak,long_short,vw,2,10,1.873,2.81,13.06,0.278,-42.24,21.0,65.9,66.6,44,41,272,2.71,0.272,-41.85,1.8334,0.10000000000000009,0.006000000000000005,-0.39000000000000057,1.0215992145740156
top300,RMW robust-minus-weak,long_short,vw,2,20,1.7719,2.56,13.08,0.26,-42.83,21.0,65.9,66.6,44,41,272,2.41,0.249,-42.53,1.7138,0.1499999999999999,0.01100000000000001,-0.29999999999999716,1.0339012720270744
top300,RMW robust-minus-weak,long_short,vw,2,50,1.4996,1.8,13.13,0.203,-44.57,21.0,65.9,66.6,44,41,272,1.49,0.18,-44.53,1.3992,0.31000000000000005,0.02300000000000002,-0.03999999999999915,1.0717552887364208
top300,RMW robust-minus-weak,long_short,vw,2,100,1.134,0.56,13.24,0.109,-47.37,21.0,65.9,66.6,44,41,272,-0.01,0.065,-47.72,0.9966,0.5700000000000001,0.044,0.3500000000000014,1.1378687537627934
top300,RMW robust-minus-weak,long_short,vw,3,0,1.9335,2.95,13.23,0.287,-42.26,20.1,66.0,66.6,44,41,272,3.02,0.295,-41.17,1.9612,-0.06999999999999984,-0.008000000000000007,-1.0899999999999963,0.9858759942892107
top300,RMW robust-minus-weak,long_short,vw,3,10,1.8339,2.71,13.24,0.27,-42.85,20.1,66.0,66.6,44,41,272,2.71,0.272,-41.85,1.8334,0.0,-0.0020000000000000018,-1.0,1.0002727173557326
top300,RMW robust-minus-weak,long_short,vw,3,20,1.7393,2.47,13.25,0.252,-43.42,20.1,66.0,66.6,44,41,272,2.41,0.249,-42.53,1.7138,0.06000000000000005,0.0030000000000000027,-0.8900000000000006,1.0148792157778037
top300,RMW robust-minus-weak,long_short,vw,3,50,1.4831,1.75,13.3,0.198,-45.12,20.1,66.0,66.6,44,41,272,1.49,0.18,-44.53,1.3992,0.26,0.018000000000000016,-0.5899999999999963,1.0599628359062323
top300,RMW robust-minus-weak,long_short,vw,3,100,1.1356,0.56,13.43,0.11,-47.85,20.1,66.0,66.6,44,41,272,-0.01,0.065,-47.72,0.9966,0.5700000000000001,0.045,-0.13000000000000256,1.1394742123218944
top300,RMW robust-minus-weak,long_short,vw,4,0,2.0888,3.3,13.18,0.314,-38.3,18.1,66.0,66.6,44,41,272,3.02,0.295,-41.17,1.9612,0.2799999999999998,0.019000000000000017,2.8700000000000045,1.0650622068121558
top300,RMW robust-minus-weak,long_short,vw,4,10,1.9927,3.09,13.18,0.298,-38.81,18.1,66.0,66.6,44,41,272,2.71,0.272,-41.85,1.8334,0.3799999999999999,0.025999999999999968,3.039999999999999,1.0868877495363805
top300,RMW robust-minus-weak,long_short,vw,4,20,1.9009,2.87,13.18,0.282,-39.32,18.1,66.0,66.6,44,41,272,2.41,0.249,-42.53,1.7138,0.45999999999999996,0.032999999999999974,3.210000000000001,1.1091725989030226
top300,RMW robust-minus-weak,long_short,vw,4,50,1.6493,2.23,13.21,0.234,-40.82,18.1,66.0,66.6,44,41,272,1.49,0.18,-44.53,1.3992,0.74,0.05400000000000002,3.710000000000001,1.1787449971412236
top300,RMW robust-minus-weak,long_short,vw,4,100,1.2999,1.16,13.29,0.155,-43.26,18.1,66.0,66.6,44,41,272,-0.01,0.065,-47.72,0.9966,1.17,0.09,4.460000000000001,1.3043347381095725
top300,RMW robust-minus-weak,long_short,vw,5,0,2.1422,3.42,13.44,0.318,-39.75,17.5,66.0,66.6,44,41,272,3.02,0.295,-41.17,1.9612,0.3999999999999999,0.02300000000000002,1.4200000000000017,1.0922904344279012
top300,RMW robust-minus-weak,long_short,vw,5,10,2.047,3.21,13.44,0.303,-40.25,17.5,66.0,66.6,44,41,272,2.71,0.272,-41.85,1.8334,0.5,0.030999999999999972,1.6000000000000014,1.1165048543689322
top300,RMW robust-minus-weak,long_short,vw,5,20,1.9558,3.0,13.45,0.288,-40.76,17.5,66.0,66.6,44,41,272,2.41,0.249,-42.53,1.7138,0.5899999999999999,0.03899999999999998,1.7700000000000031,1.141206675224647
top300,RMW robust-minus-weak,long_short,vw,5,50,1.7053,2.38,13.47,0.243,-42.24,17.5,66.0,66.6,44,41,272,1.49,0.18,-44.53,1.3992,0.8899999999999999,0.063,2.289999999999999,1.218767867352773
top300,RMW robust-minus-weak,long_short,vw,5,100,1.3551,1.35,13.56,0.167,-44.65,17.5,66.0,66.6,44,41,272,-0.01,0.065,-47.72,0.9966,1.36,0.10200000000000001,3.0700000000000003,1.359723058398555
top300,RMW robust-minus-weak,long_short,vw,6,0,2.4246,3.98,14.13,0.348,-45.62,16.8,66.1,66.7,44,41,272,3.02,0.295,-41.17,1.9612,0.96,0.05299999999999999,-4.449999999999996,1.236283907811544
top300,RMW robust-minus-weak,long_short,vw,6,10,2.3207,3.78,14.13,0.335,-46.12,16.8,66.1,66.7,44,41,272,2.71,0.272,-41.85,1.8334,1.0699999999999998,0.063,-4.269999999999996,1.2657903348969128
top300,RMW robust-minus-weak,long_short,vw,6,20,2.221,3.58,14.14,0.321,-46.62,16.8,66.1,66.7,44,41,272,2.41,0.249,-42.53,1.7138,1.17,0.07200000000000001,-4.089999999999996,1.2959505193138057
top300,RMW robust-minus-weak,long_short,vw,6,50,1.9461,2.98,14.18,0.279,-48.1,16.8,66.1,66.7,44,41,272,1.49,0.18,-44.53,1.3992,1.49,0.09900000000000003,-3.5700000000000003,1.3908662092624355
top300,RMW robust-minus-weak,long_short,vw,6,100,1.559,1.98,14.29,0.209,-50.48,16.8,66.1,66.7,44,41,272,-0.01,0.065,-47.72,0.9966,1.99,0.144,-2.759999999999998,1.5643186835239815
top300,RMW robust-minus-weak,long_short,vw,7,0,2.036,3.19,13.16,0.305,-40.12,15.7,66.3,66.7,44,41,272,3.02,0.295,-41.17,1.9612,0.16999999999999993,0.010000000000000009,1.0500000000000043,1.0381399143381602
top300,RMW robust-minus-weak,long_short,vw,7,10,1.9552,3.0,13.16,0.291,-40.54,15.7,66.3,66.7,44,41,272,2.71,0.272,-41.85,1.8334,0.29000000000000004,0.01899999999999996,1.3100000000000023,1.0664339478564417
top300,RMW robust-minus-weak,long_short,vw,7,20,1.8775,2.82,13.15,0.278,-40.96,15.7,66.3,66.7,44,41,272,2.41,0.249,-42.53,1.7138,0.4099999999999997,0.029000000000000026,1.5700000000000003,1.0955187303069203
top300,RMW robust-minus-weak,long_short,vw,7,50,1.6618,2.27,13.16,0.237,-42.2,15.7,66.3,66.7,44,41,272,1.49,0.18,-44.53,1.3992,0.78,0.056999999999999995,2.3299999999999983,1.18767867352773
top300,RMW robust-minus-weak,long_short,vw,7,100,1.3539,1.35,13.21,0.168,-44.41,15.7,66.3,66.7,44,41,272,-0.01,0.065,-47.72,0.9966,1.36,0.10300000000000001,3.3100000000000023,1.3585189644792295
top300,RMW robust-minus-weak,long_short,vw,8,0,2.3189,3.78,13.73,0.34,-44.36,15.5,65.7,66.3,44,41,272,3.02,0.295,-41.17,1.9612,0.7599999999999998,0.04500000000000004,-3.1899999999999977,1.1823883336732612
top300,RMW robust-minus-weak,long_short,vw,8,10,2.2273,3.6,13.74,0.327,-44.76,15.5,65.7,66.3,44,41,272,2.71,0.272,-41.85,1.8334,0.8900000000000001,0.05499999999999999,-2.9099999999999966,1.2148467328460784
top300,RMW robust-minus-weak,long_short,vw,8,20,2.1391,3.41,13.75,0.314,-45.16,15.5,65.7,66.3,44,41,272,2.41,0.249,-42.53,1.7138,1.0,0.065,-2.6299999999999955,1.2481619792274479
top300,RMW robust-minus-weak,long_short,vw,8,50,1.894,2.86,13.8,0.274,-46.35,15.5,65.7,66.3,44,41,272,1.49,0.18,-44.53,1.3992,1.3699999999999999,0.09400000000000003,-1.8200000000000003,1.3536306460834762
top300,RMW robust-minus-weak,long_short,vw,8,100,1.5441,1.94,13.92,0.208,-48.28,15.5,65.7,66.3,44,41,272,-0.01,0.065,-47.72,0.9966,1.95,0.143,-0.5600000000000023,1.549367850692354
top300,RMW robust-minus-weak,long_short,vw,9,0,2.0985,3.32,14.26,0.301,-49.3,15.7,66.2,66.9,44,41,272,3.02,0.295,-41.17,1.9612,0.2999999999999998,0.006000000000000005,-8.129999999999995,1.0700081582704466
top300,RMW robust-minus-weak,long_short,vw,9,10,2.0135,3.14,14.28,0.288,-49.78,15.7,66.2,66.9,44,41,272,2.71,0.272,-41.85,1.8334,0.43000000000000016,0.01599999999999996,-7.93,1.0982327915348533
top300,RMW robust-minus-weak,long_short,vw,9,20,1.9319,2.95,14.3,0.275,-50.26,15.7,66.2,66.9,44,41,272,2.41,0.249,-42.53,1.7138,0.54,0.026000000000000023,-7.729999999999997,1.1272610572995683
top300,RMW robust-minus-weak,long_short,vw,9,50,1.7054,2.38,14.37,0.236,-51.68,15.7,66.2,66.9,44,41,272,1.49,0.18,-44.53,1.3992,0.8899999999999999,0.055999999999999994,-7.149999999999999,1.218839336763865
top300,RMW robust-minus-weak,long_short,vw,9,100,1.383,1.44,14.54,0.172,-53.98,15.7,66.2,66.9,44,41,272,-0.01,0.065,-47.72,0.9966,1.45,0.10699999999999998,-6.259999999999998,1.3877182420228777
top300,RMW robust-minus-weak,long_short,vw,10,0,1.5124,1.84,14.28,0.201,-47.07,15.8,66.4,67.2,44,41,272,3.02,0.295,-41.17,1.9612,-1.18,-0.09399999999999997,-5.899999999999999,0.7711605139710381
top300,RMW robust-minus-weak,long_short,vw,10,10,1.4513,1.66,14.29,0.188,-47.48,15.8,66.4,67.2,44,41,272,2.71,0.272,-41.85,1.8334,-1.05,-0.08400000000000002,-5.6299999999999955,0.7915893967492091
top300,RMW robust-minus-weak,long_short,vw,10,20,1.3926,1.47,14.31,0.175,-47.89,15.8,66.4,67.2,44,41,272,2.41,0.249,-42.53,1.7138,-0.9400000000000002,-0.07400000000000001,-5.359999999999999,0.8125802310654686
top300,RMW robust-minus-weak,long_short,vw,10,50,1.2298,0.92,14.36,0.137,-49.1,15.8,66.4,67.2,44,41,272,1.49,0.18,-44.53,1.3992,-0.57,-0.04299999999999998,-4.57,0.8789308176100629
top300,RMW robust-minus-weak,long_short,vw,10,100,0.9978,-0.01,14.49,0.073,-51.06,15.8,66.4,67.2,44,41,272,-0.01,0.065,-47.72,0.9966,0.0,0.007999999999999993,-3.3400000000000034,1.0012040939193256
top300,RMW robust-minus-weak,long_short,vw,11,0,1.0819,0.35,16.05,0.105,-59.62,16.1,66.0,66.5,44,41,272,3.02,0.295,-41.17,1.9612,-2.67,-0.19,-18.449999999999996,0.5516520497654498
top300,RMW robust-minus-weak,long_short,vw,11,10,1.0373,0.16,16.06,0.094,-60.03,16.1,66.0,66.5,44,41,272,2.71,0.272,-41.85,1.8334,-2.55,-0.17800000000000002,-18.18,0.5657794262026836
top300,RMW robust-minus-weak,long_short,vw,11,20,0.9944,-0.02,16.07,0.082,-60.43,16.1,66.0,66.5,44,41,272,2.41,0.249,-42.53,1.7138,-2.43,-0.16699999999999998,-17.9,0.5802310654685494
top300,RMW robust-minus-weak,long_short,vw,11,50,0.8755,-0.58,16.11,0.047,-61.63,16.1,66.0,66.5,44,41,272,1.49,0.18,-44.53,1.3992,-2.07,-0.133,-17.1,0.6257146941109205
top300,RMW robust-minus-weak,long_short,vw,11,100,0.7068,-1.52,16.22,-0.01,-64.05,16.1,66.0,66.5,44,41,272,-0.01,0.065,-47.72,0.9966,-1.51,-0.075,-16.33,0.7092113184828416
top300,RMW robust-minus-weak,long_short,vw,12,0,2.6974,4.47,14.32,0.378,-41.1,14.9,66.2,66.7,44,41,272,3.02,0.295,-41.17,1.9612,1.4499999999999997,0.08300000000000002,0.07000000000000028,1.3753824189271875
top300,RMW robust-minus-weak,long_short,vw,12,10,2.5956,4.3,14.33,0.366,-41.49,14.9,66.2,66.7,44,41,272,2.71,0.272,-41.85,1.8334,1.5899999999999999,0.09399999999999997,0.35999999999999943,1.4157303370786518
top300,RMW robust-minus-weak,long_short,vw,12,20,2.4974,4.12,14.34,0.354,-41.89,14.9,66.2,66.7,44,41,272,2.41,0.249,-42.53,1.7138,1.71,0.10499999999999998,0.6400000000000006,1.4572295483720386
top300,RMW robust-minus-weak,long_short,vw,12,50,2.2235,3.59,14.38,0.318,-43.05,14.9,66.2,66.7,44,41,272,1.49,0.18,-44.53,1.3992,2.0999999999999996,0.138,1.480000000000004,1.5891223556317897
top300,RMW robust-minus-weak,long_short,vw,12,100,1.8292,2.7,14.49,0.257,-44.94,14.9,66.2,66.7,44,41,272,-0.01,0.065,-47.72,0.9966,2.71,0.192,2.780000000000001,1.8354404976921532
top300,CMA conservative-minus-aggressive,long_short,vw,1,0,1.0634,0.27,13.88,0.09,-50.42,34.1,86.0,85.8,87,85,272,0.27,0.09,-50.42,1.0634,0.0,0.0,0.0,1.0
top300,CMA conservative-minus-aggressive,long_short,vw,1,10,0.9712,-0.13,13.88,0.061,-52.7,34.1,86.0,85.8,87,85,272,-0.13,0.061,-52.7,0.9712,0.0,0.0,0.0,1.0
top300,CMA conservative-minus-aggressive,long_short,vw,1,20,0.8869,-0.53,13.88,0.032,-55.05,34.1,86.0,85.8,87,85,272,-0.53,0.032,-55.05,0.8869,0.0,0.0,0.0,1.0
top300,CMA conservative-minus-aggressive,long_short,vw,1,50,0.6746,-1.72,13.9,-0.054,-61.65,34.1,86.0,85.8,87,85,272,-1.72,-0.054,-61.65,0.6746,0.0,0.0,0.0,1.0
top300,CMA conservative-minus-aggressive,long_short,vw,1,100,0.4263,-3.69,14.02,-0.197,-70.63,34.1,86.0,85.8,87,85,272,-3.69,-0.197,-70.63,0.4263,0.0,0.0,0.0,1.0
top300,CMA conservative-minus-aggressive,long_short,vw,2,0,0.9225,-0.36,15.11,0.056,-56.97,30.1,86.0,85.8,87,85,272,0.27,0.09,-50.42,1.0634,-0.63,-0.033999999999999996,-6.549999999999997,0.8675004701899568
top300,CMA conservative-minus-aggressive,long_short,vw,2,10,0.8515,-0.71,15.11,0.033,-58.76,30.1,86.0,85.8,87,85,272,-0.13,0.061,-52.7,0.9712,-0.58,-0.027999999999999997,-6.059999999999995,0.8767504118616146
top300,CMA conservative-minus-aggressive,long_short,vw,2,20,0.7859,-1.06,15.12,0.01,-60.47,30.1,86.0,85.8,87,85,272,-0.53,0.032,-55.05,0.8869,-0.53,-0.022,-5.420000000000002,0.8861201939339272
top300,CMA conservative-minus-aggressive,long_short,vw,2,50,0.6172,-2.11,15.16,-0.06,-65.41,30.1,86.0,85.8,87,85,272,-1.72,-0.054,-61.65,0.6746,-0.3899999999999999,-0.005999999999999998,-3.759999999999998,0.9149125407648977
top300,CMA conservative-minus-aggressive,long_short,vw,2,100,0.4112,-3.85,15.32,-0.175,-72.79,30.1,86.0,85.8,87,85,272,-3.69,-0.197,-70.63,0.4263,-0.16000000000000014,0.02200000000000002,-2.160000000000011,0.9645789350222848
top300,CMA conservative-minus-aggressive,long_short,vw,3,0,0.8851,-0.54,14.36,0.039,-58.56,29.6,86.0,85.8,87,85,272,0.27,0.09,-50.42,1.0634,-0.81,-0.051,-8.14,0.8323302614256161
top300,CMA conservative-minus-aggressive,long_short,vw,3,10,0.8185,-0.88,14.34,0.015,-60.26,29.6,86.0,85.8,87,85,272,-0.13,0.061,-52.7,0.9712,-0.75,-0.046,-7.559999999999995,0.8427718286655684
top300,CMA conservative-minus-aggressive,long_short,vw,3,20,0.7568,-1.22,14.34,-0.009,-61.89,29.6,86.0,85.8,87,85,272,-0.53,0.032,-55.05,0.8869,-0.69,-0.041,-6.840000000000003,0.8533092795129101
top300,CMA conservative-minus-aggressive,long_short,vw,3,50,0.5976,-2.25,14.34,-0.082,-66.44,29.6,86.0,85.8,87,85,272,-1.72,-0.054,-61.65,0.6746,-0.53,-0.028000000000000004,-4.789999999999999,0.885858286391936
top300,CMA conservative-minus-aggressive,long_short,vw,3,100,0.4016,-3.94,14.45,-0.201,-73.47,29.6,86.0,85.8,87,85,272,-3.69,-0.197,-70.63,0.4263,-0.25,-0.0040000000000000036,-2.8400000000000034,0.9420595824536712
top300,CMA conservative-minus-aggressive,long_short,vw,4,0,1.0431,0.19,14.06,0.087,-55.0,27.2,86.0,85.9,87,87,272,0.27,0.09,-50.42,1.0634,-0.08000000000000002,-0.0030000000000000027,-4.579999999999998,0.9809102877562536
top300,CMA conservative-minus-aggressive,long_short,vw,4,10,0.9709,-0.13,14.05,0.065,-56.73,27.2,86.0,85.9,87,87,272,-0.13,0.061,-52.7,0.9712,0.0,0.0040000000000000036,-4.029999999999994,0.9996911037891268
top300,CMA conservative-minus-aggressive,long_short,vw,4,20,0.9035,-0.45,14.04,0.042,-58.4,27.2,86.0,85.9,87,87,272,-0.53,0.032,-55.05,0.8869,0.08000000000000002,0.010000000000000002,-3.3500000000000014,1.0187168790168
top300,CMA conservative-minus-aggressive,long_short,vw,4,50,0.7274,-1.39,14.06,-0.025,-63.05,27.2,86.0,85.9,87,87,272,-1.72,-0.054,-61.65,0.6746,0.33000000000000007,0.028999999999999998,-1.3999999999999986,1.0782686036169582
top300,CMA conservative-minus-aggressive,long_short,vw,4,100,0.505,-2.97,14.2,-0.137,-70.0,27.2,86.0,85.9,87,87,272,-3.69,-0.197,-70.63,0.4263,0.7199999999999998,0.06,0.6299999999999955,1.1846117757447807
top300,CMA conservative-minus-aggressive,long_short,vw,5,0,1.0261,0.11,16.01,0.096,-59.08,28.4,86.0,85.8,87,85,272,0.27,0.09,-50.42,1.0634,-0.16000000000000003,0.006000000000000005,-8.659999999999997,0.9649238292270078
top300,CMA conservative-minus-aggressive,long_short,vw,5,10,0.9517,-0.22,16.01,0.075,-60.81,28.4,86.0,85.8,87,85,272,-0.13,0.061,-52.7,0.9712,-0.09,0.013999999999999999,-8.11,0.9799217462932455
top300,CMA conservative-minus-aggressive,long_short,vw,5,20,0.8825,-0.55,16.01,0.055,-62.47,28.4,86.0,85.8,87,85,272,-0.53,0.032,-55.05,0.8869,-0.020000000000000018,0.023,-7.420000000000002,0.9950388995377155
top300,CMA conservative-minus-aggressive,long_short,vw,5,50,0.7027,-1.54,16.05,-0.008,-67.07,28.4,86.0,85.8,87,85,272,-1.72,-0.054,-61.65,0.6746,0.17999999999999994,0.046,-5.419999999999995,1.0416543136673584
top300,CMA conservative-minus-aggressive,long_short,vw,5,100,0.4786,-3.2,16.23,-0.11,-73.6,28.4,86.0,85.8,87,85,272,-3.69,-0.197,-70.63,0.4263,0.48999999999999977,0.08700000000000001,-2.969999999999999,1.122683556181093
top300,CMA conservative-minus-aggressive,long_short,vw,6,0,0.6993,-1.57,15.03,-0.024,-66.65,28.0,86.1,85.9,87,85,272,0.27,0.09,-50.42,1.0634,-1.84,-0.11399999999999999,-16.230000000000004,0.6576076735000941
top300,CMA conservative-minus-aggressive,long_short,vw,6,10,0.6493,-1.89,15.02,-0.046,-68.03,28.0,86.1,85.9,87,85,272,-0.13,0.061,-52.7,0.9712,-1.7599999999999998,-0.107,-15.329999999999998,0.6685543657331137
top300,CMA conservative-minus-aggressive,long_short,vw,6,20,0.6028,-2.21,15.02,-0.068,-69.37,28.0,86.1,85.9,87,85,272,-0.53,0.032,-55.05,0.8869,-1.68,-0.1,-14.320000000000007,0.6796707633329575
top300,CMA conservative-minus-aggressive,long_short,vw,6,50,0.4814,-3.17,15.07,-0.133,-73.09,28.0,86.1,85.9,87,85,272,-1.72,-0.054,-61.65,0.6746,-1.45,-0.07900000000000001,-11.440000000000005,0.7136080640379484
top300,CMA conservative-minus-aggressive,long_short,vw,6,100,0.3291,-4.79,15.29,-0.238,-78.49,28.0,86.1,85.9,87,85,272,-3.69,-0.197,-70.63,0.4263,-1.1,-0.04099999999999998,-7.859999999999999,0.7719915552427867
top300,CMA conservative-minus-aggressive,long_short,vw,7,0,1.037,0.16,13.39,0.081,-36.07,25.6,86.0,85.9,87,87,272,0.27,0.09,-50.42,1.0634,-0.11000000000000001,-0.008999999999999994,14.350000000000001,0.9751739702839948
top300,CMA conservative-minus-aggressive,long_short,vw,7,10,0.9693,-0.14,13.39,0.058,-37.83,25.6,86.0,85.9,87,87,272,-0.13,0.061,-52.7,0.9712,-0.010000000000000009,-0.0029999999999999957,14.870000000000005,0.9980436573311369
top300,CMA conservative-minus-aggressive,long_short,vw,7,20,0.9058,-0.44,13.39,0.036,-39.88,25.6,86.0,85.9,87,87,272,-0.53,0.032,-55.05,0.8869,0.09000000000000002,0.003999999999999997,15.169999999999995,1.021310181531176
top300,CMA conservative-minus-aggressive,long_short,vw,7,50,0.7384,-1.33,13.43,-0.031,-45.68,25.6,86.0,85.9,87,87,272,-1.72,-0.054,-61.65,0.6746,0.3899999999999999,0.023,15.969999999999999,1.0945745627038244
top300,CMA conservative-minus-aggressive,long_short,vw,7,100,0.5233,-2.82,13.61,-0.14,-56.7,25.6,86.0,85.9,87,87,272,-3.69,-0.197,-70.63,0.4263,0.8700000000000001,0.056999999999999995,13.929999999999993,1.2275392915787005
top300,CMA conservative-minus-aggressive,long_short,vw,8,0,1.1139,0.48,14.52,0.11,-60.81,26.1,86.0,85.9,87,87,272,0.27,0.09,-50.42,1.0634,0.20999999999999996,0.020000000000000004,-10.39,1.047489185630995
top300,CMA conservative-minus-aggressive,long_short,vw,8,10,1.0399,0.17,14.52,0.089,-62.05,26.1,86.0,85.9,87,87,272,-0.13,0.061,-52.7,0.9712,0.30000000000000004,0.027999999999999997,-9.349999999999994,1.0707372322899507
top300,CMA conservative-minus-aggressive,long_short,vw,8,20,0.9706,-0.13,14.52,0.068,-63.46,26.1,86.0,85.9,87,87,272,-0.53,0.032,-55.05,0.8869,0.4,0.036000000000000004,-8.410000000000004,1.0943736610666366
top300,CMA conservative-minus-aggressive,long_short,vw,8,50,0.7879,-1.05,14.56,0.005,-67.41,26.1,86.0,85.9,87,87,272,-1.72,-0.054,-61.65,0.6746,0.6699999999999999,0.059,-5.759999999999998,1.1679513785947229
top300,CMA conservative-minus-aggressive,long_short,vw,8,100,0.5536,-2.57,14.78,-0.098,-73.47,26.1,86.0,85.9,87,87,272,-3.69,-0.197,-70.63,0.4263,1.12,0.099,-2.8400000000000034,1.2986159981233871
top300,CMA conservative-minus-aggressive,long_short,vw,9,0,0.8909,-0.51,14.8,0.04,-53.55,25.1,86.0,85.9,87,85,272,0.27,0.09,-50.42,1.0634,-0.78,-0.049999999999999996,-3.1299999999999955,0.8377844649238293
top300,CMA conservative-minus-aggressive,long_short,vw,9,10,0.8336,-0.8,14.8,0.02,-54.98,25.1,86.0,85.9,87,85,272,-0.13,0.061,-52.7,0.9712,-0.67,-0.040999999999999995,-2.279999999999994,0.8583196046128502
top300,CMA conservative-minus-aggressive,long_short,vw,9,20,0.7798,-1.09,14.81,0.001,-56.38,25.1,86.0,85.9,87,85,272,-0.53,0.032,-55.05,0.8869,-0.56,-0.031,-1.3300000000000054,0.8792423046566693
top300,CMA conservative-minus-aggressive,long_short,vw,9,50,0.6376,-1.97,14.87,-0.059,-60.5,25.1,86.0,85.9,87,85,272,-1.72,-0.054,-61.65,0.6746,-0.25,-0.0049999999999999975,1.1499999999999986,0.9451526830714497
top300,CMA conservative-minus-aggressive,long_short,vw,9,100,0.4539,-3.42,15.07,-0.155,-67.54,25.1,86.0,85.9,87,85,272,-3.69,-0.197,-70.63,0.4263,0.27,0.04200000000000001,3.089999999999989,1.0647431386347643
top300,CMA conservative-minus-aggressive,long_short,vw,10,0,2.6064,4.32,13.99,0.372,-29.07,23.5,85.9,85.9,87,85,272,0.27,0.09,-50.42,1.0634,4.050000000000001,0.28200000000000003,21.35,2.451006206507429
top300,CMA conservative-minus-aggressive,long_short,vw,10,10,2.4503,4.03,13.99,0.352,-29.32,23.5,85.9,85.9,87,85,272,-0.13,0.061,-52.7,0.9712,4.16,0.291,23.380000000000003,2.5229612850082375
top300,CMA conservative-minus-aggressive,long_short,vw,10,20,2.3033,3.75,14.0,0.333,-29.85,23.5,85.9,85.9,87,85,272,-0.53,0.032,-55.05,0.8869,4.28,0.30100000000000005,25.199999999999996,2.5970233397226297
top300,CMA conservative-minus-aggressive,long_short,vw,10,50,1.911,2.9,14.05,0.273,-32.94,23.5,85.9,85.9,87,85,272,-1.72,-0.054,-61.65,0.6746,4.62,0.327,28.71,2.8327898013637713
top300,CMA conservative-minus-aggressive,long_short,vw,10,100,1.3951,1.48,14.23,0.174,-38.74,23.5,85.9,85.9,87,85,272,-3.69,-0.197,-70.63,0.4263,5.17,0.371,31.889999999999993,3.2725779967159276
top300,CMA conservative-minus-aggressive,long_short,vw,11,0,0.8697,-0.61,18.68,0.063,-63.01,25.7,85.9,85.9,87,87,272,0.27,0.09,-50.42,1.0634,-0.88,-0.026999999999999996,-12.589999999999996,0.8178484107579463
top300,CMA conservative-minus-aggressive,long_short,vw,11,10,0.8123,-0.91,18.68,0.047,-64.71,25.7,85.9,85.9,87,87,272,-0.13,0.061,-52.7,0.9712,-0.78,-0.013999999999999999,-12.009999999999991,0.8363879736408567
top300,CMA conservative-minus-aggressive,long_short,vw,11,20,0.7585,-1.21,18.69,0.031,-66.34,25.7,85.9,85.9,87,87,272,-0.53,0.032,-55.05,0.8869,-0.6799999999999999,-0.0010000000000000009,-11.290000000000006,0.8552260683278836
top300,CMA conservative-minus-aggressive,long_short,vw,11,50,0.6166,-2.11,18.76,-0.017,-70.82,25.7,85.9,85.9,87,87,272,-1.72,-0.054,-61.65,0.6746,-0.3899999999999999,0.037,-9.169999999999995,0.914023124814705
top300,CMA conservative-minus-aggressive,long_short,vw,11,100,0.4343,-3.61,18.98,-0.096,-77.1,25.7,85.9,85.9,87,87,272,-3.69,-0.197,-70.63,0.4263,0.08000000000000007,0.101,-6.469999999999999,1.0187661271405113
top300,CMA conservative-minus-aggressive,long_short,vw,12,0,1.5208,1.87,12.59,0.209,-32.77,23.5,86.3,86.0,87,87,272,0.27,0.09,-50.42,1.0634,1.6,0.119,17.65,1.430129772428061
top300,CMA conservative-minus-aggressive,long_short,vw,12,10,1.4298,1.59,12.58,0.188,-34.93,23.5,86.3,86.0,87,87,272,-0.13,0.061,-52.7,0.9712,1.7200000000000002,0.127,17.770000000000003,1.472199341021417
top300,CMA conservative-minus-aggressive,long_short,vw,12,20,1.344,1.31,12.58,0.166,-37.03,23.5,86.3,86.0,87,87,272,-0.53,0.032,-55.05,0.8869,1.84,0.134,18.019999999999996,1.5153906866614049
top300,CMA conservative-minus-aggressive,long_short,vw,12,50,1.1149,0.48,12.62,0.101,-42.95,23.5,86.3,86.0,87,87,272,-1.72,-0.054,-61.65,0.6746,2.2,0.155,18.699999999999996,1.652683071449748
top300,CMA conservative-minus-aggressive,long_short,vw,12,100,0.8136,-0.91,12.8,-0.008,-51.7,23.5,86.3,86.0,87,87,272,-3.69,-0.197,-70.63,0.4263,2.78,0.189,18.929999999999993,1.908515130190007
top300,MOM winner-minus-loser,long_short,vw,1,0,1.8559,2.77,20.93,0.245,-67.81,144.1,83.6,83.7,88,88,272,2.77,0.245,-67.81,1.8559,0.0,0.0,0.0,1.0
top300,MOM winner-minus-loser,long_short,vw,1,10,1.2557,1.01,20.93,0.163,-68.79,144.1,83.6,83.7,88,88,272,1.01,0.163,-68.79,1.2557,0.0,0.0,0.0,1.0
top300,MOM winner-minus-loser,long_short,vw,1,20,0.8491,-0.72,20.94,0.08,-69.8,144.1,83.6,83.7,88,88,272,-0.72,0.08,-69.8,0.8491,0.0,0.0,0.0,1.0
top300,MOM winner-minus-loser,long_short,vw,1,50,0.2614,-5.75,20.98,-0.166,-82.6,144.1,83.6,83.7,88,88,272,-5.75,-0.166,-82.6,0.2614,0.0,0.0,0.0,1.0
top300,MOM winner-minus-loser,long_short,vw,1,100,0.0362,-13.62,21.09,-0.573,-97.07,144.1,83.6,83.7,88,88,272,-13.62,-0.573,-97.07,0.0362,0.0,0.0,0.0,1.0
top300,MOM winner-minus-loser,long_short,vw,2,0,0.6543,-1.85,24.99,0.132,-88.41,98.4,83.3,81.5,78,84,272,2.77,0.245,-67.81,1.8559,-4.62,-0.11299999999999999,-20.599999999999994,0.35255132280834095
top300,MOM winner-minus-loser,long_short,vw,2,10,0.5024,-2.99,24.96,0.085,-88.83,98.4,83.3,81.5,78,84,272,1.01,0.163,-68.79,1.2557,-4.0,-0.078,-20.039999999999992,0.4000955642271243
top300,MOM winner-minus-loser,long_short,vw,2,20,0.3854,-4.12,24.94,0.038,-89.23,98.4,83.3,81.5,78,84,272,-0.72,0.08,-69.8,0.8491,-3.4000000000000004,-0.042,-19.430000000000007,0.4538923566128843
top300,MOM winner-minus-loser,long_short,vw,2,50,0.173,-7.45,24.96,-0.103,-91.66,98.4,83.3,81.5,78,84,272,-5.75,-0.166,-82.6,0.2614,-1.7000000000000002,0.06300000000000001,-9.060000000000002,0.6618209640397856
top300,MOM winner-minus-loser,long_short,vw,2,100,0.0446,-12.82,25.24,-0.334,-96.45,98.4,83.3,81.5,78,84,272,-13.62,-0.573,-97.07,0.0362,0.7999999999999989,0.23899999999999993,0.6199999999999903,1.2320441988950275
top300,MOM winner-minus-loser,long_short,vw,3,0,0.8449,-0.74,28.59,0.178,-87.89,74.3,83.4,79.7,78,84,272,2.77,0.245,-67.81,1.8559,-3.51,-0.067,-20.08,0.4552508217037556
top300,MOM winner-minus-loser,long_short,vw,3,10,0.6921,-1.61,28.58,0.147,-88.04,74.3,83.4,79.7,78,84,272,1.01,0.163,-68.79,1.2557,-2.62,-0.016000000000000014,-19.25,0.551166679939476
top300,MOM winner-minus-loser,long_short,vw,3,20,0.5666,-2.48,28.58,0.116,-88.19,74.3,83.4,79.7,78,84,272,-0.72,0.08,-69.8,0.8491,-1.76,0.036000000000000004,-18.39,0.6672947827111059
top300,MOM winner-minus-loser,long_short,vw,3,50,0.3097,-5.04,28.6,0.024,-88.64,74.3,83.4,79.7,78,84,272,-5.75,-0.166,-82.6,0.2614,0.71,0.19,-6.040000000000006,1.1847742922723794
top300,MOM winner-minus-loser,long_short,vw,3,100,0.1117,-9.22,28.79,-0.13,-92.91,74.3,83.4,79.7,78,84,272,-13.62,-0.573,-97.07,0.0362,4.399999999999999,0.44299999999999995,4.159999999999997,3.0856353591160217
top300,MOM winner-minus-loser,long_short,vw,4,0,0.154,-7.92,27.81,0.145,-97.78,108.1,83.4,77.6,88,88,272,2.77,0.245,-67.81,1.8559,-10.69,-0.1,-29.97,0.08297860876124791
top300,MOM winner-minus-loser,long_short,vw,4,10,0.115,-9.1,27.81,0.099,-98.08,108.1,83.4,77.6,88,88,272,1.01,0.163,-68.79,1.2557,-10.11,-0.064,-29.289999999999992,0.09158238432746675
top300,MOM winner-minus-loser,long_short,vw,4,20,0.0839,-10.35,28.11,0.052,-98.38,108.1,83.4,77.6,88,88,272,-0.72,0.08,-69.8,0.8491,-9.629999999999999,-0.028000000000000004,-28.58,0.09881050524084325
top300,MOM winner-minus-loser,long_short,vw,4,50,0.0254,-14.96,30.64,-0.079,-99.27,108.1,83.4,77.6,88,88,272,-5.75,-0.166,-82.6,0.2614,-9.21,0.08700000000000001,-16.67,0.09716908951798009
top300,MOM winner-minus-loser,long_short,vw,4,100,-0.0091,,38.92,-0.227,-100.97,108.1,83.4,77.6,88,88,272,-13.62,-0.573,-97.07,0.0362,,0.346,-3.9000000000000057,-0.25138121546961323
top300,MOM winner-minus-loser,long_short,vw,5,0,-0.4354,,31.54,0.038,-125.15,51.6,82.6,82.9,78,84,272,2.77,0.245,-67.81,1.8559,,-0.207,-57.34,-0.23460315749771
top300,MOM winner-minus-loser,long_short,vw,5,10,-0.3789,,31.55,0.019,-122.72,51.6,82.6,82.9,78,84,272,1.01,0.163,-68.79,1.2557,,-0.14400000000000002,-53.92999999999999,-0.30174404714501873
top300,MOM winner-minus-loser,long_short,vw,5,20,-0.3295,,31.56,-0.0,-120.51,51.6,82.6,82.9,78,84,272,-0.72,0.08,-69.8,0.8491,,-0.08,-50.71000000000001,-0.38805794370509955
top300,MOM winner-minus-loser,long_short,vw,5,50,-0.2163,,31.63,-0.058,-115.29,51.6,82.6,82.9,78,84,272,-5.75,-0.166,-82.6,0.2614,,0.10800000000000001,-32.69000000000001,-0.8274674827850037
top300,MOM winner-minus-loser,long_short,vw,5,100,-0.1064,,31.82,-0.154,-112.98,51.6,82.6,82.9,78,84,272,-13.62,-0.573,-97.07,0.0362,,0.41899999999999993,-15.91000000000001,-2.939226519337016
top300,MOM winner-minus-loser,long_short,vw,6,0,0.0636,-11.44,36.04,-0.017,-98.94,161.0,83.5,73.4,78,84,272,2.77,0.245,-67.81,1.8559,-14.209999999999999,-0.262,-31.129999999999995,0.03426908777412576
top300,MOM winner-minus-loser,long_short,vw,6,10,0.0399,-13.25,36.32,-0.07,-99.22,161.0,83.5,73.4,78,84,272,1.01,0.163,-68.79,1.2557,-14.26,-0.233,-30.429999999999993,0.03177510551883411
top300,MOM winner-minus-loser,long_short,vw,6,20,0.0207,-15.73,37.81,-0.118,-99.55,161.0,83.5,73.4,78,84,272,-0.72,0.08,-69.8,0.8491,-15.01,-0.198,-29.75,0.024378753974796843
top300,MOM winner-minus-loser,long_short,vw,6,50,-0.0168,,47.91,-0.214,-101.07,161.0,83.5,73.4,78,84,272,-5.75,-0.166,-82.6,0.2614,,-0.04799999999999999,-18.47,-0.06426931905126243
top300,MOM winner-minus-loser,long_short,vw,6,100,-0.0381,,74.33,-0.267,-103.33,161.0,83.5,73.4,78,84,272,-13.62,-0.573,-97.07,0.0362,,0.30599999999999994,-6.260000000000005,-1.0524861878453038
top300,MOM winner-minus-loser,long_short,vw,7,0,1.2035,0.82,23.54,0.194,-81.11,44.1,83.3,83.5,78,84,272,2.77,0.245,-67.81,1.8559,-1.9500000000000002,-0.05099999999999999,-13.299999999999997,0.6484724392478043
top300,MOM winner-minus-loser,long_short,vw,7,10,1.0689,0.29,23.56,0.172,-81.2,44.1,83.3,83.5,78,84,272,1.01,0.163,-68.79,1.2557,-0.72,0.00899999999999998,-12.409999999999997,0.8512383531098192
top300,MOM winner-minus-loser,long_short,vw,7,20,0.949,-0.23,23.57,0.15,-81.34,44.1,83.3,83.5,78,84,272,-0.72,0.08,-69.8,0.8491,0.49,0.06999999999999999,-11.540000000000006,1.1176539865740196
top300,MOM winner-minus-loser,long_short,vw,7,50,0.662,-1.8,23.68,0.083,-82.66,44.1,83.3,83.5,78,84,272,-5.75,-0.166,-82.6,0.2614,3.95,0.249,-0.060000000000002274,2.5325172149961745
top300,MOM winner-minus-loser,long_short,vw,7,100,0.3595,-4.41,24.0,-0.027,-84.99,44.1,83.3,83.5,78,84,272,-13.62,-0.573,-97.07,0.0362,9.209999999999999,0.5459999999999999,12.079999999999998,9.930939226519335
top300,MOM winner-minus-loser,long_short,vw,8,0,-0.1419,,128.31,-0.039,-112.87,37.6,83.3,76.5,75,66,272,2.77,0.245,-67.81,1.8559,,-0.284,-45.06,-0.076458860930007
top300,MOM winner-minus-loser,long_short,vw,8,10,-0.1282,,128.31,-0.042,-112.59,37.6,83.3,76.5,75,66,272,1.01,0.163,-68.79,1.2557,,-0.20500000000000002,-43.8,-0.1020944493111412
top300,MOM winner-minus-loser,long_short,vw,8,20,-0.1158,,128.31,-0.046,-112.32,37.6,83.3,76.5,75,66,272,-0.72,0.08,-69.8,0.8491,,-0.126,-42.519999999999996,-0.1363796961488635
top300,MOM winner-minus-loser,long_short,vw,8,50,-0.0852,,128.33,-0.056,-111.54,37.6,83.3,76.5,75,66,272,-5.75,-0.166,-82.6,0.2614,,0.11000000000000001,-28.940000000000012,-0.32593726090283087
top300,MOM winner-minus-loser,long_short,vw,8,100,-0.0507,,128.37,-0.073,-110.33,37.6,83.3,76.5,75,66,272,-13.62,-0.573,-97.07,0.0362,,0.49999999999999994,-13.260000000000005,-1.4005524861878453
top300,MOM winner-minus-loser,long_short,vw,9,0,1.3664,1.39,24.67,0.221,-84.16,39.3,83.4,78.7,78,84,272,2.77,0.245,-67.81,1.8559,-1.3800000000000001,-0.023999999999999994,-16.349999999999994,0.7362465650088905
top300,MOM winner-minus-loser,long_short,vw,9,10,1.2326,0.93,24.64,0.202,-84.26,39.3,83.4,78.7,78,84,272,1.01,0.163,-68.79,1.2557,-0.07999999999999996,0.03900000000000001,-15.469999999999999,0.9816038862785696
top300,MOM winner-minus-loser,long_short,vw,9,20,1.1115,0.47,24.62,0.183,-84.37,39.3,83.4,78.7,78,84,272,-0.72,0.08,-69.8,0.8491,1.19,0.103,-14.570000000000007,1.3090330938640913
top300,MOM winner-minus-loser,long_short,vw,9,50,0.8125,-0.91,24.59,0.127,-84.67,39.3,83.4,78.7,78,84,272,-5.75,-0.166,-82.6,0.2614,4.84,0.29300000000000004,-2.0700000000000074,3.1082631981637334
top300,MOM winner-minus-loser,long_short,vw,9,100,0.4773,-3.21,24.72,0.033,-85.17,39.3,83.4,78.7,78,84,272,-13.62,-0.573,-97.07,0.0362,10.41,0.606,11.899999999999991,13.185082872928175
top300,MOM winner-minus-loser,long_short,vw,10,0,1.0853,0.36,23.67,0.136,-74.79,35.9,82.9,81.4,78,84,272,2.77,0.245,-67.81,1.8559,-2.41,-0.10899999999999999,-6.980000000000004,0.5847836629128724
top300,MOM winner-minus-loser,long_short,vw,10,10,0.9857,-0.06,23.68,0.118,-75.6,35.9,82.9,81.4,78,84,272,1.01,0.163,-68.79,1.2557,-1.07,-0.04500000000000001,-6.809999999999988,0.7849804889702955
top300,MOM winner-minus-loser,long_short,vw,10,20,0.8948,-0.49,23.7,0.1,-76.39,35.9,82.9,81.4,78,84,272,-0.72,0.08,-69.8,0.8491,0.22999999999999998,0.020000000000000004,-6.590000000000003,1.0538216935578848
top300,MOM winner-minus-loser,long_short,vw,10,50,0.6679,-1.77,23.8,0.047,-78.63,35.9,82.9,81.4,78,84,272,-5.75,-0.166,-82.6,0.2614,3.98,0.21300000000000002,3.969999999999999,2.555087987758225
top300,MOM winner-minus-loser,long_short,vw,10,100,0.4069,-3.89,24.09,-0.041,-81.94,35.9,82.9,81.4,78,84,272,-13.62,-0.573,-97.07,0.0362,9.729999999999999,0.5319999999999999,15.129999999999995,11.240331491712706
top300,MOM winner-minus-loser,long_short,vw,11,0,-0.0641,,339.8,0.176,-102.67,29.3,84.0,82.4,75,66,272,2.77,0.245,-67.81,1.8559,,-0.069,-34.86,-0.03453849884153241
top300,MOM winner-minus-loser,long_short,vw,11,10,-0.0592,,339.81,0.175,-102.5,29.3,84.0,82.4,75,66,272,1.01,0.163,-68.79,1.2557,,0.011999999999999983,-33.709999999999994,-0.04714501871466115
top300,MOM winner-minus-loser,long_short,vw,11,20,-0.0546,,339.82,0.174,-102.35,29.3,84.0,82.4,75,66,272,-0.72,0.08,-69.8,0.8491,,0.09399999999999999,-32.55,-0.06430338004946415
top300,MOM winner-minus-loser,long_short,vw,11,50,-0.043,,339.84,0.171,-101.96,29.3,84.0,82.4,75,66,272,-5.75,-0.166,-82.6,0.2614,,0.337,-19.36,-0.16449885233358835
top300,MOM winner-minus-loser,long_short,vw,11,100,-0.0286,,339.88,0.166,-101.43,29.3,84.0,82.4,75,66,272,-13.62,-0.573,-97.07,0.0362,,0.739,-4.360000000000014,-0.7900552486187845
top300,MOM winner-minus-loser,long_short,vw,12,0,3.1877,5.25,23.73,0.335,-63.87,28.1,81.9,60.4,75,66,272,2.77,0.245,-67.81,1.8559,2.48,0.09000000000000002,3.940000000000005,1.7176033191443503
top300,MOM winner-minus-loser,long_short,vw,12,10,2.9641,4.91,23.7,0.322,-63.96,28.1,81.9,60.4,75,66,272,1.01,0.163,-68.79,1.2557,3.9000000000000004,0.159,4.830000000000005,2.360516046826471
top300,MOM winner-minus-loser,long_short,vw,12,20,2.7554,4.57,23.68,0.308,-64.04,28.1,81.9,60.4,75,66,272,-0.72,0.08,-69.8,0.8491,5.29,0.22799999999999998,5.759999999999991,3.245083029089624
top300,MOM winner-minus-loser,long_short,vw,12,50,2.21,3.56,23.65,0.267,-64.3,28.1,81.9,60.4,75,66,272,-5.75,-0.166,-82.6,0.2614,9.31,0.43300000000000005,18.299999999999997,8.454475899005354
top300,MOM winner-minus-loser,long_short,vw,12,100,1.5219,1.87,23.68,0.198,-64.73,28.1,81.9,60.4,75,66,272,-13.62,-0.573,-97.07,0.0362,15.489999999999998,0.7709999999999999,32.33999999999999,42.04143646408839
top300,AT high-minus-low,long_short,vw,1,0,1.9151,2.91,12.59,0.291,-41.97,22.9,74.3,74.3,44,41,272,2.91,0.291,-41.97,1.9151,0.0,0.0,0.0,1.0
top300,AT high-minus-low,long_short,vw,1,10,1.8036,2.64,12.58,0.27,-42.68,22.9,74.3,74.3,44,41,272,2.64,0.27,-42.68,1.8036,0.0,0.0,0.0,1.0
top300,AT high-minus-low,long_short,vw,1,20,1.6985,2.36,12.58,0.249,-43.39,22.9,74.3,74.3,44,41,272,2.36,0.249,-43.39,1.6985,0.0,0.0,0.0,1.0
top300,AT high-minus-low,long_short,vw,1,50,1.4182,1.55,12.58,0.186,-45.46,22.9,74.3,74.3,44,41,272,1.55,0.186,-45.46,1.4182,0.0,0.0,0.0,1.0
top300,AT high-minus-low,long_short,vw,1,100,1.049,0.21,12.61,0.08,-49.41,22.9,74.3,74.3,44,41,272,0.21,0.08,-49.41,1.049,0.0,0.0,0.0,1.0
top300,AT high-minus-low,long_short,vw,2,0,1.9496,2.99,12.68,0.296,-41.46,18.0,74.3,74.3,44,41,272,2.91,0.291,-41.97,1.9151,0.08000000000000007,0.0050000000000000044,0.509999999999998,1.0180147250796303
top300,AT high-minus-low,long_short,vw,2,10,1.8604,2.78,12.68,0.28,-42.04,18.0,74.3,74.3,44,41,272,2.64,0.27,-42.68,1.8036,0.13999999999999968,0.010000000000000009,0.6400000000000006,1.031492570414726
top300,AT high-minus-low,long_short,vw,2,20,1.7751,2.56,12.68,0.263,-42.62,18.0,74.3,74.3,44,41,272,2.36,0.249,-43.39,1.6985,0.20000000000000018,0.014000000000000012,0.7700000000000031,1.0450986164262586
top300,AT high-minus-low,long_short,vw,2,50,1.5415,1.93,12.68,0.214,-44.33,18.0,74.3,74.3,44,41,272,1.55,0.186,-45.46,1.4182,0.3799999999999999,0.027999999999999997,1.1300000000000026,1.0869411930616275
top300,AT high-minus-low,long_short,vw,2,100,1.2174,0.87,12.71,0.132,-47.44,18.0,74.3,74.3,44,41,272,0.21,0.08,-49.41,1.049,0.66,0.052000000000000005,1.9699999999999989,1.1605338417540516
top300,AT high-minus-low,long_short,vw,3,0,1.867,2.79,12.93,0.278,-41.8,17.3,74.3,74.3,44,41,272,2.91,0.291,-41.97,1.9151,-0.1200000000000001,-0.012999999999999956,0.1700000000000017,0.974883818077385
top300,AT high-minus-low,long_short,vw,3,10,1.7845,2.59,12.94,0.262,-42.52,17.3,74.3,74.3,44,41,272,2.64,0.27,-42.68,1.8036,-0.050000000000000266,-0.008000000000000007,0.1599999999999966,0.989410068751386
top300,AT high-minus-low,long_short,vw,3,20,1.7055,2.38,12.94,0.247,-43.23,17.3,74.3,74.3,44,41,272,2.36,0.249,-43.39,1.6985,0.020000000000000018,-0.0020000000000000018,0.1600000000000037,1.0041212834854283
top300,AT high-minus-low,long_short,vw,3,50,1.4886,1.77,12.97,0.2,-45.32,17.3,74.3,74.3,44,41,272,1.55,0.186,-45.46,1.4182,0.21999999999999997,0.014000000000000012,0.14000000000000057,1.049640389225779
top300,AT high-minus-low,long_short,vw,3,100,1.1853,0.75,13.04,0.123,-48.65,17.3,74.3,74.3,44,41,272,0.21,0.08,-49.41,1.049,0.54,0.043,0.759999999999998,1.1299332697807436
top300,AT high-minus-low,long_short,vw,4,0,1.9086,2.89,12.63,0.289,-43.15,15.9,74.3,74.3,44,41,272,2.91,0.291,-41.97,1.9151,-0.020000000000000018,-0.0020000000000000018,-1.1799999999999997,0.9966059213618088
top300,AT high-minus-low,long_short,vw,4,10,1.8319,2.71,12.62,0.275,-43.7,15.9,74.3,74.3,44,41,272,2.64,0.27,-42.68,1.8036,0.06999999999999984,0.0050000000000000044,-1.0200000000000031,1.01569084054114
top300,AT high-minus-low,long_short,vw,4,20,1.7582,2.52,12.62,0.261,-44.23,15.9,74.3,74.3,44,41,272,2.36,0.249,-43.39,1.6985,0.16000000000000014,0.01200000000000001,-0.8399999999999963,1.0351486605828673
top300,AT high-minus-low,long_short,vw,4,50,1.554,1.96,12.61,0.218,-45.83,15.9,74.3,74.3,44,41,272,1.55,0.186,-45.46,1.4182,0.4099999999999999,0.032,-0.36999999999999744,1.0957551826258638
top300,AT high-minus-low,long_short,vw,4,100,1.2635,1.04,12.64,0.145,-48.4,15.9,74.3,74.3,44,41,272,0.21,0.08,-49.41,1.049,0.8300000000000001,0.06499999999999999,1.009999999999998,1.2044804575786465
top300,AT high-minus-low,long_short,vw,5,0,1.7364,2.46,13.71,0.246,-45.67,15.6,74.4,74.5,44,41,272,2.91,0.291,-41.97,1.9151,-0.4500000000000002,-0.044999999999999984,-3.700000000000003,0.9066889457469584
top300,AT high-minus-low,long_short,vw,5,10,1.6678,2.28,13.71,0.233,-46.19,15.6,74.4,74.5,44,41,272,2.64,0.27,-42.68,1.8036,-0.3600000000000003,-0.037000000000000005,-3.509999999999998,0.9247061432690175
top300,AT high-minus-low,long_short,vw,5,20,1.6018,2.1,13.71,0.22,-46.69,15.6,74.4,74.5,44,41,272,2.36,0.249,-43.39,1.6985,-0.2599999999999998,-0.028999999999999998,-3.299999999999997,0.943067412422726
top300,AT high-minus-low,long_short,vw,5,50,1.4185,1.55,13.74,0.181,-48.31,15.6,74.4,74.5,44,41,272,1.55,0.186,-45.46,1.4182,0.0,-0.0050000000000000044,-2.8500000000000014,1.0002115357495418
top300,AT high-minus-low,long_short,vw,5,100,1.1569,0.65,13.81,0.116,-51.03,15.6,74.4,74.5,44,41,272,0.21,0.08,-49.41,1.049,0.44000000000000006,0.036000000000000004,-1.6200000000000045,1.1028598665395617
top300,AT high-minus-low,long_short,vw,6,0,2.3125,3.77,13.44,0.342,-43.51,14.4,74.4,74.4,44,41,272,2.91,0.291,-41.97,1.9151,0.8599999999999999,0.051000000000000045,-1.5399999999999991,1.2075087462795677
top300,AT high-minus-low,long_short,vw,6,10,2.2282,3.6,13.44,0.33,-44.03,14.4,74.4,74.4,44,41,272,2.64,0.27,-42.68,1.8036,0.96,0.06,-1.3500000000000014,1.2354180527833223
top300,AT high-minus-low,long_short,vw,6,20,2.1468,3.43,13.44,0.318,-44.55,14.4,74.4,74.4,44,41,272,2.36,0.249,-43.39,1.6985,1.0700000000000003,0.069,-1.1599999999999966,1.2639387695025022
top300,AT high-minus-low,long_short,vw,6,50,1.9196,2.92,13.47,0.281,-46.09,14.4,74.4,74.4,44,41,272,1.55,0.186,-45.46,1.4182,1.3699999999999999,0.09500000000000003,-0.6300000000000026,1.3535467494006488
top300,AT high-minus-low,long_short,vw,6,100,1.5912,2.07,13.54,0.219,-48.99,14.4,74.4,74.4,44,41,272,0.21,0.08,-49.41,1.049,1.8599999999999999,0.139,0.4199999999999946,1.5168732125834128
top300,AT high-minus-low,long_short,vw,7,0,1.3559,1.35,13.78,0.167,-52.94,14.6,74.7,74.6,44,41,272,2.91,0.291,-41.97,1.9151,-1.56,-0.12399999999999997,-10.969999999999999,0.708004803926688
top300,AT high-minus-low,long_short,vw,7,10,1.3057,1.18,13.79,0.155,-53.41,14.6,74.7,74.6,44,41,272,2.64,0.27,-42.68,1.8036,-1.4600000000000002,-0.11500000000000002,-10.729999999999997,0.7239410068751386
top300,AT high-minus-low,long_short,vw,7,20,1.2572,1.01,13.79,0.143,-53.89,14.6,74.7,74.6,44,41,272,2.36,0.249,-43.39,1.6985,-1.3499999999999999,-0.10600000000000001,-10.5,0.7401825139829262
top300,AT high-minus-low,long_short,vw,7,50,1.1219,0.51,13.81,0.106,-55.29,14.6,74.7,74.6,44,41,272,1.55,0.186,-45.46,1.4182,-1.04,-0.08,-9.829999999999998,0.7910731913693414
top300,AT high-minus-low,long_short,vw,7,100,0.9267,-0.34,13.88,0.046,-57.54,14.6,74.7,74.6,44,41,272,0.21,0.08,-49.41,1.049,-0.55,-0.034,-8.130000000000003,0.8834127740705434
top300,AT high-minus-low,long_short,vw,8,0,1.5792,2.04,13.69,0.216,-54.14,14.0,74.3,74.4,44,41,272,2.91,0.291,-41.97,1.9151,-0.8700000000000001,-0.07499999999999998,-12.170000000000002,0.8246044592971646
top300,AT high-minus-low,long_short,vw,8,10,1.523,1.87,13.69,0.204,-54.63,14.0,74.3,74.4,44,41,272,2.64,0.27,-42.68,1.8036,-0.77,-0.06600000000000003,-11.950000000000003,0.8444222665779552
top300,AT high-minus-low,long_short,vw,8,20,1.4687,1.71,13.7,0.192,-55.12,14.0,74.3,74.4,44,41,272,2.36,0.249,-43.39,1.6985,-0.6499999999999999,-0.056999999999999995,-11.729999999999997,0.8647041507212246
top300,AT high-minus-low,long_short,vw,8,50,1.3166,1.22,13.73,0.157,-56.57,14.0,74.3,74.4,44,41,272,1.55,0.186,-45.46,1.4182,-0.33000000000000007,-0.028999999999999998,-11.11,0.9283598928218869
top300,AT high-minus-low,long_short,vw,8,100,1.096,0.41,13.82,0.098,-58.95,14.0,74.3,74.4,44,41,272,0.21,0.08,-49.41,1.049,0.19999999999999998,0.018000000000000002,-9.540000000000006,1.0448045757864635
top300,AT high-minus-low,long_short,vw,9,0,1.5472,1.94,14.5,0.205,-55.29,13.9,74.8,75.0,44,41,272,2.91,0.291,-41.97,1.9151,-0.9700000000000002,-0.086,-13.32,0.807895149078377
top300,AT high-minus-low,long_short,vw,9,10,1.4927,1.78,14.5,0.195,-55.71,13.9,74.8,75.0,44,41,272,2.64,0.27,-42.68,1.8036,-0.8600000000000001,-0.07500000000000001,-13.030000000000001,0.827622532712353
top300,AT high-minus-low,long_short,vw,9,20,1.4401,1.62,14.5,0.184,-56.13,13.9,74.8,75.0,44,41,272,2.36,0.249,-43.39,1.6985,-0.7399999999999998,-0.065,-12.740000000000002,0.8478657639093318
top300,AT high-minus-low,long_short,vw,9,50,1.2926,1.14,14.52,0.151,-57.35,13.9,74.8,75.0,44,41,272,1.55,0.186,-45.46,1.4182,-0.41000000000000014,-0.035,-11.89,0.9114370328585532
top300,AT high-minus-low,long_short,vw,9,100,1.0782,0.33,14.57,0.096,-59.78,13.9,74.8,75.0,44,41,272,0.21,0.08,-49.41,1.049,0.12000000000000002,0.016,-10.370000000000005,1.0278360343183985
top300,AT high-minus-low,long_short,vw,10,0,1.3239,1.25,14.14,0.159,-55.85,14.0,75.0,75.2,44,41,272,2.91,0.291,-41.97,1.9151,-1.6600000000000001,-0.13199999999999998,-13.880000000000003,0.6912954937079004
top300,AT high-minus-low,long_short,vw,10,10,1.2771,1.08,14.13,0.148,-56.21,14.0,75.0,75.2,44,41,272,2.64,0.27,-42.68,1.8036,-1.56,-0.12200000000000003,-13.530000000000001,0.7080838323353292
top300,AT high-minus-low,long_short,vw,10,20,1.2319,0.92,14.13,0.137,-56.56,14.0,75.0,75.2,44,41,272,2.36,0.249,-43.39,1.6985,-1.44,-0.11199999999999999,-13.170000000000002,0.725287017957021
top300,AT high-minus-low,long_short,vw,10,50,1.1051,0.44,14.15,0.103,-57.66,14.0,75.0,75.2,44,41,272,1.55,0.186,-45.46,1.4182,-1.11,-0.083,-12.199999999999996,0.7792271893950078
top300,AT high-minus-low,long_short,vw,10,100,0.9207,-0.36,14.21,0.047,-59.95,14.0,75.0,75.2,44,41,272,0.21,0.08,-49.41,1.049,-0.57,-0.033,-10.540000000000006,0.8776930409914204
top300,AT high-minus-low,long_short,vw,11,0,1.1605,0.66,16.49,0.124,-60.85,13.9,74.3,74.3,44,41,272,2.91,0.291,-41.97,1.9151,-2.25,-0.16699999999999998,-18.880000000000003,0.6059735784032165
top300,AT high-minus-low,long_short,vw,11,10,1.1195,0.5,16.49,0.114,-61.32,13.9,74.3,74.3,44,41,272,2.64,0.27,-42.68,1.8036,-2.14,-0.15600000000000003,-18.64,0.620703038367709
top300,AT high-minus-low,long_short,vw,11,20,1.0798,0.34,16.5,0.104,-61.79,13.9,74.3,74.3,44,41,272,2.36,0.249,-43.39,1.6985,-2.02,-0.14500000000000002,-18.4,0.6357374153665
top300,AT high-minus-low,long_short,vw,11,50,0.9685,-0.14,16.53,0.075,-63.18,13.9,74.3,74.3,44,41,272,1.55,0.186,-45.46,1.4182,-1.69,-0.111,-17.72,0.6829079114370329
top300,AT high-minus-low,long_short,vw,11,100,0.8068,-0.94,16.61,0.027,-65.39,13.9,74.3,74.3,44,41,272,0.21,0.08,-49.41,1.049,-1.15,-0.053000000000000005,-15.980000000000004,0.769113441372736
top300,AT high-minus-low,long_short,vw,12,0,2.0525,3.22,13.26,0.306,-48.05,12.8,74.5,74.4,44,41,272,2.91,0.291,-41.97,1.9151,0.31000000000000005,0.015000000000000013,-6.079999999999998,1.071745600751919
top300,AT high-minus-low,long_short,vw,12,10,1.986,3.07,13.26,0.295,-48.52,12.8,74.5,74.4,44,41,272,2.64,0.27,-42.68,1.8036,0.4299999999999997,0.024999999999999967,-5.840000000000003,1.1011310711909514
top300,AT high-minus-low,long_short,vw,12,20,1.9215,2.92,13.26,0.284,-49.0,12.8,74.5,74.4,44,41,272,2.36,0.249,-43.39,1.6985,0.56,0.034999999999999976,-5.609999999999999,1.1312923167500737
top300,AT high-minus-low,long_short,vw,12,50,1.7396,2.47,13.29,0.25,-50.41,12.8,74.5,74.4,44,41,272,1.55,0.186,-45.46,1.4182,0.9200000000000002,0.064,-4.949999999999996,1.2266252996756453
top300,AT high-minus-low,long_short,vw,12,100,1.4719,1.72,13.38,0.194,-52.69,12.8,74.5,74.4,44,41,272,0.21,0.08,-49.41,1.049,1.51,0.114,-3.280000000000001,1.4031458531935177
top300,SG high-minus-low,long_short,vw,1,0,0.5899,-2.3,11.52,-0.143,-53.53,36.4,72.2,71.4,45,41,272,-2.3,-0.143,-53.53,0.5899,0.0,0.0,0.0,1.0
top300,SG high-minus-low,long_short,vw,1,10,0.535,-2.72,11.54,-0.18,-56.31,36.4,72.2,71.4,45,41,272,-2.72,-0.18,-56.31,0.535,0.0,0.0,0.0,1.0
top300,SG high-minus-low,long_short,vw,1,20,0.4851,-3.14,11.56,-0.217,-59.92,36.4,72.2,71.4,45,41,272,-3.14,-0.217,-59.92,0.4851,0.0,0.0,0.0,1.0
top300,SG high-minus-low,long_short,vw,1,50,0.3611,-4.39,11.66,-0.325,-69.67,36.4,72.2,71.4,45,41,272,-4.39,-0.325,-69.67,0.3611,0.0,0.0,0.0,1.0
top300,SG high-minus-low,long_short,vw,1,100,0.2199,-6.46,11.96,-0.495,-81.02,36.4,72.2,71.4,45,41,272,-6.46,-0.495,-81.02,0.2199,0.0,0.0,0.0,1.0
top300,SG high-minus-low,long_short,vw,2,0,0.66,-1.82,11.7,-0.097,-48.44,32.1,72.2,71.4,45,41,272,-2.3,-0.143,-53.53,0.5899,0.47999999999999976,0.045999999999999985,5.090000000000003,1.118833700627225
top300,SG high-minus-low,long_short,vw,2,10,0.6055,-2.19,11.72,-0.129,-49.94,32.1,72.2,71.4,45,41,272,-2.72,-0.18,-56.31,0.535,0.5300000000000002,0.05099999999999999,6.3700000000000045,1.1317757009345795
top300,SG high-minus-low,long_short,vw,2,20,0.5554,-2.56,11.75,-0.161,-53.81,32.1,72.2,71.4,45,41,272,-3.14,-0.217,-59.92,0.4851,0.5800000000000001,0.055999999999999994,6.109999999999999,1.144918573490002
top300,SG high-minus-low,long_short,vw,2,50,0.4281,-3.67,11.87,-0.254,-63.92,32.1,72.2,71.4,45,41,272,-4.39,-0.325,-69.67,0.3611,0.7199999999999998,0.07100000000000001,5.75,1.1855441705898644
top300,SG high-minus-low,long_short,vw,2,100,0.2762,-5.52,12.19,-0.402,-76.2,32.1,72.2,71.4,45,41,272,-6.46,-0.495,-81.02,0.2199,0.9400000000000004,0.09299999999999997,4.819999999999993,1.256025466120964
top300,SG high-minus-low,long_short,vw,3,0,0.6023,-2.21,12.09,-0.123,-53.11,31.7,72.3,71.5,45,41,272,-2.3,-0.143,-53.53,0.5899,0.08999999999999986,0.01999999999999999,0.4200000000000017,1.0210205119511782
top300,SG high-minus-low,long_short,vw,3,10,0.5531,-2.58,12.11,-0.153,-54.66,31.7,72.3,71.5,45,41,272,-2.72,-0.18,-56.31,0.535,0.14000000000000012,0.026999999999999996,1.6500000000000057,1.0338317757009345
top300,SG high-minus-low,long_short,vw,3,20,0.5078,-2.95,12.14,-0.184,-58.12,31.7,72.3,71.5,45,41,272,-3.14,-0.217,-59.92,0.4851,0.18999999999999995,0.033,1.8000000000000043,1.046794475365904
top300,SG high-minus-low,long_short,vw,3,50,0.3924,-4.04,12.26,-0.273,-67.2,31.7,72.3,71.5,45,41,272,-4.39,-0.325,-69.67,0.3611,0.34999999999999964,0.05199999999999999,2.469999999999999,1.0866795901412352
top300,SG high-minus-low,long_short,vw,3,100,0.2542,-5.86,12.6,-0.413,-78.26,31.7,72.3,71.5,45,41,272,-6.46,-0.495,-81.02,0.2199,0.5999999999999996,0.08200000000000002,2.759999999999991,1.1559799909049566
top300,SG high-minus-low,long_short,vw,4,0,0.6493,-1.89,12.38,-0.09,-47.48,29.9,72.3,71.5,45,41,272,-2.3,-0.143,-53.53,0.5899,0.4099999999999999,0.05299999999999999,6.050000000000004,1.1006950330564502
top300,SG high-minus-low,long_short,vw,4,10,0.5993,-2.23,12.4,-0.119,-50.69,29.9,72.3,71.5,45,41,272,-2.72,-0.18,-56.31,0.535,0.4900000000000002,0.061,5.6200000000000045,1.1201869158878506
top300,SG high-minus-low,long_short,vw,4,20,0.5529,-2.58,12.43,-0.146,-54.26,29.9,72.3,71.5,45,41,272,-3.14,-0.217,-59.92,0.4851,0.56,0.07100000000000001,5.660000000000004,1.139764996907854
top300,SG high-minus-low,long_short,vw,4,50,0.4338,-3.62,12.55,-0.229,-63.66,29.9,72.3,71.5,45,41,272,-4.39,-0.325,-69.67,0.3611,0.7699999999999996,0.096,6.010000000000005,1.2013292716698976
top300,SG high-minus-low,long_short,vw,4,100,0.2881,-5.34,12.88,-0.359,-75.34,29.9,72.3,71.5,45,41,272,-6.46,-0.495,-81.02,0.2199,1.12,0.136,5.679999999999993,1.3101409731696225
top300,SG high-minus-low,long_short,vw,5,0,0.7025,-1.55,11.49,-0.078,-48.22,29.6,72.1,71.3,45,41,272,-2.3,-0.143,-53.53,0.5899,0.7499999999999998,0.06499999999999999,5.310000000000002,1.1908798101373115
top300,SG high-minus-low,long_short,vw,5,10,0.6491,-1.89,11.51,-0.108,-51.25,29.6,72.1,71.3,45,41,272,-2.72,-0.18,-56.31,0.535,0.8300000000000003,0.072,5.060000000000002,1.213271028037383
top300,SG high-minus-low,long_short,vw,5,20,0.5997,-2.23,11.53,-0.138,-54.11,29.6,72.1,71.3,45,41,272,-3.14,-0.217,-59.92,0.4851,0.9100000000000001,0.07899999999999999,5.810000000000002,1.236239950525665
top300,SG high-minus-low,long_short,vw,5,50,0.4722,-3.26,11.63,-0.226,-61.77,29.6,72.1,71.3,45,41,272,-4.39,-0.325,-69.67,0.3611,1.13,0.099,7.899999999999999,1.3076710052617004
top300,SG high-minus-low,long_short,vw,5,100,0.3156,-4.96,11.95,-0.365,-72.14,29.6,72.1,71.3,45,41,272,-6.46,-0.495,-81.02,0.2199,1.5,0.13,8.879999999999995,1.4351978171896316
top300,SG high-minus-low,long_short,vw,6,0,0.707,-1.52,12.75,-0.055,-49.98,29.3,72.3,71.6,45,41,272,-2.3,-0.143,-53.53,0.5899,0.7799999999999998,0.088,3.5500000000000043,1.198508221732497
top300,SG high-minus-low,long_short,vw,6,10,0.6533,-1.86,12.78,-0.082,-50.92,29.3,72.3,71.6,45,41,272,-2.72,-0.18,-56.31,0.535,0.8600000000000001,0.09799999999999999,5.390000000000001,1.2211214953271028
top300,SG high-minus-low,long_short,vw,6,20,0.6036,-2.2,12.81,-0.108,-51.84,29.3,72.3,71.6,45,41,272,-3.14,-0.217,-59.92,0.4851,0.94,0.109,8.079999999999998,1.2442795299938159
top300,SG high-minus-low,long_short,vw,6,50,0.4753,-3.23,12.96,-0.186,-61.04,29.3,72.3,71.6,45,41,272,-4.39,-0.325,-69.67,0.3611,1.1599999999999997,0.139,8.630000000000003,1.3162558847964554
top300,SG high-minus-low,long_short,vw,6,100,0.3175,-4.94,13.35,-0.31,-73.48,29.3,72.3,71.6,45,41,272,-6.46,-0.495,-81.02,0.2199,1.5199999999999996,0.185,7.539999999999992,1.443838108231014
top300,SG high-minus-low,long_short,vw,7,0,0.7619,-1.19,10.87,-0.056,-42.71,28.7,72.6,71.7,45,41,272,-2.3,-0.143,-53.53,0.5899,1.1099999999999999,0.087,10.82,1.2915748431937617
top300,SG high-minus-low,long_short,vw,7,10,0.7059,-1.53,10.88,-0.087,-44.34,28.7,72.6,71.7,45,41,272,-2.72,-0.18,-56.31,0.535,1.1900000000000002,0.093,11.969999999999999,1.3194392523364484
top300,SG high-minus-low,long_short,vw,7,20,0.6538,-1.86,10.9,-0.118,-45.94,28.7,72.6,71.7,45,41,272,-3.14,-0.217,-59.92,0.4851,1.28,0.099,13.980000000000004,1.347763347763348
top300,SG high-minus-low,long_short,vw,7,50,0.5188,-2.85,11.0,-0.208,-55.8,28.7,72.6,71.7,45,41,272,-4.39,-0.325,-69.67,0.3611,1.5399999999999996,0.11700000000000002,13.870000000000005,1.4367211298809197
top300,SG high-minus-low,long_short,vw,7,100,0.3512,-4.51,11.34,-0.35,-69.5,28.7,72.6,71.7,45,41,272,-6.46,-0.495,-81.02,0.2199,1.9500000000000002,0.14500000000000002,11.519999999999996,1.5970895861755343
top300,SG high-minus-low,long_short,vw,8,0,0.6423,-1.93,13.2,-0.08,-51.06,28.4,72.1,71.5,45,41,272,-2.3,-0.143,-53.53,0.5899,0.3699999999999999,0.06299999999999999,2.469999999999999,1.0888286150194948
top300,SG high-minus-low,long_short,vw,8,10,0.595,-2.26,13.23,-0.105,-53.81,28.4,72.1,71.5,45,41,272,-2.72,-0.18,-56.31,0.535,0.4600000000000004,0.075,2.5,1.1121495327102802
top300,SG high-minus-low,long_short,vw,8,20,0.551,-2.59,13.27,-0.13,-56.59,28.4,72.1,71.5,45,41,272,-3.14,-0.217,-59.92,0.4851,0.5500000000000003,0.087,3.3299999999999983,1.1358482787054218
top300,SG high-minus-low,long_short,vw,8,50,0.4371,-3.59,13.42,-0.203,-64.72,28.4,72.1,71.5,45,41,272,-4.39,-0.325,-69.67,0.3611,0.7999999999999998,0.122,4.950000000000003,1.2104680144004432
top300,SG high-minus-low,long_short,vw,8,100,0.2955,-5.24,13.82,-0.317,-75.46,28.4,72.1,71.5,45,41,272,-6.46,-0.495,-81.02,0.2199,1.2199999999999998,0.178,5.560000000000002,1.3437926330150067
top300,SG high-minus-low,long_short,vw,9,0,0.6613,-1.81,11.73,-0.097,-53.3,28.3,72.9,72.4,45,41,272,-2.3,-0.143,-53.53,0.5899,0.48999999999999977,0.045999999999999985,0.23000000000000398,1.1210374639769454
top300,SG high-minus-low,long_short,vw,9,10,0.613,-2.14,11.75,-0.125,-54.27,28.3,72.9,72.4,45,41,272,-2.72,-0.18,-56.31,0.535,0.5800000000000001,0.05499999999999999,2.039999999999999,1.1457943925233645
top300,SG high-minus-low,long_short,vw,9,20,0.5682,-2.46,11.78,-0.153,-55.22,28.3,72.9,72.4,45,41,272,-3.14,-0.217,-59.92,0.4851,0.6800000000000002,0.064,4.700000000000003,1.1713048855906
top300,SG high-minus-low,long_short,vw,9,50,0.4516,-3.45,11.93,-0.234,-61.38,28.3,72.9,72.4,45,41,272,-4.39,-0.325,-69.67,0.3611,0.9399999999999995,0.091,8.29,1.2506230960952645
top300,SG high-minus-low,long_short,vw,9,100,0.3063,-5.09,12.34,-0.36,-73.15,28.3,72.9,72.4,45,41,272,-6.46,-0.495,-81.02,0.2199,1.37,0.135,7.86999999999999,1.3929058663028648
top300,SG high-minus-low,long_short,vw,10,0,0.5373,-2.7,11.82,-0.173,-57.76,28.2,72.1,71.7,45,41,272,-2.3,-0.143,-53.53,0.5899,-0.40000000000000036,-0.03,-4.229999999999997,0.9108323444651636
top300,SG high-minus-low,long_short,vw,10,10,0.4981,-3.03,11.85,-0.2,-60.09,28.2,72.1,71.7,45,41,272,-2.72,-0.18,-56.31,0.535,-0.3099999999999996,-0.020000000000000018,-3.780000000000001,0.9310280373831775
top300,SG high-minus-low,long_short,vw,10,20,0.4616,-3.35,11.88,-0.227,-62.29,28.2,72.1,71.7,45,41,272,-3.14,-0.217,-59.92,0.4851,-0.20999999999999996,-0.010000000000000009,-2.3699999999999974,0.9515563801278087
top300,SG high-minus-low,long_short,vw,10,50,0.3669,-4.33,12.04,-0.307,-68.29,28.2,72.1,71.7,45,41,272,-4.39,-0.325,-69.67,0.3611,0.05999999999999961,0.018000000000000016,1.3799999999999955,1.0160620326779286
top300,SG high-minus-low,long_short,vw,10,100,0.2489,-5.95,12.45,-0.429,-77.88,28.2,72.1,71.7,45,41,272,-6.46,-0.495,-81.02,0.2199,0.5099999999999998,0.066,3.1400000000000006,1.1318781264211004
top300,SG high-minus-low,long_short,vw,11,0,0.9252,-0.34,11.78,0.03,-47.76,28.0,72.0,71.5,45,41,272,-2.3,-0.143,-53.53,0.5899,1.9599999999999997,0.173,5.770000000000003,1.5684014239701645
top300,SG high-minus-low,long_short,vw,11,10,0.8591,-0.67,11.78,0.002,-49.29,28.0,72.0,71.5,45,41,272,-2.72,-0.18,-56.31,0.535,2.0500000000000003,0.182,7.020000000000003,1.6057943925233644
top300,SG high-minus-low,long_short,vw,11,20,0.7975,-0.99,11.78,-0.026,-50.78,28.0,72.0,71.5,45,41,272,-3.14,-0.217,-59.92,0.4851,2.1500000000000004,0.191,9.14,1.6439909297052155
top300,SG high-minus-low,long_short,vw,11,50,0.637,-1.97,11.85,-0.109,-55.02,28.0,72.0,71.5,45,41,272,-4.39,-0.325,-69.67,0.3611,2.42,0.21600000000000003,14.649999999999999,1.7640542785931876
top300,SG high-minus-low,long_short,vw,11,100,0.4358,-3.6,12.13,-0.241,-63.9,28.0,72.0,71.5,45,41,272,-6.46,-0.495,-81.02,0.2199,2.86,0.254,17.119999999999997,1.9818099135970895
top300,SG high-minus-low,long_short,vw,12,0,0.6783,-1.7,13.67,-0.056,-50.35,27.7,72.5,71.7,45,41,272,-2.3,-0.143,-53.53,0.5899,0.5999999999999999,0.087,3.1799999999999997,1.1498559077809798
top300,SG high-minus-low,long_short,vw,12,10,0.6297,-2.02,13.69,-0.079,-51.7,27.7,72.5,71.7,45,41,272,-2.72,-0.18,-56.31,0.535,0.7000000000000002,0.10099999999999999,4.609999999999999,1.1770093457943924
top300,SG high-minus-low,long_short,vw,12,20,0.5844,-2.34,13.72,-0.103,-53.03,27.7,72.5,71.7,45,41,272,-3.14,-0.217,-59.92,0.4851,0.8000000000000003,0.114,6.890000000000001,1.2047000618429191
top300,SG high-minus-low,long_short,vw,12,50,0.4663,-3.31,13.86,-0.172,-61.56,27.7,72.5,71.7,45,41,272,-4.39,-0.325,-69.67,0.3611,1.0799999999999996,0.15300000000000002,8.11,1.2913320409858766
top300,SG high-minus-low,long_short,vw,12,100,0.3185,-4.92,14.24,-0.281,-73.31,27.7,72.5,71.7,45,41,272,-6.46,-0.495,-81.02,0.2199,1.54,0.21399999999999997,7.709999999999994,1.4483856298317417
top300,ACC conservative-minus-aggressive,long_short,vw,1,0,0.6653,-1.78,14.44,-0.052,-73.28,29.2,85.7,85.9,87,85,272,-1.78,-0.052,-73.28,0.6653,0.0,0.0,0.0,1.0
top300,ACC conservative-minus-aggressive,long_short,vw,1,10,0.6158,-2.12,14.43,-0.076,-74.48,29.2,85.7,85.9,87,85,272,-2.12,-0.076,-74.48,0.6158,0.0,0.0,0.0,1.0
top300,ACC conservative-minus-aggressive,long_short,vw,1,20,0.5699,-2.45,14.42,-0.1,-75.63,29.2,85.7,85.9,87,85,272,-2.45,-0.1,-75.63,0.5699,0.0,0.0,0.0,1.0
top300,ACC conservative-minus-aggressive,long_short,vw,1,50,0.4515,-3.45,14.41,-0.171,-78.79,29.2,85.7,85.9,87,85,272,-3.45,-0.171,-78.79,0.4515,0.0,0.0,0.0,1.0
top300,ACC conservative-minus-aggressive,long_short,vw,1,100,0.3055,-5.1,14.44,-0.289,-83.19,29.2,85.7,85.9,87,85,272,-5.1,-0.289,-83.19,0.3055,0.0,0.0,0.0,1.0
top300,ACC conservative-minus-aggressive,long_short,vw,2,0,0.6079,-2.17,14.7,-0.076,-75.1,25.8,85.7,85.9,87,85,272,-1.78,-0.052,-73.28,0.6653,-0.3899999999999999,-0.024,-1.8199999999999932,0.913723132421464
top300,ACC conservative-minus-aggressive,long_short,vw,2,10,0.568,-2.46,14.68,-0.096,-76.11,25.8,85.7,85.9,87,85,272,-2.12,-0.076,-74.48,0.6158,-0.33999999999999986,-0.020000000000000004,-1.6299999999999955,0.9223773952582006
top300,ACC conservative-minus-aggressive,long_short,vw,2,20,0.5306,-2.76,14.67,-0.117,-77.08,25.8,85.7,85.9,87,85,272,-2.45,-0.1,-75.63,0.5699,-0.3099999999999996,-0.017,-1.4500000000000028,0.931040533426917
top300,ACC conservative-minus-aggressive,long_short,vw,2,50,0.4323,-3.63,14.66,-0.179,-79.78,25.8,85.7,85.9,87,85,272,-3.45,-0.171,-78.79,0.4515,-0.17999999999999972,-0.00799999999999998,-0.9899999999999949,0.9574750830564784
top300,ACC conservative-minus-aggressive,long_short,vw,2,100,0.3065,-5.08,14.7,-0.281,-83.62,25.8,85.7,85.9,87,85,272,-5.1,-0.289,-83.19,0.3055,0.019999999999999574,0.007999999999999952,-0.4300000000000068,1.0032733224222585
top300,ACC conservative-minus-aggressive,long_short,vw,3,0,0.616,-2.11,14.75,-0.071,-74.31,25.1,85.8,85.9,87,85,272,-1.78,-0.052,-73.28,0.6653,-0.32999999999999985,-0.018999999999999996,-1.0300000000000011,0.9258980910867278
top300,ACC conservative-minus-aggressive,long_short,vw,3,10,0.5767,-2.4,14.74,-0.091,-75.3,25.1,85.8,85.9,87,85,272,-2.12,-0.076,-74.48,0.6158,-0.2799999999999998,-0.015,-0.8199999999999932,0.9365053588827541
top300,ACC conservative-minus-aggressive,long_short,vw,3,20,0.5399,-2.68,14.73,-0.111,-76.26,25.1,85.8,85.9,87,85,272,-2.45,-0.1,-75.63,0.5699,-0.22999999999999998,-0.010999999999999996,-0.6300000000000097,0.9473591858220742
top300,ACC conservative-minus-aggressive,long_short,vw,3,50,0.4426,-3.53,14.71,-0.17,-78.92,25.1,85.8,85.9,87,85,272,-3.45,-0.171,-78.79,0.4515,-0.07999999999999963,0.0010000000000000009,-0.12999999999999545,0.9802879291251384
top300,ACC conservative-minus-aggressive,long_short,vw,3,100,0.317,-4.94,14.75,-0.269,-82.74,25.1,85.8,85.9,87,85,272,-5.1,-0.289,-83.19,0.3055,0.15999999999999925,0.019999999999999962,0.45000000000000284,1.0376432078559739
top300,ACC conservative-minus-aggressive,long_short,vw,4,0,0.5165,-2.87,15.13,-0.116,-77.51,23.8,85.8,86.0,87,87,272,-1.78,-0.052,-73.28,0.6653,-1.09,-0.064,-4.230000000000004,0.776341500075154
top300,ACC conservative-minus-aggressive,long_short,vw,4,10,0.4852,-3.14,15.11,-0.135,-78.37,23.8,85.8,86.0,87,87,272,-2.12,-0.076,-74.48,0.6158,-1.02,-0.05900000000000001,-3.8900000000000006,0.7879181552452095
top300,ACC conservative-minus-aggressive,long_short,vw,4,20,0.4558,-3.41,15.09,-0.153,-79.21,23.8,85.8,86.0,87,87,272,-2.45,-0.1,-75.63,0.5699,-0.96,-0.05299999999999999,-3.5799999999999983,0.7997894367432883
top300,ACC conservative-minus-aggressive,long_short,vw,4,50,0.3775,-4.21,15.07,-0.209,-81.54,23.8,85.8,86.0,87,87,272,-3.45,-0.171,-78.79,0.4515,-0.7599999999999998,-0.03799999999999998,-2.75,0.8361018826135105
top300,ACC conservative-minus-aggressive,long_short,vw,4,100,0.275,-5.54,15.11,-0.3,-84.89,23.8,85.8,86.0,87,87,272,-5.1,-0.289,-83.19,0.3055,-0.4400000000000004,-0.01100000000000001,-1.7000000000000028,0.900163666121113
top300,ACC conservative-minus-aggressive,long_short,vw,5,0,0.716,-1.46,16.0,-0.012,-73.65,23.5,85.7,85.9,87,85,272,-1.78,-0.052,-73.28,0.6653,0.32000000000000006,0.039999999999999994,-0.37000000000000455,1.0762062227566511
top300,ACC conservative-minus-aggressive,long_short,vw,5,10,0.6726,-1.73,16.01,-0.029,-74.61,23.5,85.7,85.9,87,85,272,-2.12,-0.076,-74.48,0.6158,0.3900000000000001,0.047,-0.12999999999999545,1.09223773952582
top300,ACC conservative-minus-aggressive,long_short,vw,5,20,0.6318,-2.01,16.03,-0.046,-75.54,23.5,85.7,85.9,87,85,272,-2.45,-0.1,-75.63,0.5699,0.4400000000000004,0.054000000000000006,0.0899999999999892,1.1086155465871206
top300,ACC conservative-minus-aggressive,long_short,vw,5,50,0.5231,-2.82,16.09,-0.097,-78.15,23.5,85.7,85.9,87,85,272,-3.45,-0.171,-78.79,0.4515,0.6300000000000003,0.07400000000000001,0.6400000000000006,1.1585825027685492
top300,ACC conservative-minus-aggressive,long_short,vw,5,100,0.3808,-4.17,16.26,-0.18,-81.93,23.5,85.7,85.9,87,85,272,-5.1,-0.289,-83.19,0.3055,0.9299999999999997,0.10899999999999999,1.259999999999991,1.246481178396072
top300,ACC conservative-minus-aggressive,long_short,vw,6,0,0.5182,-2.86,15.58,-0.108,-77.12,23.2,85.9,86.0,87,85,272,-1.78,-0.052,-73.28,0.6653,-1.0799999999999998,-0.056,-3.8400000000000034,0.7788967383135428
top300,ACC conservative-minus-aggressive,long_short,vw,6,10,0.4875,-3.12,15.57,-0.125,-77.98,23.2,85.9,86.0,87,85,272,-2.12,-0.076,-74.48,0.6158,-1.0,-0.049,-3.5,0.7916531341344593
top300,ACC conservative-minus-aggressive,long_short,vw,6,20,0.4586,-3.38,15.56,-0.143,-78.81,23.2,85.9,86.0,87,85,272,-2.45,-0.1,-75.63,0.5699,-0.9299999999999997,-0.04299999999999998,-3.180000000000007,0.8047025793998948
top300,ACC conservative-minus-aggressive,long_short,vw,6,50,0.3815,-4.16,15.55,-0.195,-81.12,23.2,85.9,86.0,87,85,272,-3.45,-0.171,-78.79,0.4515,-0.71,-0.023999999999999994,-2.3299999999999983,0.8449612403100775
top300,ACC conservative-minus-aggressive,long_short,vw,6,100,0.2798,-5.46,15.62,-0.28,-84.46,23.2,85.9,86.0,87,85,272,-5.1,-0.289,-83.19,0.3055,-0.3600000000000003,0.008999999999999952,-1.269999999999996,0.9158756137479541
top300,ACC conservative-minus-aggressive,long_short,vw,7,0,0.9515,-0.22,15.09,0.061,-67.49,22.0,85.7,86.1,87,87,272,-1.78,-0.052,-73.28,0.6653,1.56,0.11299999999999999,5.790000000000006,1.4301818728393205
top300,ACC conservative-minus-aggressive,long_short,vw,7,10,0.8981,-0.47,15.08,0.044,-68.46,22.0,85.7,86.1,87,87,272,-2.12,-0.076,-74.48,0.6158,1.6500000000000001,0.12,6.02000000000001,1.4584280610587852
top300,ACC conservative-minus-aggressive,long_short,vw,7,20,0.8477,-0.73,15.08,0.027,-69.4,22.0,85.7,86.1,87,87,272,-2.45,-0.1,-75.63,0.5699,1.7200000000000002,0.127,6.22999999999999,1.4874539392875945
top300,ACC conservative-minus-aggressive,long_short,vw,7,50,0.712,-1.49,15.1,-0.024,-72.08,22.0,85.7,86.1,87,87,272,-3.45,-0.171,-78.79,0.4515,1.9600000000000002,0.14700000000000002,6.710000000000008,1.5769656699889256
top300,ACC conservative-minus-aggressive,long_short,vw,7,100,0.5311,-2.75,15.2,-0.107,-76.07,22.0,85.7,86.1,87,87,272,-5.1,-0.289,-83.19,0.3055,2.3499999999999996,0.182,7.1200000000000045,1.7384615384615385
top300,ACC conservative-minus-aggressive,long_short,vw,8,0,0.641,-1.94,16.38,-0.037,-77.34,21.8,85.9,85.8,87,87,272,-1.78,-0.052,-73.28,0.6653,-0.15999999999999992,0.015,-4.060000000000002,0.9634751240042086
top300,ACC conservative-minus-aggressive,long_short,vw,8,10,0.605,-2.19,16.39,-0.053,-78.06,21.8,85.9,85.8,87,87,272,-2.12,-0.076,-74.48,0.6158,-0.06999999999999984,0.023,-3.5799999999999983,0.982461838259175
top300,ACC conservative-minus-aggressive,long_short,vw,8,20,0.5709,-2.44,16.4,-0.068,-78.76,21.8,85.9,85.8,87,87,272,-2.45,-0.1,-75.63,0.5699,0.010000000000000231,0.032,-3.1300000000000097,1.001754693805931
top300,ACC conservative-minus-aggressive,long_short,vw,8,50,0.4793,-3.19,16.46,-0.114,-80.73,21.8,85.9,85.8,87,87,272,-3.45,-0.171,-78.79,0.4515,0.26000000000000023,0.05700000000000001,-1.9399999999999977,1.0615725359911405
top300,ACC conservative-minus-aggressive,long_short,vw,8,100,0.357,-4.44,16.63,-0.189,-83.64,21.8,85.9,85.8,87,87,272,-5.1,-0.289,-83.19,0.3055,0.6599999999999993,0.09999999999999998,-0.45000000000000284,1.1685761047463175
top300,ACC conservative-minus-aggressive,long_short,vw,9,0,0.7936,-1.01,16.92,0.024,-74.17,21.1,85.2,85.5,87,85,272,-1.78,-0.052,-73.28,0.6653,0.77,0.076,-0.8900000000000006,1.1928453329325115
top300,ACC conservative-minus-aggressive,long_short,vw,9,10,0.751,-1.26,16.91,0.009,-74.88,21.1,85.2,85.5,87,85,272,-2.12,-0.076,-74.48,0.6158,0.8600000000000001,0.08499999999999999,-0.3999999999999915,1.21955180253329
top300,ACC conservative-minus-aggressive,long_short,vw,9,20,0.7105,-1.5,16.91,-0.005,-75.56,21.1,85.2,85.5,87,85,272,-2.45,-0.1,-75.63,0.5699,0.9500000000000002,0.095,0.06999999999999318,1.2467099491138798
top300,ACC conservative-minus-aggressive,long_short,vw,9,50,0.6012,-2.22,16.91,-0.049,-77.52,21.1,85.2,85.5,87,85,272,-3.45,-0.171,-78.79,0.4515,1.23,0.12200000000000001,1.2700000000000102,1.33156146179402
top300,ACC conservative-minus-aggressive,long_short,vw,9,100,0.4538,-3.43,16.98,-0.121,-80.46,21.1,85.2,85.5,87,85,272,-5.1,-0.289,-83.19,0.3055,1.6699999999999995,0.16799999999999998,2.730000000000004,1.4854337152209491
top300,ACC conservative-minus-aggressive,long_short,vw,10,0,1.3759,1.42,15.53,0.168,-70.25,20.4,85.4,85.8,87,85,272,-1.78,-0.052,-73.28,0.6653,3.2,0.22,3.030000000000001,2.068089583646475
top300,ACC conservative-minus-aggressive,long_short,vw,10,10,1.304,1.18,15.54,0.153,-70.96,20.4,85.4,85.8,87,85,272,-2.12,-0.076,-74.48,0.6158,3.3,0.22899999999999998,3.5200000000000102,2.1175706398181227
top300,ACC conservative-minus-aggressive,long_short,vw,10,20,1.2357,0.94,15.55,0.137,-71.64,20.4,85.4,85.8,87,85,272,-2.45,-0.1,-75.63,0.5699,3.39,0.23700000000000002,3.989999999999995,2.16827513598877
top300,ACC conservative-minus-aggressive,long_short,vw,10,50,1.0507,0.22,15.61,0.091,-73.62,20.4,85.4,85.8,87,85,272,-3.45,-0.171,-78.79,0.4515,3.6700000000000004,0.262,5.170000000000002,2.3271317829457363
top300,ACC conservative-minus-aggressive,long_short,vw,10,100,0.7997,-0.98,15.78,0.016,-76.63,20.4,85.4,85.8,87,85,272,-5.1,-0.289,-83.19,0.3055,4.119999999999999,0.305,6.560000000000002,2.617675941080196
top300,ACC conservative-minus-aggressive,long_short,vw,11,0,1.0212,0.09,17.34,0.091,-72.34,21.0,85.7,85.9,87,87,272,-1.78,-0.052,-73.28,0.6653,1.87,0.143,0.9399999999999977,1.5349466406132573
top300,ACC conservative-minus-aggressive,long_short,vw,11,10,0.9665,-0.15,17.34,0.077,-73.15,21.0,85.7,85.9,87,87,272,-2.12,-0.076,-74.48,0.6158,1.9700000000000002,0.153,1.3299999999999983,1.5695030854173433
top300,ACC conservative-minus-aggressive,long_short,vw,11,20,0.9147,-0.39,17.34,0.063,-73.93,21.0,85.7,85.9,87,87,272,-2.45,-0.1,-75.63,0.5699,2.06,0.163,1.6999999999999886,1.6050184242849623
top300,ACC conservative-minus-aggressive,long_short,vw,11,50,0.7746,-1.12,17.36,0.021,-76.17,21.0,85.7,85.9,87,87,272,-3.45,-0.171,-78.79,0.4515,2.33,0.192,2.6200000000000045,1.7156146179401992
top300,ACC conservative-minus-aggressive,long_short,vw,11,100,0.5853,-2.34,17.47,-0.048,-79.52,21.0,85.7,85.9,87,87,272,-5.1,-0.289,-83.19,0.3055,2.76,0.241,3.6700000000000017,1.9158756137479545
top300,ACC conservative-minus-aggressive,long_short,vw,12,0,0.609,-2.16,15.7,-0.061,-78.69,21.1,86.0,86.2,87,87,272,-1.78,-0.052,-73.28,0.6653,-0.3800000000000001,-0.009000000000000001,-5.409999999999997,0.9153765218698331
top300,ACC conservative-minus-aggressive,long_short,vw,12,10,0.5765,-2.4,15.69,-0.076,-79.21,21.1,86.0,86.2,87,87,272,-2.12,-0.076,-74.48,0.6158,-0.2799999999999998,0.0,-4.72999999999999,0.936180578109776
top300,ACC conservative-minus-aggressive,long_short,vw,12,20,0.5456,-2.64,15.67,-0.092,-79.73,21.1,86.0,86.2,87,87,272,-2.45,-0.1,-75.63,0.5699,-0.18999999999999995,0.008000000000000007,-4.1000000000000085,0.9573609405158799
top300,ACC conservative-minus-aggressive,long_short,vw,12,50,0.462,-3.35,15.66,-0.139,-81.2,21.1,86.0,86.2,87,87,272,-3.45,-0.171,-78.79,0.4515,0.10000000000000009,0.032,-2.4099999999999966,1.0232558139534884
top300,ACC conservative-minus-aggressive,long_short,vw,12,100,0.3491,-4.54,15.72,-0.216,-83.48,21.1,86.0,86.2,87,87,272,-5.1,-0.289,-83.19,0.3055,0.5599999999999996,0.07299999999999998,-0.29000000000000625,1.1427168576104747
top300,VOL low-minus-high,long_short,vw,1,0,0.559,-2.53,20.73,-0.013,-65.73,85.4,75.0,85.3,69,86,272,-2.53,-0.013,-65.73,0.559,0.0,0.0,0.0,1.0
top300,VOL low-minus-high,long_short,vw,1,10,0.4435,-3.52,20.73,-0.062,-67.68,85.4,75.0,85.3,69,86,272,-3.52,-0.062,-67.68,0.4435,0.0,0.0,0.0,1.0
top300,VOL low-minus-high,long_short,vw,1,20,0.3517,-4.51,20.73,-0.111,-73.15,85.4,75.0,85.3,69,86,272,-4.51,-0.111,-73.15,0.3517,0.0,0.0,0.0,1.0
top300,VOL low-minus-high,long_short,vw,1,50,0.1752,-7.4,20.74,-0.258,-85.57,85.4,75.0,85.3,69,86,272,-7.4,-0.258,-85.57,0.1752,0.0,0.0,0.0,1.0
top300,VOL low-minus-high,long_short,vw,1,100,0.0545,-12.05,20.8,-0.501,-94.92,85.4,75.0,85.3,69,86,272,-12.05,-0.501,-94.92,0.0545,0.0,0.0,0.0,1.0
top300,VOL low-minus-high,long_short,vw,2,0,0.3914,-4.05,22.65,-0.047,-77.45,61.6,74.9,84.2,70,86,272,-2.53,-0.013,-65.73,0.559,-1.52,-0.034,-11.719999999999999,0.7001788908765653
top300,VOL low-minus-high,long_short,vw,2,10,0.3314,-4.76,22.65,-0.079,-78.33,61.6,74.9,84.2,70,86,272,-3.52,-0.062,-67.68,0.4435,-1.2399999999999998,-0.017,-10.649999999999991,0.747237880496054
top300,VOL low-minus-high,long_short,vw,2,20,0.2805,-5.45,22.66,-0.111,-79.58,61.6,74.9,84.2,70,86,272,-4.51,-0.111,-73.15,0.3517,-0.9400000000000004,0.0,-6.429999999999993,0.797554734148422
top300,VOL low-minus-high,long_short,vw,2,50,0.1698,-7.52,22.7,-0.207,-86.98,61.6,74.9,84.2,70,86,272,-7.4,-0.258,-85.57,0.1752,-0.11999999999999922,0.05100000000000002,-1.4100000000000108,0.9691780821917809
top300,VOL low-minus-high,long_short,vw,2,100,0.0731,-10.9,22.86,-0.366,-93.89,61.6,74.9,84.2,70,86,272,-12.05,-0.501,-94.92,0.0545,1.1500000000000004,0.135,1.0300000000000011,1.3412844036697247
top300,VOL low-minus-high,long_short,vw,3,0,0.4496,-3.47,24.51,-0.003,-79.74,55.4,73.7,82.9,70,86,272,-2.53,-0.013,-65.73,0.559,-0.9400000000000004,0.009999999999999998,-14.009999999999991,0.804293381037567
top300,VOL low-minus-high,long_short,vw,3,10,0.3867,-4.1,24.53,-0.03,-80.53,55.4,73.7,82.9,70,86,272,-3.52,-0.062,-67.68,0.4435,-0.5799999999999996,0.032,-12.849999999999994,0.8719278466741825
top300,VOL low-minus-high,long_short,vw,3,20,0.3326,-4.74,24.55,-0.057,-81.29,55.4,73.7,82.9,70,86,272,-4.51,-0.111,-73.15,0.3517,-0.23000000000000043,0.054,-8.14,0.9456923514358828
top300,VOL low-minus-high,long_short,vw,3,50,0.2111,-6.63,24.65,-0.136,-83.68,55.4,73.7,82.9,70,86,272,-7.4,-0.258,-85.57,0.1752,0.7700000000000005,0.122,1.8899999999999864,1.2049086757990868
top300,VOL low-minus-high,long_short,vw,3,100,0.0984,-9.72,24.89,-0.267,-91.83,55.4,73.7,82.9,70,86,272,-12.05,-0.501,-94.92,0.0545,2.33,0.23399999999999999,3.0900000000000034,1.8055045871559634
top300,VOL low-minus-high,long_short,vw,4,0,0.6842,-1.66,22.56,0.048,-62.78,46.1,74.0,81.7,66,85,272,-2.53,-0.013,-65.73,0.559,0.8699999999999999,0.061,2.950000000000003,1.2239713774597496
top300,VOL low-minus-high,long_short,vw,4,10,0.6052,-2.19,22.54,0.024,-63.83,46.1,74.0,81.7,66,85,272,-3.52,-0.062,-67.68,0.4435,1.33,0.086,3.8500000000000085,1.3645997745208567
top300,VOL low-minus-high,long_short,vw,4,20,0.5351,-2.72,22.52,-0.0,-64.89,46.1,74.0,81.7,66,85,272,-4.51,-0.111,-73.15,0.3517,1.7899999999999996,0.111,8.260000000000005,1.5214671595109468
top300,VOL low-minus-high,long_short,vw,4,50,0.3694,-4.3,22.5,-0.073,-72.94,46.1,74.0,81.7,66,85,272,-7.4,-0.258,-85.57,0.1752,3.1000000000000005,0.185,12.629999999999995,2.108447488584475
top300,VOL low-minus-high,long_short,vw,4,100,0.1981,-6.89,22.54,-0.193,-83.83,46.1,74.0,81.7,66,85,272,-12.05,-0.501,-94.92,0.0545,5.160000000000001,0.308,11.090000000000003,3.634862385321101
top300,VOL low-minus-high,long_short,vw,5,0,0.4457,-3.5,25.56,0.009,-78.48,43.7,75.4,85.0,70,86,272,-2.53,-0.013,-65.73,0.559,-0.9700000000000002,0.022,-12.75,0.7973166368515204
top300,VOL low-minus-high,long_short,vw,5,10,0.3956,-4.01,25.59,-0.011,-79.14,43.7,75.4,85.0,70,86,272,-3.52,-0.062,-67.68,0.4435,-0.48999999999999977,0.051000000000000004,-11.459999999999994,0.8919954904171364
top300,VOL low-minus-high,long_short,vw,5,20,0.3511,-4.51,25.63,-0.031,-79.78,43.7,75.4,85.0,70,86,272,-4.51,-0.111,-73.15,0.3517,0.0,0.08,-6.6299999999999955,0.9982940005686665
top300,VOL low-minus-high,long_short,vw,5,50,0.2449,-6.02,25.76,-0.091,-81.61,43.7,75.4,85.0,70,86,272,-7.4,-0.258,-85.57,0.1752,1.3800000000000008,0.167,3.9599999999999937,1.3978310502283107
top300,VOL low-minus-high,long_short,vw,5,100,0.1334,-8.5,26.07,-0.189,-88.43,43.7,75.4,85.0,70,86,272,-12.05,-0.501,-94.92,0.0545,3.5500000000000007,0.312,6.489999999999995,2.4477064220183484
top300,VOL low-minus-high,long_short,vw,6,0,0.602,-2.21,26.33,0.064,-75.85,39.6,72.6,79.3,70,86,272,-2.53,-0.013,-65.73,0.559,0.31999999999999984,0.077,-10.11999999999999,1.0769230769230769
top300,VOL low-minus-high,long_short,vw,6,10,0.5399,-2.68,26.37,0.046,-76.59,39.6,72.6,79.3,70,86,272,-3.52,-0.062,-67.68,0.4435,0.8399999999999999,0.108,-8.909999999999997,1.2173618940248028
top300,VOL low-minus-high,long_short,vw,6,20,0.4841,-3.15,26.42,0.029,-77.3,39.6,72.6,79.3,70,86,272,-4.51,-0.111,-73.15,0.3517,1.3599999999999999,0.14,-4.1499999999999915,1.3764572078475972
top300,VOL low-minus-high,long_short,vw,6,50,0.3483,-4.55,26.59,-0.024,-79.34,39.6,72.6,79.3,70,86,272,-7.4,-0.258,-85.57,0.1752,2.8500000000000005,0.234,6.22999999999999,1.988013698630137
top300,VOL low-minus-high,long_short,vw,6,100,0.1999,-6.86,26.96,-0.11,-82.38,39.6,72.6,79.3,70,86,272,-12.05,-0.501,-94.92,0.0545,5.19,0.391,12.540000000000006,3.6678899082568805
top300,VOL low-minus-high,long_short,vw,7,0,0.0391,-13.33,29.68,-0.094,-97.88,78.5,73.9,85.0,66,85,272,-2.53,-0.013,-65.73,0.559,-10.8,-0.081,-32.14999999999999,0.06994633273703041
top300,VOL low-minus-high,long_short,vw,7,10,0.0316,-14.13,29.66,-0.126,-98.16,78.5,73.9,85.0,66,85,272,-3.52,-0.062,-67.68,0.4435,-10.610000000000001,-0.064,-30.47999999999999,0.07125140924464488
top300,VOL low-minus-high,long_short,vw,7,20,0.0252,-14.99,29.86,-0.156,-98.43,78.5,73.9,85.0,66,85,272,-4.51,-0.111,-73.15,0.3517,-10.48,-0.045,-25.28,0.07165197611600796
top300,VOL low-minus-high,long_short,vw,7,50,0.0105,-18.19,31.79,-0.235,-99.19,78.5,73.9,85.0,66,85,272,-7.4,-0.258,-85.57,0.1752,-10.790000000000001,0.02300000000000002,-13.620000000000005,0.05993150684931507
top300,VOL low-minus-high,long_short,vw,7,100,-0.0027,,38.52,-0.315,-100.68,78.5,73.9,85.0,66,85,272,-12.05,-0.501,-94.92,0.0545,,0.186,-5.760000000000005,-0.04954128440366973
top300,VOL low-minus-high,long_short,vw,8,0,0.8671,-0.63,23.22,0.097,-61.06,35.0,73.1,80.7,61,73,272,-2.53,-0.013,-65.73,0.559,1.9,0.11,4.670000000000002,1.5511627906976742
top300,VOL low-minus-high,long_short,vw,8,10,0.7897,-1.04,23.22,0.079,-61.52,35.0,73.1,80.7,61,73,272,-3.52,-0.062,-67.68,0.4435,2.48,0.14100000000000001,6.160000000000004,1.780608793686584
top300,VOL low-minus-high,long_short,vw,8,20,0.7191,-1.44,23.23,0.061,-61.99,35.0,73.1,80.7,61,73,272,-4.51,-0.111,-73.15,0.3517,3.07,0.172,11.160000000000004,2.044640318453227
top300,VOL low-minus-high,long_short,vw,8,50,0.5418,-2.67,23.27,0.008,-63.74,35.0,73.1,80.7,61,73,272,-7.4,-0.258,-85.57,0.1752,4.73,0.266,21.82999999999999,3.092465753424657
top300,VOL low-minus-high,long_short,vw,8,100,0.3361,-4.7,23.43,-0.079,-70.98,35.0,73.1,80.7,61,73,272,-12.05,-0.501,-94.92,0.0545,7.3500000000000005,0.422,23.939999999999998,6.1669724770642205
top300,VOL low-minus-high,long_short,vw,9,0,0.4898,-3.1,28.95,0.039,-75.9,34.1,73.1,83.0,70,86,272,-2.53,-0.013,-65.73,0.559,-0.5700000000000003,0.052,-10.170000000000002,0.8762075134168157
top300,VOL low-minus-high,long_short,vw,9,10,0.4465,-3.49,28.98,0.025,-76.77,34.1,73.1,83.0,70,86,272,-3.52,-0.062,-67.68,0.4435,0.029999999999999805,0.087,-9.08999999999999,1.0067643742953776
top300,VOL low-minus-high,long_short,vw,9,20,0.4068,-3.89,29.0,0.011,-77.6,34.1,73.1,83.0,70,86,272,-4.51,-0.111,-73.15,0.3517,0.6199999999999997,0.122,-4.449999999999989,1.1566676144441284
top300,VOL low-minus-high,long_short,vw,9,50,0.3072,-5.07,29.12,-0.03,-79.95,34.1,73.1,83.0,70,86,272,-7.4,-0.258,-85.57,0.1752,2.33,0.228,5.61999999999999,1.7534246575342465
top300,VOL low-minus-high,long_short,vw,9,100,0.191,-7.04,29.39,-0.098,-85.53,34.1,73.1,83.0,70,86,272,-12.05,-0.501,-94.92,0.0545,5.010000000000001,0.403,9.39,3.5045871559633026
top300,VOL low-minus-high,long_short,vw,10,0,0.3495,-4.53,25.4,-0.025,-77.78,33.3,75.7,83.6,70,86,272,-2.53,-0.013,-65.73,0.559,-2.0000000000000004,-0.012000000000000002,-12.049999999999997,0.6252236135957066
top300,VOL low-minus-high,long_short,vw,10,10,0.3191,-4.91,25.44,-0.04,-78.73,33.3,75.7,83.6,70,86,272,-3.52,-0.062,-67.68,0.4435,-1.3900000000000001,0.022,-11.049999999999997,0.7195039458850057
top300,VOL low-minus-high,long_short,vw,10,20,0.2913,-5.3,25.48,-0.056,-80.33,33.3,75.7,83.6,70,86,272,-4.51,-0.111,-73.15,0.3517,-0.79,0.055,-7.179999999999993,0.8282627239124254
top300,VOL low-minus-high,long_short,vw,10,50,0.2209,-6.44,25.63,-0.101,-84.48,33.3,75.7,83.6,70,86,272,-7.4,-0.258,-85.57,0.1752,0.96,0.157,1.0899999999999892,1.2608447488584476
top300,VOL low-minus-high,long_short,vw,10,100,0.138,-8.37,26.01,-0.174,-89.7,33.3,75.7,83.6,70,86,272,-12.05,-0.501,-94.92,0.0545,3.6800000000000015,0.327,5.219999999999999,2.5321100917431196
top300,VOL low-minus-high,long_short,vw,11,0,0.1284,-8.66,43.55,0.027,-90.02,36.5,73.7,85.1,61,73,272,-2.53,-0.013,-65.73,0.559,-6.130000000000001,0.04,-24.289999999999992,0.22969588550983897
top300,VOL low-minus-high,long_short,vw,11,10,0.1165,-9.05,43.55,0.017,-90.86,36.5,73.7,85.1,61,73,272,-3.52,-0.062,-67.68,0.4435,-5.530000000000001,0.079,-23.179999999999993,0.26268320180383314
top300,VOL low-minus-high,long_short,vw,11,20,0.1056,-9.44,43.56,0.008,-91.67,36.5,73.7,85.1,61,73,272,-4.51,-0.111,-73.15,0.3517,-4.93,0.119,-18.519999999999996,0.30025589991470003
top300,VOL low-minus-high,long_short,vw,11,50,0.0782,-10.64,43.64,-0.022,-93.73,36.5,73.7,85.1,61,73,272,-7.4,-0.258,-85.57,0.1752,-3.24,0.23600000000000002,-8.16000000000001,0.44634703196347036
top300,VOL low-minus-high,long_short,vw,11,100,0.0461,-12.69,43.98,-0.07,-96.2,36.5,73.7,85.1,61,73,272,-12.05,-0.501,-94.92,0.0545,-0.6399999999999988,0.431,-1.2800000000000011,0.8458715596330275
top300,VOL low-minus-high,long_short,vw,12,0,1.5798,2.04,21.95,0.205,-62.07,25.9,69.4,72.0,61,73,272,-2.53,-0.013,-65.73,0.559,4.57,0.218,3.6600000000000037,2.826118067978533
top300,VOL low-minus-high,long_short,vw,12,10,1.473,1.72,21.98,0.191,-62.43,25.9,69.4,72.0,61,73,272,-3.52,-0.062,-67.68,0.4435,5.24,0.253,5.250000000000007,3.3213077790304397
top300,VOL low-minus-high,long_short,vw,12,20,1.373,1.41,22.02,0.177,-62.8,25.9,69.4,72.0,61,73,272,-4.51,-0.111,-73.15,0.3517,5.92,0.288,10.350000000000009,3.9038953653682116
top300,VOL low-minus-high,long_short,vw,12,50,1.1102,0.46,22.15,0.135,-63.88,25.9,69.4,72.0,61,73,272,-7.4,-0.258,-85.57,0.1752,7.86,0.393,21.68999999999999,6.33675799086758
top300,VOL low-minus-high,long_short,vw,12,100,0.775,-1.12,22.45,0.066,-65.67,25.9,69.4,72.0,61,73,272,-12.05,-0.501,-94.92,0.0545,10.93,0.567,29.25,14.220183486238533
top300,STR loser-minus-winner,long_short,vw,1,0,1.4689,1.71,15.35,0.19,-58.42,319.8,86.1,85.4,78,86,272,1.71,0.19,-58.42,1.4689,0.0,0.0,0.0,1.0
top300,STR loser-minus-winner,long_short,vw,1,10,0.6162,-2.11,15.35,-0.06,-66.13,319.8,86.1,85.4,78,86,272,-2.11,-0.06,-66.13,0.6162,0.0,0.0,0.0,1.0
top300,STR loser-minus-winner,long_short,vw,1,20,0.2577,-5.81,15.34,-0.309,-77.81,319.8,86.1,85.4,78,86,272,-5.81,-0.309,-77.81,0.2577,0.0,0.0,0.0,1.0
top300,STR loser-minus-winner,long_short,vw,1,50,0.0185,-16.13,15.35,-1.058,-98.12,319.8,86.1,85.4,78,86,272,-16.13,-1.058,-98.12,0.0185,0.0,0.0,0.0,1.0
top300,STR loser-minus-winner,long_short,vw,1,100,0.0002,-31.07,15.38,-2.301,-99.98,319.8,86.1,85.4,78,86,272,-31.07,-2.301,-99.98,0.0002,0.0,0.0,0.0,1.0
top300,STR loser-minus-winner,long_short,vw,2,0,0.8426,-0.75,16.48,0.037,-72.23,160.9,85.4,84.6,90,89,272,1.71,0.19,-58.42,1.4689,-2.46,-0.153,-13.810000000000002,0.5736265232486895
top300,STR loser-minus-winner,long_short,vw,2,10,0.5448,-2.64,16.47,-0.08,-74.99,160.9,85.4,84.6,90,89,272,-2.11,-0.06,-66.13,0.6162,-0.5300000000000002,-0.020000000000000004,-8.86,0.8841285296981499
top300,STR loser-minus-winner,long_short,vw,2,20,0.3518,-4.5,16.48,-0.196,-80.69,160.9,85.4,84.6,90,89,272,-5.81,-0.309,-77.81,0.2577,1.3099999999999996,0.11299999999999999,-2.8799999999999955,1.365153279006597
top300,STR loser-minus-winner,long_short,vw,2,50,0.0939,-9.91,16.62,-0.541,-91.64,160.9,85.4,84.6,90,89,272,-16.13,-1.058,-98.12,0.0185,6.219999999999999,0.517,6.480000000000004,5.075675675675676
top300,STR loser-minus-winner,long_short,vw,2,100,0.0101,-18.36,17.23,-1.08,-99.01,160.9,85.4,84.6,90,89,272,-31.07,-2.301,-99.98,0.0002,12.71,1.221,0.9699999999999989,50.49999999999999
top300,STR loser-minus-winner,long_short,vw,3,0,1.2323,0.93,15.32,0.137,-64.1,108.9,84.0,84.4,90,89,272,1.71,0.19,-58.42,1.4689,-0.7799999999999999,-0.05299999999999999,-5.679999999999993,0.8389270882973653
top300,STR loser-minus-winner,long_short,vw,3,10,0.9206,-0.36,15.23,0.052,-68.36,108.9,84.0,84.4,90,89,272,-2.11,-0.06,-66.13,0.6162,1.75,0.11199999999999999,-2.230000000000004,1.4939954560207724
top300,STR loser-minus-winner,long_short,vw,3,20,0.687,-1.64,15.16,-0.033,-72.26,108.9,84.0,84.4,90,89,272,-5.81,-0.309,-77.81,0.2577,4.17,0.276,5.549999999999997,2.665890570430734
top300,STR loser-minus-winner,long_short,vw,3,50,0.2839,-5.4,15.07,-0.292,-81.99,108.9,84.0,84.4,90,89,272,-16.13,-1.058,-98.12,0.0185,10.729999999999999,0.766,16.13000000000001,15.345945945945946
top300,STR loser-minus-winner,long_short,vw,3,100,0.0638,-11.43,15.31,-0.711,-94.03,108.9,84.0,84.4,90,89,272,-31.07,-2.301,-99.98,0.0002,19.64,1.5900000000000003,5.950000000000003,318.99999999999994
top300,STR loser-minus-winner,long_short,vw,4,0,1.2003,0.81,17.05,0.13,-65.7,81.5,82.9,82.3,87,74,272,1.71,0.19,-58.42,1.4689,-0.8999999999999999,-0.06,-7.280000000000001,0.8171420791068145
top300,STR loser-minus-winner,long_short,vw,4,10,0.9632,-0.17,17.06,0.073,-67.13,81.5,82.9,82.3,87,74,272,-2.11,-0.06,-66.13,0.6162,1.94,0.133,-1.0,1.5631288542680948
top300,STR loser-minus-winner,long_short,vw,4,20,0.7723,-1.13,17.08,0.016,-68.51,81.5,82.9,82.3,87,74,272,-5.81,-0.309,-77.81,0.2577,4.68,0.325,9.299999999999997,2.996895615056267
top300,STR loser-minus-winner,long_short,vw,4,50,0.3964,-4.0,17.24,-0.152,-72.7,81.5,82.9,82.3,87,74,272,-16.13,-1.058,-98.12,0.0185,12.129999999999999,0.906,25.42,21.427027027027027
top300,STR loser-minus-winner,long_short,vw,4,100,0.1285,-8.66,17.78,-0.42,-88.07,81.5,82.9,82.3,87,74,272,-31.07,-2.301,-99.98,0.0002,22.41,1.8810000000000002,11.91000000000001,642.5
top300,STR loser-minus-winner,long_short,vw,5,0,0.5875,-2.32,16.16,-0.063,-63.02,65.5,86.7,86.1,90,89,272,1.71,0.19,-58.42,1.4689,-4.029999999999999,-0.253,-4.600000000000001,0.3999591531077677
top300,STR loser-minus-winner,long_short,vw,5,10,0.4924,-3.08,16.16,-0.111,-65.7,65.5,86.7,86.1,90,89,272,-2.11,-0.06,-66.13,0.6162,-0.9700000000000002,-0.051000000000000004,0.4299999999999926,0.7990912041544953
top300,STR loser-minus-winner,long_short,vw,5,20,0.4125,-3.83,16.17,-0.159,-68.2,65.5,86.7,86.1,90,89,272,-5.81,-0.309,-77.81,0.2577,1.9799999999999995,0.15,9.61,1.60069848661234
top300,STR loser-minus-winner,long_short,vw,5,50,0.2416,-6.07,16.29,-0.301,-77.91,65.5,86.7,86.1,90,89,272,-16.13,-1.058,-98.12,0.0185,10.059999999999999,0.7570000000000001,20.210000000000008,13.059459459459461
top300,STR loser-minus-winner,long_short,vw,5,100,0.0978,-9.75,16.73,-0.525,-90.63,65.5,86.7,86.1,90,89,272,-31.07,-2.301,-99.98,0.0002,21.32,1.7760000000000002,9.350000000000009,488.99999999999994
top300,STR loser-minus-winner,long_short,vw,6,0,0.5369,-2.71,16.6,-0.083,-76.68,56.0,80.9,82.7,90,89,272,1.71,0.19,-58.42,1.4689,-4.42,-0.273,-18.260000000000005,0.3655116073252093
top300,STR loser-minus-winner,long_short,vw,6,10,0.4623,-3.35,16.56,-0.123,-78.68,56.0,80.9,82.7,90,89,272,-2.11,-0.06,-66.13,0.6162,-1.2400000000000002,-0.063,-12.550000000000011,0.7502434274586174
top300,STR loser-minus-winner,long_short,vw,6,20,0.3978,-3.98,16.54,-0.163,-80.52,56.0,80.9,82.7,90,89,272,-5.81,-0.309,-77.81,0.2577,1.8299999999999996,0.146,-2.7099999999999937,1.5436554132712457
top300,STR loser-minus-winner,long_short,vw,6,50,0.2528,-5.89,16.53,-0.284,-85.15,56.0,80.9,82.7,90,89,272,-16.13,-1.058,-98.12,0.0185,10.239999999999998,0.774,12.969999999999999,13.664864864864867
top300,STR loser-minus-winner,long_short,vw,6,100,0.1175,-9.02,16.74,-0.478,-90.8,56.0,80.9,82.7,90,89,272,-31.07,-2.301,-99.98,0.0002,22.05,1.8230000000000002,9.180000000000007,587.4999999999999
top300,STR loser-minus-winner,long_short,vw,7,0,0.4036,-3.92,16.51,-0.154,-78.71,50.2,85.4,85.7,87,78,272,1.71,0.19,-58.42,1.4689,-5.63,-0.344,-20.289999999999992,0.27476342841582135
top300,STR loser-minus-winner,long_short,vw,7,10,0.3527,-4.49,16.5,-0.19,-80.77,50.2,85.4,85.7,87,78,272,-2.11,-0.06,-66.13,0.6162,-2.3800000000000003,-0.13,-14.64,0.5723790976955534
top300,STR loser-minus-winner,long_short,vw,7,20,0.3081,-5.06,16.51,-0.226,-82.63,50.2,85.4,85.7,87,78,272,-5.81,-0.309,-77.81,0.2577,0.75,0.08299999999999999,-4.819999999999993,1.1955762514551804
top300,STR loser-minus-winner,long_short,vw,7,50,0.2047,-6.76,16.61,-0.332,-87.24,50.2,85.4,85.7,87,78,272,-16.13,-1.058,-98.12,0.0185,9.37,0.726,10.88000000000001,11.064864864864864
top300,STR loser-minus-winner,long_short,vw,7,100,0.1025,-9.56,16.98,-0.499,-92.42,50.2,85.4,85.7,87,78,272,-31.07,-2.301,-99.98,0.0002,21.509999999999998,1.802,7.560000000000002,512.5
top300,STR loser-minus-winner,long_short,vw,8,0,0.5549,-2.57,16.38,-0.079,-73.03,42.5,83.0,82.0,78,84,272,1.71,0.19,-58.42,1.4689,-4.279999999999999,-0.269,-14.61,0.37776567499489405
top300,STR loser-minus-winner,long_short,vw,8,10,0.495,-3.05,16.38,-0.11,-73.59,42.5,83.0,82.0,78,84,272,-2.11,-0.06,-66.13,0.6162,-0.94,-0.05,-7.460000000000008,0.8033106134371958
top300,STR loser-minus-winner,long_short,vw,8,20,0.4415,-3.54,16.39,-0.141,-74.14,42.5,83.0,82.0,78,84,272,-5.81,-0.309,-77.81,0.2577,2.2699999999999996,0.168,3.6700000000000017,1.713232440822662
top300,STR loser-minus-winner,long_short,vw,8,50,0.3124,-5.0,16.48,-0.231,-75.73,42.5,83.0,82.0,78,84,272,-16.13,-1.058,-98.12,0.0185,11.129999999999999,0.8270000000000001,22.39,16.886486486486486
top300,STR loser-minus-winner,long_short,vw,8,100,0.174,-7.42,16.81,-0.376,-83.47,42.5,83.0,82.0,78,84,272,-31.07,-2.301,-99.98,0.0002,23.65,1.9250000000000003,16.510000000000005,869.9999999999999
top300,STR loser-minus-winner,long_short,vw,9,0,0.7313,-1.37,18.45,0.024,-52.78,39.2,85.0,84.3,90,89,272,1.71,0.19,-58.42,1.4689,-3.08,-0.166,5.640000000000001,0.4978555381578051
top300,STR loser-minus-winner,long_short,vw,9,10,0.6598,-1.82,18.4,-0.001,-53.29,39.2,85.0,84.3,90,89,272,-2.11,-0.06,-66.13,0.6162,0.2899999999999998,0.059,12.839999999999996,1.070756247971438
top300,STR loser-minus-winner,long_short,vw,9,20,0.5951,-2.26,18.35,-0.026,-54.07,39.2,85.0,84.3,90,89,272,-5.81,-0.309,-77.81,0.2577,3.55,0.283,23.740000000000002,2.309274350019402
top300,STR loser-minus-winner,long_short,vw,9,50,0.4357,-3.6,18.28,-0.102,-62.27,39.2,85.0,84.3,90,89,272,-16.13,-1.058,-98.12,0.0185,12.53,0.9560000000000001,35.85,23.55135135135135
top300,STR loser-minus-winner,long_short,vw,9,100,0.2571,-5.82,18.31,-0.228,-76.08,39.2,85.0,84.3,90,89,272,-31.07,-2.301,-99.98,0.0002,25.25,2.073,23.900000000000006,1285.5
top300,STR loser-minus-winner,long_short,vw,10,0,0.0825,-10.42,19.04,-0.459,-93.41,39.3,85.3,85.3,90,89,272,1.71,0.19,-58.42,1.4689,-12.129999999999999,-0.649,-34.989999999999995,0.05616447681938866
top300,STR loser-minus-winner,long_short,vw,10,10,0.0742,-10.84,19.05,-0.483,-94.04,39.3,85.3,85.3,90,89,272,-2.11,-0.06,-66.13,0.6162,-8.73,-0.423,-27.91000000000001,0.1204154495293736
top300,STR loser-minus-winner,long_short,vw,10,20,0.0667,-11.26,19.07,-0.507,-94.62,39.3,85.3,85.3,90,89,272,-5.81,-0.309,-77.81,0.2577,-5.45,-0.198,-16.810000000000002,0.2588280946837408
top300,STR loser-minus-winner,long_short,vw,10,50,0.0482,-12.52,19.18,-0.576,-96.03,39.3,85.3,85.3,90,89,272,-16.13,-1.058,-98.12,0.0185,3.6099999999999994,0.4820000000000001,2.0900000000000034,2.6054054054054054
top300,STR loser-minus-winner,long_short,vw,10,100,0.0278,-14.62,19.58,-0.683,-97.64,39.3,85.3,85.3,90,89,272,-31.07,-2.301,-99.98,0.0002,16.450000000000003,1.618,2.3400000000000034,138.99999999999997
top300,STR loser-minus-winner,long_short,vw,11,0,0.1955,-6.95,16.79,-0.344,-81.88,33.7,85.8,84.0,78,84,272,1.71,0.19,-58.42,1.4689,-8.66,-0.534,-23.459999999999994,0.133092790523521
top300,STR loser-minus-winner,long_short,vw,11,10,0.1789,-7.31,16.76,-0.369,-83.23,33.7,85.8,84.0,78,84,272,-2.11,-0.06,-66.13,0.6162,-5.199999999999999,-0.309,-17.10000000000001,0.29032781564427135
top300,STR loser-minus-winner,long_short,vw,11,20,0.1636,-7.68,16.74,-0.393,-84.48,33.7,85.8,84.0,78,84,272,-5.81,-0.309,-77.81,0.2577,-1.87,-0.08400000000000002,-6.670000000000002,0.6348467209934032
top300,STR loser-minus-winner,long_short,vw,11,50,0.1248,-8.77,16.73,-0.464,-87.72,33.7,85.8,84.0,78,84,272,-16.13,-1.058,-98.12,0.0185,7.359999999999999,0.5940000000000001,10.400000000000006,6.745945945945946
top300,STR loser-minus-winner,long_short,vw,11,100,0.079,-10.6,16.89,-0.576,-92.1,33.7,85.8,84.0,78,84,272,-31.07,-2.301,-99.98,0.0002,20.47,1.725,7.88000000000001,395.0
top300,STR loser-minus-winner,long_short,vw,12,0,0.2703,-5.61,16.37,-0.27,-72.95,29.9,73.3,78.4,78,84,272,1.71,0.19,-58.42,1.4689,-7.32,-0.46,-14.530000000000001,0.18401524950643336
top300,STR loser-minus-winner,long_short,vw,12,10,0.2497,-5.94,16.36,-0.292,-75.02,29.9,73.3,78.4,78,84,272,-2.11,-0.06,-66.13,0.6162,-3.8300000000000005,-0.23199999999999998,-8.89,0.4052255761116521
top300,STR loser-minus-winner,long_short,vw,12,20,0.2305,-6.27,16.35,-0.314,-76.93,29.9,73.3,78.4,78,84,272,-5.81,-0.309,-77.81,0.2577,-0.45999999999999996,-0.0050000000000000044,0.8799999999999955,0.8944509119130774
top300,STR loser-minus-winner,long_short,vw,12,50,0.1811,-7.26,16.37,-0.377,-81.87,29.9,73.3,78.4,78,84,272,-16.13,-1.058,-98.12,0.0185,8.87,0.681,16.25,9.789189189189191
top300,STR loser-minus-winner,long_short,vw,12,100,0.1204,-8.92,16.56,-0.479,-87.95,29.9,73.3,78.4,78,84,272,-31.07,-2.301,-99.98,0.0002,22.15,1.822,12.030000000000001,601.9999999999999
top300,Small,long_only,vw,1,0,35.2986,17.03,24.93,0.51,-66.56,3.5,268.3,0.0,268,0,272,17.03,0.51,-66.56,35.2986,0.0,0.0,0.0,1.0
top300,Small,long_only,vw,1,10,35.0,16.98,24.94,0.508,-66.58,3.5,268.3,0.0,268,0,272,16.98,0.508,-66.58,35.0,0.0,0.0,0.0,1.0
top300,Small,long_only,vw,1,20,34.7039,16.94,24.94,0.507,-66.6,3.5,268.3,0.0,268,0,272,16.94,0.507,-66.6,34.7039,0.0,0.0,0.0,1.0
top300,Small,long_only,vw,1,50,33.8302,16.81,24.94,0.502,-66.66,3.5,268.3,0.0,268,0,272,16.81,0.502,-66.66,33.8302,0.0,0.0,0.0,1.0
top300,Small,long_only,vw,1,100,32.4216,16.59,24.95,0.494,-66.76,3.5,268.3,0.0,268,0,272,16.59,0.494,-66.76,32.4216,0.0,0.0,0.0,1.0
top300,Small,long_only,vw,2,0,35.5327,17.06,24.91,0.511,-66.5,3.2,268.4,0.0,268,0,272,17.03,0.51,-66.56,35.2986,0.029999999999997584,0.0010000000000000009,0.060000000000002274,1.0066319910704673
top300,Small,long_only,vw,2,10,35.2595,17.02,24.91,0.51,-66.52,3.2,268.4,0.0,268,0,272,16.98,0.508,-66.58,35.0,0.03999999999999915,0.0020000000000000018,0.060000000000002274,1.0074142857142858
top300,Small,long_only,vw,2,20,34.9883,16.98,24.92,0.508,-66.54,3.2,268.4,0.0,268,0,272,16.94,0.507,-66.6,34.7039,0.03999999999999915,0.0010000000000000009,0.05999999999998806,1.0081950443610086
top300,Small,long_only,vw,2,50,34.1869,16.86,24.92,0.504,-66.59,3.2,268.4,0.0,268,0,272,16.81,0.502,-66.66,33.8302,0.05000000000000071,0.0020000000000000018,0.06999999999999318,1.0105438336161183
top300,Small,long_only,vw,2,100,32.8908,16.66,24.93,0.497,-66.69,3.2,268.4,0.0,268,0,272,16.59,0.494,-66.76,32.4216,0.07000000000000028,0.0030000000000000027,0.07000000000000739,1.0144718335924199
top300,Small,long_only,vw,3,0,35.5688,17.07,24.9,0.511,-66.46,3.0,268.5,0.0,268,0,272,17.03,0.51,-66.56,35.2986,0.03999999999999915,0.0010000000000000009,0.10000000000000853,1.0076546945204627
top300,Small,long_only,vw,3,10,35.3098,17.03,24.9,0.51,-66.47,3.0,268.5,0.0,268,0,272,16.98,0.508,-66.58,35.0,0.05000000000000071,0.0020000000000000018,0.10999999999999943,1.0088514285714287
top300,Small,long_only,vw,3,20,35.0526,16.99,24.9,0.509,-66.49,3.0,268.5,0.0,268,0,272,16.94,0.507,-66.6,34.7039,0.04999999999999716,0.0020000000000000018,0.10999999999999943,1.0100478620558497
top300,Small,long_only,vw,3,50,34.2919,16.88,24.91,0.505,-66.54,3.0,268.5,0.0,268,0,272,16.81,0.502,-66.66,33.8302,0.07000000000000028,0.0030000000000000027,0.11999999999999034,1.013647569331544
top300,Small,long_only,vw,3,100,33.0596,16.69,24.92,0.498,-66.63,3.0,268.5,0.0,268,0,272,16.59,0.494,-66.76,32.4216,0.10000000000000142,0.0040000000000000036,0.13000000000000966,1.019678239198559
top300,Small,long_only,vw,4,0,35.9587,17.12,24.88,0.514,-66.38,2.9,268.7,0.0,270,0,272,17.03,0.51,-66.56,35.2986,0.08999999999999986,0.0040000000000000036,0.18000000000000682,1.0187004583751198
top300,Small,long_only,vw,4,10,35.705,17.09,24.88,0.512,-66.4,2.9,268.7,0.0,270,0,272,16.98,0.508,-66.58,35.0,0.10999999999999943,0.0040000000000000036,0.1799999999999926,1.020142857142857
top300,Small,long_only,vw,4,20,35.453,17.05,24.88,0.511,-66.42,2.9,268.7,0.0,270,0,272,16.94,0.507,-66.6,34.7039,0.10999999999999943,0.0040000000000000036,0.1799999999999926,1.0215854702209264
top300,Small,long_only,vw,4,50,34.7074,16.94,24.89,0.507,-66.47,2.9,268.7,0.0,270,0,272,16.81,0.502,-66.66,33.8302,0.13000000000000256,0.0050000000000000044,0.18999999999999773,1.0259294949483007
top300,Small,long_only,vw,4,100,33.4982,16.76,24.9,0.501,-66.56,2.9,268.7,0.0,270,0,272,16.59,0.494,-66.76,32.4216,0.1700000000000017,0.007000000000000006,0.20000000000000284,1.0332062575566905
top300,Small,long_only,vw,5,0,36.9432,17.26,24.9,0.518,-66.43,2.9,268.3,0.0,268,0,272,17.03,0.51,-66.56,35.2986,0.23000000000000043,0.008000000000000007,0.12999999999999545,1.0465910829324674
top300,Small,long_only,vw,5,10,36.6931,17.23,24.9,0.517,-66.45,2.9,268.3,0.0,268,0,272,16.98,0.508,-66.58,35.0,0.25,0.009000000000000008,0.12999999999999545,1.0483742857142857
top300,Small,long_only,vw,5,20,36.4447,17.19,24.9,0.516,-66.47,2.9,268.3,0.0,268,0,272,16.94,0.507,-66.6,34.7039,0.25,0.009000000000000008,0.12999999999999545,1.050161509225188
top300,Small,long_only,vw,5,50,35.7091,17.09,24.9,0.512,-66.51,2.9,268.3,0.0,268,0,272,16.81,0.502,-66.66,33.8302,0.28000000000000114,0.010000000000000009,0.14999999999999147,1.0555391336734634
top300,Small,long_only,vw,5,100,34.5147,16.91,24.9,0.506,-66.59,2.9,268.3,0.0,268,0,272,16.59,0.494,-66.76,32.4216,0.3200000000000003,0.01200000000000001,0.1700000000000017,1.064558812643423
top300,Small,long_only,vw,6,0,36.2983,17.17,24.85,0.516,-66.24,2.8,268.8,0.0,268,0,272,17.03,0.51,-66.56,35.2986,0.14000000000000057,0.006000000000000005,0.3200000000000074,1.028321236536293
top300,Small,long_only,vw,6,10,36.0549,17.14,24.85,0.514,-66.26,2.8,268.8,0.0,268,0,272,16.98,0.508,-66.58,35.0,0.16000000000000014,0.006000000000000005,0.3199999999999932,1.03014
top300,Small,long_only,vw,6,20,35.8132,17.1,24.85,0.513,-66.27,2.8,268.8,0.0,268,0,272,16.94,0.507,-66.6,34.7039,0.16000000000000014,0.006000000000000005,0.3299999999999983,1.031964707136662
top300,Small,long_only,vw,6,50,35.0971,17.0,24.86,0.509,-66.32,2.8,268.8,0.0,268,0,272,16.81,0.502,-66.66,33.8302,0.19000000000000128,0.007000000000000006,0.3400000000000034,1.0374487883606955
top300,Small,long_only,vw,6,100,33.9343,16.82,24.86,0.503,-66.4,2.8,268.8,0.0,268,0,272,16.59,0.494,-66.76,32.4216,0.23000000000000043,0.009000000000000008,0.35999999999999943,1.0466571668270537
top300,Small,long_only,vw,7,0,39.0426,17.55,24.68,0.53,-64.66,2.8,268.2,0.0,270,0,272,17.03,0.51,-66.56,35.2986,0.5199999999999996,0.020000000000000018,1.9000000000000057,1.106066529550747
top300,Small,long_only,vw,7,10,38.7913,17.51,24.68,0.529,-64.67,2.8,268.2,0.0,270,0,272,16.98,0.508,-66.58,35.0,0.5300000000000011,0.02100000000000002,1.9099999999999966,1.1083228571428572
top300,Small,long_only,vw,7,20,38.5415,17.48,24.68,0.527,-64.68,2.8,268.2,0.0,270,0,272,16.94,0.507,-66.6,34.7039,0.5399999999999991,0.020000000000000018,1.9199999999999875,1.1105812315042403
top300,Small,long_only,vw,7,50,37.8013,17.38,24.69,0.524,-64.72,2.8,268.2,0.0,270,0,272,16.81,0.502,-66.66,33.8302,0.5700000000000003,0.02200000000000002,1.9399999999999977,1.1173832847574061
top300,Small,long_only,vw,7,100,36.598,17.21,24.69,0.518,-64.78,2.8,268.2,0.0,270,0,272,16.59,0.494,-66.76,32.4216,0.620000000000001,0.02400000000000002,1.980000000000004,1.1288153576627928
top300,Small,long_only,vw,8,0,39.0319,17.55,24.54,0.532,-64.49,2.7,268.8,0.0,270,0,272,17.03,0.51,-66.56,35.2986,0.5199999999999996,0.02200000000000002,2.0700000000000074,1.105763401381358
top300,Small,long_only,vw,8,10,38.7832,17.51,24.54,0.53,-64.51,2.7,268.8,0.0,270,0,272,16.98,0.508,-66.58,35.0,0.5300000000000011,0.02200000000000002,2.069999999999993,1.1080914285714285
top300,Small,long_only,vw,8,20,38.5361,17.48,24.55,0.529,-64.52,2.7,268.8,0.0,270,0,272,16.94,0.507,-66.6,34.7039,0.5399999999999991,0.02200000000000002,2.0799999999999983,1.1104256293961197
top300,Small,long_only,vw,8,50,37.8039,17.38,24.55,0.526,-64.56,2.7,268.8,0.0,270,0,272,16.81,0.502,-66.66,33.8302,0.5700000000000003,0.02400000000000002,2.0999999999999943,1.1174601391655976
top300,Small,long_only,vw,8,100,36.613,17.22,24.56,0.52,-64.63,2.7,268.8,0.0,270,0,272,16.59,0.494,-66.76,32.4216,0.629999999999999,0.026000000000000023,2.1300000000000097,1.1292780121894046
top300,Small,long_only,vw,9,0,41.6678,17.89,24.44,0.544,-63.99,2.7,268.3,0.0,268,0,272,17.03,0.51,-66.56,35.2986,0.8599999999999994,0.03400000000000003,2.5700000000000003,1.1804377510722805
top300,Small,long_only,vw,9,10,41.414,17.85,24.44,0.543,-64.01,2.7,268.3,0.0,268,0,272,16.98,0.508,-66.58,35.0,0.870000000000001,0.03500000000000003,2.569999999999993,1.183257142857143
top300,Small,long_only,vw,9,20,41.1616,17.82,24.44,0.542,-64.04,2.7,268.3,0.0,268,0,272,16.94,0.507,-66.6,34.7039,0.879999999999999,0.03500000000000003,2.559999999999988,1.1860799506683688
top300,Small,long_only,vw,9,50,40.4133,17.73,24.43,0.539,-64.1,2.7,268.3,0.0,268,0,272,16.81,0.502,-66.66,33.8302,0.9200000000000017,0.03700000000000003,2.5600000000000023,1.1945924056020953
top300,Small,long_only,vw,9,100,39.195,17.57,24.42,0.533,-64.22,2.7,268.3,0.0,268,0,272,16.59,0.494,-66.76,32.4216,0.9800000000000004,0.039000000000000035,2.5400000000000063,1.2089162780368643
top300,Small,long_only,vw,10,0,38.6065,17.49,24.58,0.529,-66.26,2.7,267.9,0.0,268,0,272,17.03,0.51,-66.56,35.2986,0.4599999999999973,0.019000000000000017,0.29999999999999716,1.0937119319179796
top300,Small,long_only,vw,10,10,38.3686,17.46,24.58,0.528,-66.27,2.7,267.9,0.0,268,0,272,16.98,0.508,-66.58,35.0,0.4800000000000004,0.020000000000000018,0.3100000000000023,1.0962457142857143
top300,Small,long_only,vw,10,20,38.1321,17.43,24.58,0.527,-66.29,2.7,267.9,0.0,268,0,272,16.94,0.507,-66.6,34.7039,0.48999999999999844,0.020000000000000018,0.30999999999998806,1.0987842864922963
top300,Small,long_only,vw,10,50,37.4308,17.33,24.58,0.524,-66.33,2.7,267.9,0.0,268,0,272,16.81,0.502,-66.66,33.8302,0.5199999999999996,0.02200000000000002,0.3299999999999983,1.1064315315901176
top300,Small,long_only,vw,10,100,36.2894,17.17,24.58,0.518,-66.4,2.7,267.9,0.0,268,0,272,16.59,0.494,-66.76,32.4216,0.5800000000000018,0.02400000000000002,0.35999999999999943,1.119297011868631
top300,Small,long_only,vw,11,0,42.5051,17.99,24.22,0.55,-63.45,2.6,268.2,0.0,270,0,272,17.03,0.51,-66.56,35.2986,0.9599999999999973,0.040000000000000036,3.1099999999999994,1.2041582385703682
top300,Small,long_only,vw,11,10,42.2535,17.96,24.22,0.549,-63.47,2.6,268.2,0.0,270,0,272,16.98,0.508,-66.58,35.0,0.9800000000000004,0.041000000000000036,3.1099999999999994,1.2072428571428573
top300,Small,long_only,vw,11,20,42.0034,17.93,24.22,0.548,-63.48,2.6,268.2,0.0,270,0,272,16.94,0.507,-66.6,34.7039,0.9899999999999984,0.041000000000000036,3.1199999999999974,1.2103365904120287
top300,Small,long_only,vw,11,50,41.2616,17.83,24.21,0.545,-63.53,2.6,268.2,0.0,270,0,272,16.81,0.502,-66.66,33.8302,1.0199999999999996,0.04300000000000004,3.1299999999999955,1.2196676342439596
top300,Small,long_only,vw,11,100,40.0529,17.68,24.21,0.54,-63.6,2.6,268.2,0.0,270,0,272,16.59,0.494,-66.76,32.4216,1.0899999999999999,0.04600000000000004,3.1600000000000037,1.2353770325955538
top300,Small,long_only,vw,12,0,36.7799,17.24,24.76,0.519,-65.99,2.6,269.6,0.0,270,0,272,17.03,0.51,-66.56,35.2986,0.2099999999999973,0.009000000000000008,0.5700000000000074,1.0419648371323509
top300,Small,long_only,vw,12,10,36.5522,17.21,24.77,0.518,-66.0,2.6,269.6,0.0,270,0,272,16.98,0.508,-66.58,35.0,0.23000000000000043,0.010000000000000009,0.5799999999999983,1.0443485714285714
top300,Small,long_only,vw,12,20,36.3257,17.17,24.77,0.517,-66.02,2.6,269.6,0.0,270,0,272,16.94,0.507,-66.6,34.7039,0.23000000000000043,0.010000000000000009,0.5799999999999983,1.0467324998054974
top300,Small,long_only,vw,12,50,35.6544,17.08,24.77,0.513,-66.07,2.6,269.6,0.0,270,0,272,16.81,0.502,-66.66,33.8302,0.2699999999999996,0.01100000000000001,0.5900000000000034,1.0539222351626654
top300,Small,long_only,vw,12,100,34.5618,16.92,24.78,0.507,-66.14,2.6,269.6,0.0,270,0,272,16.59,0.494,-66.76,32.4216,0.33000000000000185,0.013000000000000012,0.6200000000000045,1.0660115478569843
top300,Value,long_only,vw,1,0,37.4124,17.33,27.95,0.49,-57.98,8.5,86.1,0.0,88,0,272,17.33,0.49,-57.98,37.4124,0.0,0.0,0.0,1.0
top300,Value,long_only,vw,1,10,36.5906,17.21,27.96,0.486,-58.03,8.5,86.1,0.0,88,0,272,17.21,0.486,-58.03,36.5906,0.0,0.0,0.0,1.0
top300,Value,long_only,vw,1,20,35.7863,17.1,27.96,0.482,-58.08,8.5,86.1,0.0,88,0,272,17.1,0.482,-58.08,35.7863,0.0,0.0,0.0,1.0
top300,Value,long_only,vw,1,50,33.4743,16.75,27.98,0.472,-58.22,8.5,86.1,0.0,88,0,272,16.75,0.472,-58.22,33.4743,0.0,0.0,0.0,1.0
top300,Value,long_only,vw,1,100,29.9375,16.18,28.01,0.454,-58.47,8.5,86.1,0.0,88,0,272,16.18,0.454,-58.47,29.9375,0.0,0.0,0.0,1.0
top300,Value,long_only,vw,2,0,37.9505,17.4,27.95,0.492,-58.04,7.9,86.1,0.0,88,0,272,17.33,0.49,-57.98,37.4124,0.07000000000000028,0.0020000000000000018,-0.060000000000002274,1.0143829318621633
top300,Value,long_only,vw,2,10,37.18,17.29,27.95,0.489,-58.08,7.9,86.1,0.0,88,0,272,17.21,0.486,-58.03,36.5906,0.0799999999999983,0.0030000000000000027,-0.04999999999999716,1.0161079621542144
top300,Value,long_only,vw,2,20,36.4244,17.19,27.95,0.485,-58.12,7.9,86.1,0.0,88,0,272,17.1,0.482,-58.08,35.7863,0.08999999999999986,0.0030000000000000027,-0.03999999999999915,1.0178308458823628
top300,Value,long_only,vw,2,50,34.245,16.87,27.97,0.475,-58.25,7.9,86.1,0.0,88,0,272,16.75,0.472,-58.22,33.4743,0.120000000000001,0.0030000000000000027,-0.030000000000001137,1.023023633055807
top300,Value,long_only,vw,2,100,30.8877,16.34,28.0,0.459,-58.47,7.9,86.1,0.0,88,0,272,16.18,0.454,-58.47,29.9375,0.16000000000000014,0.0050000000000000044,0.0,1.0317394572025052
top300,Value,long_only,vw,3,0,37.9346,17.4,27.94,0.492,-57.98,7.6,86.1,0.0,88,0,272,17.33,0.49,-57.98,37.4124,0.07000000000000028,0.0020000000000000018,0.0,1.013957939079022
top300,Value,long_only,vw,3,10,37.193,17.3,27.94,0.489,-58.03,7.6,86.1,0.0,88,0,272,17.21,0.486,-58.03,36.5906,0.08999999999999986,0.0030000000000000027,0.0,1.016463244658464
top300,Value,long_only,vw,3,20,36.4652,17.19,27.95,0.486,-58.07,7.6,86.1,0.0,88,0,272,17.1,0.482,-58.08,35.7863,0.08999999999999986,0.0040000000000000036,0.00999999999999801,1.0189709469825046
top300,Value,long_only,vw,3,50,34.3627,16.89,27.96,0.476,-58.21,7.6,86.1,0.0,88,0,272,16.75,0.472,-58.22,33.4743,0.14000000000000057,0.0040000000000000036,0.00999999999999801,1.0265397633408315
top300,Value,long_only,vw,3,100,31.1134,16.38,27.99,0.46,-58.43,7.6,86.1,0.0,88,0,272,16.18,0.454,-58.47,29.9375,0.1999999999999993,0.006000000000000005,0.03999999999999915,1.0392784968684758
top300,Value,long_only,vw,4,0,38.4301,17.47,27.9,0.494,-57.87,7.4,86.2,0.0,88,0,272,17.33,0.49,-57.98,37.4124,0.14000000000000057,0.0040000000000000036,0.10999999999999943,1.0272022110316368
top300,Value,long_only,vw,4,10,37.6959,17.37,27.9,0.491,-57.91,7.4,86.2,0.0,88,0,272,17.21,0.486,-58.03,36.5906,0.16000000000000014,0.0050000000000000044,0.12000000000000455,1.0302072116882477
top300,Value,long_only,vw,4,20,36.9751,17.27,27.91,0.488,-57.96,7.4,86.2,0.0,88,0,272,17.1,0.482,-58.08,35.7863,0.16999999999999815,0.006000000000000005,0.11999999999999744,1.033219416368834
top300,Value,long_only,vw,4,50,34.8907,16.97,27.92,0.479,-58.09,7.4,86.2,0.0,88,0,272,16.75,0.472,-58.22,33.4743,0.21999999999999886,0.007000000000000006,0.12999999999999545,1.0423130580773907
top300,Value,long_only,vw,4,100,31.6634,16.47,27.96,0.463,-58.3,7.4,86.2,0.0,88,0,272,16.18,0.454,-58.47,29.9375,0.28999999999999915,0.009000000000000008,0.1700000000000017,1.0576501043841335
top300,Value,long_only,vw,5,0,33.9965,16.83,27.64,0.477,-57.88,7.3,86.3,0.0,88,0,272,17.33,0.49,-57.98,37.4124,-0.5,-0.013000000000000012,0.09999999999999432,0.9086960472998257
top300,Value,long_only,vw,5,10,33.3608,16.74,27.64,0.474,-57.92,7.3,86.3,0.0,88,0,272,17.21,0.486,-58.03,36.5906,-0.4700000000000024,-0.01200000000000001,0.10999999999999943,0.9117314282903258
top300,Value,long_only,vw,5,20,32.7365,16.64,27.64,0.47,-57.96,7.3,86.3,0.0,88,0,272,17.1,0.482,-58.08,35.7863,-0.46000000000000085,-0.01200000000000001,0.11999999999999744,0.9147774427644099
top300,Value,long_only,vw,5,50,30.9296,16.35,27.65,0.461,-58.08,7.3,86.3,0.0,88,0,272,16.75,0.472,-58.22,33.4743,-0.3999999999999986,-0.010999999999999954,0.14000000000000057,0.9239804865224964
top300,Value,long_only,vw,5,100,28.1273,15.86,27.67,0.446,-58.28,7.3,86.3,0.0,88,0,272,16.18,0.454,-58.47,29.9375,-0.3200000000000003,-0.008000000000000007,0.18999999999999773,0.9395340292275575
top300,Value,long_only,vw,6,0,38.3509,17.46,27.91,0.494,-57.72,7.2,86.2,0.0,88,0,272,17.33,0.49,-57.98,37.4124,0.13000000000000256,0.0040000000000000036,0.259999999999998,1.025085265847687
top300,Value,long_only,vw,6,10,37.6394,17.36,27.91,0.491,-57.77,7.2,86.2,0.0,88,0,272,17.21,0.486,-58.03,36.5906,0.14999999999999858,0.0050000000000000044,0.259999999999998,1.0286630992659316
top300,Value,long_only,vw,6,20,36.9404,17.26,27.92,0.488,-57.81,7.2,86.2,0.0,88,0,272,17.1,0.482,-58.08,35.7863,0.16000000000000014,0.006000000000000005,0.269999999999996,1.0322497715606251
top300,Value,long_only,vw,6,50,34.9168,16.97,27.93,0.479,-57.93,7.2,86.2,0.0,88,0,272,16.75,0.472,-58.22,33.4743,0.21999999999999886,0.007000000000000006,0.28999999999999915,1.0430927607149365
top300,Value,long_only,vw,6,100,31.7762,16.48,27.96,0.464,-58.14,7.2,86.2,0.0,88,0,272,16.18,0.454,-58.47,29.9375,0.3000000000000007,0.010000000000000009,0.3299999999999983,1.0614179540709812
top300,Value,long_only,vw,7,0,38.1995,17.43,27.92,0.494,-58.87,7.1,86.1,0.0,88,0,272,17.33,0.49,-57.98,37.4124,0.10000000000000142,0.0040000000000000036,-0.8900000000000006,1.0210384792207932
top300,Value,long_only,vw,7,10,37.5024,17.34,27.92,0.491,-58.9,7.1,86.1,0.0,88,0,272,17.21,0.486,-58.03,36.5906,0.129999999999999,0.0050000000000000044,-0.8699999999999974,1.0249189682596076
top300,Value,long_only,vw,7,20,36.8175,17.24,27.93,0.488,-58.93,7.1,86.1,0.0,88,0,272,17.1,0.482,-58.08,35.7863,0.13999999999999702,0.006000000000000005,-0.8500000000000014,1.0288154964329927
top300,Value,long_only,vw,7,50,34.8332,16.96,27.94,0.479,-59.02,7.1,86.1,0.0,88,0,272,16.75,0.472,-58.22,33.4743,0.21000000000000085,0.007000000000000006,-0.8000000000000043,1.040595322381648
top300,Value,long_only,vw,7,100,31.75,16.48,27.97,0.464,-59.17,7.1,86.1,0.0,88,0,272,16.18,0.454,-58.47,29.9375,0.3000000000000007,0.010000000000000009,-0.7000000000000028,1.0605427974947808
top300,Value,long_only,vw,8,0,35.3963,17.04,27.85,0.482,-58.58,7.0,86.2,0.0,88,0,272,17.33,0.49,-57.98,37.4124,-0.28999999999999915,-0.008000000000000007,-0.6000000000000014,0.9461114496797852
top300,Value,long_only,vw,8,10,34.7591,16.95,27.86,0.479,-58.61,7.0,86.2,0.0,88,0,272,17.21,0.486,-58.03,36.5906,-0.26000000000000156,-0.007000000000000006,-0.5799999999999983,0.9499461610358944
top300,Value,long_only,vw,8,20,34.1326,16.85,27.86,0.476,-58.64,7.0,86.2,0.0,88,0,272,17.1,0.482,-58.08,35.7863,-0.25,-0.006000000000000005,-0.5600000000000023,0.9537895786935223
top300,Value,long_only,vw,8,50,32.3169,16.57,27.88,0.467,-58.73,7.0,86.2,0.0,88,0,272,16.75,0.472,-58.22,33.4743,-0.17999999999999972,-0.004999999999999949,-0.509999999999998,0.9654242209695199
top300,Value,long_only,vw,8,100,29.4922,16.1,27.92,0.452,-58.89,7.0,86.2,0.0,88,0,272,16.18,0.454,-58.47,29.9375,-0.0799999999999983,-0.0020000000000000018,-0.4200000000000017,0.9851256784968685
top300,Value,long_only,vw,9,0,38.7654,17.51,27.73,0.497,-59.37,6.9,85.8,0.0,88,0,272,17.33,0.49,-57.98,37.4124,0.18000000000000327,0.007000000000000006,-1.3900000000000006,1.0361644802258074
top300,Value,long_only,vw,9,10,38.0995,17.42,27.73,0.494,-59.44,6.9,85.8,0.0,88,0,272,17.21,0.486,-58.03,36.5906,0.21000000000000085,0.008000000000000007,-1.4099999999999966,1.0412373669740316
top300,Value,long_only,vw,9,20,37.4445,17.33,27.73,0.492,-59.5,6.9,85.8,0.0,88,0,272,17.1,0.482,-58.08,35.7863,0.22999999999999687,0.010000000000000009,-1.4200000000000017,1.0463361677513463
top300,Value,long_only,vw,9,50,35.5427,17.06,27.72,0.483,-59.7,6.9,85.8,0.0,88,0,272,16.75,0.472,-58.22,33.4743,0.3099999999999987,0.01100000000000001,-1.480000000000004,1.0617906871838994
top300,Value,long_only,vw,9,100,32.5747,16.61,27.71,0.469,-60.03,6.9,85.8,0.0,88,0,272,16.18,0.454,-58.47,29.9375,0.4299999999999997,0.014999999999999958,-1.5600000000000023,1.0880901878914404
top300,Value,long_only,vw,10,0,32.559,16.61,27.53,0.47,-57.73,6.9,86.1,0.0,88,0,272,17.33,0.49,-57.98,37.4124,-0.7199999999999989,-0.020000000000000018,0.25,0.8702729576290213
top300,Value,long_only,vw,10,10,31.9899,16.52,27.53,0.467,-57.78,6.9,86.1,0.0,88,0,272,17.21,0.486,-58.03,36.5906,-0.6900000000000013,-0.01899999999999996,0.25,0.8742655217460221
top300,Value,long_only,vw,10,20,31.4302,16.43,27.53,0.465,-57.82,6.9,86.1,0.0,88,0,272,17.1,0.482,-58.08,35.7863,-0.6700000000000017,-0.01699999999999996,0.259999999999998,0.8782746470017857
top300,Value,long_only,vw,10,50,29.8063,16.16,27.53,0.456,-57.94,6.9,86.1,0.0,88,0,272,16.75,0.472,-58.22,33.4743,-0.5899999999999999,-0.01599999999999996,0.28000000000000114,0.8904233994437524
top300,Value,long_only,vw,10,100,27.2748,15.7,27.53,0.442,-58.14,6.9,86.1,0.0,88,0,272,16.18,0.454,-58.47,29.9375,-0.4800000000000004,-0.01200000000000001,0.3299999999999983,0.9110580375782881
top300,Value,long_only,vw,11,0,32.2802,16.57,27.46,0.47,-59.79,6.8,86.1,0.0,88,0,272,17.33,0.49,-57.98,37.4124,-0.759999999999998,-0.020000000000000018,-1.8100000000000023,0.8628208829158248
top300,Value,long_only,vw,11,10,31.7369,16.48,27.45,0.467,-59.84,6.8,86.1,0.0,88,0,272,17.21,0.486,-58.03,36.5906,-0.7300000000000004,-0.01899999999999996,-1.8100000000000023,0.8673511776248544
top300,Value,long_only,vw,11,20,31.2023,16.39,27.45,0.464,-59.89,6.8,86.1,0.0,88,0,272,17.1,0.482,-58.08,35.7863,-0.7100000000000009,-0.01799999999999996,-1.8100000000000023,0.8719062881605532
top300,Value,long_only,vw,11,50,29.6488,16.13,27.43,0.456,-60.02,6.8,86.1,0.0,88,0,272,16.75,0.472,-58.22,33.4743,-0.620000000000001,-0.01599999999999996,-1.8000000000000043,0.8857182973206311
top300,Value,long_only,vw,11,100,27.2208,15.69,27.42,0.442,-60.25,6.8,86.1,0.0,88,0,272,16.18,0.454,-58.47,29.9375,-0.4900000000000002,-0.01200000000000001,-1.7800000000000011,0.9092542797494781
top300,Value,long_only,vw,12,0,39.5568,17.62,27.79,0.5,-57.33,6.7,86.5,0.0,88,0,272,17.33,0.49,-57.98,37.4124,0.2900000000000027,0.010000000000000009,0.6499999999999986,1.0573178946017898
top300,Value,long_only,vw,12,10,38.8703,17.52,27.8,0.497,-57.38,6.7,86.5,0.0,88,0,272,17.21,0.486,-58.03,36.5906,0.3099999999999987,0.01100000000000001,0.6499999999999986,1.0623028865336999
top300,Value,long_only,vw,12,20,38.1949,17.43,27.8,0.494,-57.42,6.7,86.5,0.0,88,0,272,17.1,0.482,-58.08,35.7863,0.3299999999999983,0.01200000000000001,0.6599999999999966,1.06730508602454
top300,Value,long_only,vw,12,50,36.2347,17.16,27.82,0.485,-57.54,6.7,86.5,0.0,88,0,272,16.75,0.472,-58.22,33.4743,0.41000000000000014,0.013000000000000012,0.6799999999999997,1.0824632628613593
top300,Value,long_only,vw,12,100,33.1769,16.71,27.85,0.471,-57.74,6.7,86.5,0.0,88,0,272,16.18,0.454,-58.47,29.9375,0.5300000000000011,0.01699999999999996,0.7299999999999969,1.108205427974948
top300,Robust profitability,long_only,vw,1,0,37.4055,17.33,20.7,0.579,-61.7,7.2,67.2,0.0,44,0,272,17.33,0.579,-61.7,37.4055,0.0,0.0,0.0,1.0
top300,Robust profitability,long_only,vw,1,10,36.7113,17.23,20.71,0.575,-61.76,7.2,67.2,0.0,44,0,272,17.23,0.575,-61.76,36.7113,0.0,0.0,0.0,1.0
top300,Robust profitability,long_only,vw,1,20,36.0296,17.13,20.71,0.571,-61.82,7.2,67.2,0.0,44,0,272,17.13,0.571,-61.82,36.0296,0.0,0.0,0.0,1.0
top300,Robust profitability,long_only,vw,1,50,34.0574,16.84,20.73,0.559,-61.99,7.2,67.2,0.0,44,0,272,16.84,0.559,-61.99,34.0574,0.0,0.0,0.0,1.0
top300,Robust profitability,long_only,vw,1,100,31.0005,16.36,20.77,0.538,-62.27,7.2,67.2,0.0,44,0,272,16.36,0.538,-62.27,31.0005,0.0,0.0,0.0,1.0
top300,Robust profitability,long_only,vw,2,0,37.6308,17.36,20.64,0.582,-61.51,6.7,67.2,0.0,44,0,272,17.33,0.579,-61.7,37.4055,0.030000000000001137,0.0030000000000000027,0.19000000000000483,1.006023178409592
top300,Robust profitability,long_only,vw,2,10,36.9854,17.27,20.65,0.578,-61.56,6.7,67.2,0.0,44,0,272,17.23,0.575,-61.76,36.7113,0.03999999999999915,0.0030000000000000027,0.19999999999999574,1.0074663659418217
top300,Robust profitability,long_only,vw,2,20,36.3505,17.18,20.65,0.574,-61.61,6.7,67.2,0.0,44,0,272,17.13,0.571,-61.82,36.0296,0.05000000000000071,0.0030000000000000027,0.21000000000000085,1.0089065657126361
top300,Robust profitability,long_only,vw,2,50,34.5084,16.91,20.67,0.562,-61.77,6.7,67.2,0.0,44,0,272,16.84,0.559,-61.99,34.0574,0.07000000000000028,0.0030000000000000027,0.21999999999999886,1.0132423496802456
top300,Robust profitability,long_only,vw,2,100,31.6363,16.46,20.71,0.543,-62.03,6.7,67.2,0.0,44,0,272,16.36,0.538,-62.27,31.0005,0.10000000000000142,0.0050000000000000044,0.240000000000002,1.0205093466234416
top300,Robust profitability,long_only,vw,3,0,37.2479,17.3,20.63,0.58,-61.58,6.3,67.2,0.0,44,0,272,17.33,0.579,-61.7,37.4055,-0.029999999999997584,0.0010000000000000009,0.12000000000000455,0.9957867158572936
top300,Robust profitability,long_only,vw,3,10,36.6444,17.22,20.64,0.576,-61.62,6.3,67.2,0.0,44,0,272,17.23,0.575,-61.76,36.7113,-0.010000000000001563,0.0010000000000000009,0.14000000000000057,0.9981776728146373
top300,Robust profitability,long_only,vw,3,20,36.0502,17.14,20.64,0.572,-61.67,6.3,67.2,0.0,44,0,272,17.13,0.571,-61.82,36.0296,0.010000000000001563,0.0010000000000000009,0.14999999999999858,1.0005717521149275
top300,Robust profitability,long_only,vw,3,50,34.3226,16.88,20.66,0.561,-61.81,6.3,67.2,0.0,44,0,272,16.84,0.559,-61.99,34.0574,0.03999999999999915,0.0020000000000000018,0.17999999999999972,1.0077868539583175
top300,Robust profitability,long_only,vw,3,100,31.6184,16.46,20.7,0.543,-62.04,6.3,67.2,0.0,44,0,272,16.36,0.538,-62.27,31.0005,0.10000000000000142,0.0050000000000000044,0.23000000000000398,1.0199319365816681
top300,Robust profitability,long_only,vw,4,0,37.4853,17.34,20.61,0.581,-61.4,6.2,67.2,0.0,44,0,272,17.33,0.579,-61.7,37.4055,0.010000000000001563,0.0020000000000000018,0.30000000000000426,1.0021333761077915
top300,Robust profitability,long_only,vw,4,10,36.8934,17.25,20.62,0.578,-61.45,6.2,67.2,0.0,44,0,272,17.23,0.575,-61.76,36.7113,0.019999999999999574,0.0030000000000000027,0.30999999999999517,1.004960325567332
top300,Robust profitability,long_only,vw,4,20,36.3104,17.17,20.62,0.574,-61.49,6.2,67.2,0.0,44,0,272,17.13,0.571,-61.82,36.0296,0.0400000000000027,0.0030000000000000027,0.3299999999999983,1.0077935919355197
top300,Robust profitability,long_only,vw,4,50,34.614,16.93,20.64,0.564,-61.63,6.2,67.2,0.0,44,0,272,16.84,0.559,-61.99,34.0574,0.08999999999999986,0.004999999999999893,0.35999999999999943,1.0163429974102542
top300,Robust profitability,long_only,vw,4,100,31.9539,16.51,20.68,0.546,-61.86,6.2,67.2,0.0,44,0,272,16.36,0.538,-62.27,31.0005,0.15000000000000213,0.008000000000000007,0.4100000000000037,1.0307543426718924
top300,Robust profitability,long_only,vw,5,0,35.3489,17.03,20.5,0.571,-61.48,6.1,67.2,0.0,44,0,272,17.33,0.579,-61.7,37.4055,-0.29999999999999716,-0.008000000000000007,0.22000000000000597,0.945018780660598
top300,Robust profitability,long_only,vw,5,10,34.8007,16.95,20.5,0.567,-61.52,6.1,67.2,0.0,44,0,272,17.23,0.575,-61.76,36.7113,-0.28000000000000114,-0.008000000000000007,0.23999999999999488,0.9479560789184801
top300,Robust profitability,long_only,vw,5,20,34.2605,16.87,20.51,0.564,-61.56,6.1,67.2,0.0,44,0,272,17.13,0.571,-61.82,36.0296,-0.259999999999998,-0.007000000000000006,0.259999999999998,0.9508987055088038
top300,Robust profitability,long_only,vw,5,50,32.6877,16.63,20.52,0.553,-61.69,6.1,67.2,0.0,44,0,272,16.84,0.559,-61.99,34.0574,-0.21000000000000085,-0.006000000000000005,0.30000000000000426,0.9597826023125664
top300,Robust profitability,long_only,vw,5,100,30.2186,16.23,20.55,0.536,-61.89,6.1,67.2,0.0,44,0,272,16.36,0.538,-62.27,31.0005,-0.129999999999999,-0.0020000000000000018,0.38000000000000256,0.9747778261640941
top300,Robust profitability,long_only,vw,6,0,37.1883,17.3,20.61,0.58,-61.53,5.9,67.3,0.0,44,0,272,17.33,0.579,-61.7,37.4055,-0.029999999999997584,0.0010000000000000009,0.1700000000000017,0.9941933672855595
top300,Robust profitability,long_only,vw,6,10,36.6279,17.22,20.62,0.576,-61.57,5.9,67.3,0.0,44,0,272,17.23,0.575,-61.76,36.7113,-0.010000000000001563,0.0010000000000000009,0.18999999999999773,0.9977282199213865
top300,Robust profitability,long_only,vw,6,20,36.0757,17.14,20.63,0.573,-61.61,5.9,67.3,0.0,44,0,272,17.13,0.571,-61.82,36.0296,0.010000000000001563,0.0020000000000000018,0.21000000000000085,1.0012795035193285
top300,Robust profitability,long_only,vw,6,50,34.4661,16.9,20.64,0.563,-61.73,5.9,67.3,0.0,44,0,272,16.84,0.559,-61.99,34.0574,0.05999999999999872,0.0039999999999998925,0.2600000000000051,1.0120003288565773
top300,Robust profitability,long_only,vw,6,100,31.9344,16.51,20.68,0.546,-61.94,5.9,67.3,0.0,44,0,272,16.36,0.538,-62.27,31.0005,0.15000000000000213,0.008000000000000007,0.3300000000000054,1.030125320559346
top300,Robust profitability,long_only,vw,7,0,34.8411,16.96,20.58,0.566,-61.21,5.8,67.3,0.0,44,0,272,17.33,0.579,-61.7,37.4055,-0.36999999999999744,-0.013000000000000012,0.490000000000002,0.9314432369571318
top300,Robust profitability,long_only,vw,7,10,34.3281,16.88,20.58,0.563,-61.21,5.8,67.3,0.0,44,0,272,17.23,0.575,-61.76,36.7113,-0.3500000000000014,-0.01200000000000001,0.5499999999999972,0.9350826584730042
top300,Robust profitability,long_only,vw,7,20,33.8222,16.81,20.59,0.559,-61.21,5.8,67.3,0.0,44,0,272,17.13,0.571,-61.82,36.0296,-0.3200000000000003,-0.0119999999999999,0.6099999999999994,0.9387337078402203
top300,Robust profitability,long_only,vw,7,50,32.3469,16.58,20.6,0.549,-61.22,5.8,67.3,0.0,44,0,272,16.84,0.559,-61.99,34.0574,-0.26000000000000156,-0.010000000000000009,0.7700000000000031,0.949775966456629
top300,Robust profitability,long_only,vw,7,100,30.0233,16.19,20.62,0.533,-61.23,5.8,67.3,0.0,44,0,272,16.36,0.538,-62.27,31.0005,-0.16999999999999815,-0.0050000000000000044,1.0400000000000063,0.9684779277753585
top300,Robust profitability,long_only,vw,8,0,34.9214,16.97,20.57,0.566,-61.16,5.6,67.0,0.0,44,0,272,17.33,0.579,-61.7,37.4055,-0.35999999999999943,-0.013000000000000012,0.5400000000000063,0.9335899800831428
top300,Robust profitability,long_only,vw,8,10,34.4236,16.9,20.58,0.563,-61.17,5.6,67.0,0.0,44,0,272,17.23,0.575,-61.76,36.7113,-0.33000000000000185,-0.01200000000000001,0.5899999999999963,0.9376840373400016
top300,Robust profitability,long_only,vw,8,20,33.9327,16.82,20.58,0.56,-61.17,5.6,67.0,0.0,44,0,272,17.13,0.571,-61.82,36.0296,-0.3099999999999987,-0.010999999999999899,0.6499999999999986,0.9418006305926238
top300,Robust profitability,long_only,vw,8,50,32.4993,16.6,20.6,0.55,-61.18,5.6,67.0,0.0,44,0,272,16.84,0.559,-61.99,34.0574,-0.23999999999999844,-0.009000000000000008,0.8100000000000023,0.9542507648851644
top300,Robust profitability,long_only,vw,8,100,30.2376,16.23,20.63,0.534,-61.2,5.6,67.0,0.0,44,0,272,16.36,0.538,-62.27,31.0005,-0.129999999999999,-0.0040000000000000036,1.0700000000000003,0.9753907195045242
top300,Robust profitability,long_only,vw,9,0,34.7776,16.95,20.28,0.571,-58.48,5.7,67.6,0.0,44,0,272,17.33,0.579,-61.7,37.4055,-0.379999999999999,-0.008000000000000007,3.220000000000006,0.9297456256432877
top300,Robust profitability,long_only,vw,9,10,34.2837,16.88,20.27,0.567,-58.51,5.7,67.6,0.0,44,0,272,17.23,0.575,-61.76,36.7113,-0.3500000000000014,-0.008000000000000007,3.25,0.9338732215966201
top300,Robust profitability,long_only,vw,9,20,33.7965,16.8,20.27,0.564,-58.54,5.7,67.6,0.0,44,0,272,17.13,0.571,-61.82,36.0296,-0.3299999999999983,-0.007000000000000006,3.280000000000001,0.9380204054444123
top300,Robust profitability,long_only,vw,9,50,32.3741,16.58,20.26,0.555,-58.62,5.7,67.6,0.0,44,0,272,16.84,0.559,-61.99,34.0574,-0.26000000000000156,-0.0040000000000000036,3.3700000000000045,0.9505746181446616
top300,Robust profitability,long_only,vw,9,100,30.1291,16.21,20.26,0.539,-58.77,5.7,67.6,0.0,44,0,272,16.36,0.538,-62.27,31.0005,-0.14999999999999858,0.0010000000000000009,3.5,0.9718907759552265
top300,Robust profitability,long_only,vw,10,0,29.8887,16.17,20.23,0.538,-61.4,5.7,67.7,0.0,44,0,272,17.33,0.579,-61.7,37.4055,-1.1599999999999966,-0.040999999999999925,0.30000000000000426,0.7990455948991457
top300,Robust profitability,long_only,vw,10,10,29.4628,16.1,20.23,0.535,-61.44,5.7,67.7,0.0,44,0,272,17.23,0.575,-61.76,36.7113,-1.129999999999999,-0.039999999999999925,0.3200000000000003,0.8025539820164364
top300,Robust profitability,long_only,vw,10,20,29.0426,16.02,20.23,0.532,-61.48,5.7,67.7,0.0,44,0,272,17.13,0.571,-61.82,36.0296,-1.1099999999999994,-0.038999999999999924,0.3400000000000034,0.8060761151941737
top300,Robust profitability,long_only,vw,10,50,27.8159,15.8,20.23,0.522,-61.6,5.7,67.7,0.0,44,0,272,16.84,0.559,-61.99,34.0574,-1.0399999999999991,-0.03700000000000003,0.39000000000000057,0.8167358635714999
top300,Robust profitability,long_only,vw,10,100,25.88,15.43,20.25,0.506,-61.8,5.7,67.7,0.0,44,0,272,16.36,0.538,-62.27,31.0005,-0.9299999999999997,-0.03200000000000003,0.47000000000000597,0.8348252447541169
top300,Robust profitability,long_only,vw,11,0,34.0205,16.84,20.14,0.568,-58.96,5.6,67.1,0.0,44,0,272,17.33,0.579,-61.7,37.4055,-0.48999999999999844,-0.01100000000000001,2.740000000000002,0.9095052866557056
top300,Robust profitability,long_only,vw,11,10,33.549,16.76,20.14,0.565,-59.0,5.6,67.1,0.0,44,0,272,17.23,0.575,-61.76,36.7113,-0.46999999999999886,-0.010000000000000009,2.759999999999998,0.9138603100407776
top300,Robust profitability,long_only,vw,11,20,33.0838,16.69,20.14,0.562,-59.03,5.6,67.1,0.0,44,0,272,17.13,0.571,-61.82,36.0296,-0.4399999999999977,-0.008999999999999897,2.789999999999999,0.918239447565335
top300,Robust profitability,long_only,vw,11,50,31.7244,16.48,20.13,0.553,-59.13,5.6,67.1,0.0,44,0,272,16.84,0.559,-61.99,34.0574,-0.35999999999999943,-0.006000000000000005,2.8599999999999994,0.9314980004345604
top300,Robust profitability,long_only,vw,11,100,29.5758,16.12,20.13,0.537,-59.29,5.6,67.1,0.0,44,0,272,16.36,0.538,-62.27,31.0005,-0.23999999999999844,-0.0010000000000000009,2.980000000000004,0.9540426767310205
top300,Robust profitability,long_only,vw,12,0,37.3481,17.32,20.54,0.582,-61.24,5.6,67.5,0.0,44,0,272,17.33,0.579,-61.7,37.4055,-0.00999999999999801,0.0030000000000000027,0.46000000000000085,0.9984654663084306
top300,Robust profitability,long_only,vw,12,10,36.8177,17.24,20.54,0.579,-61.27,5.6,67.5,0.0,44,0,272,17.23,0.575,-61.76,36.7113,0.00999999999999801,0.0040000000000000036,0.4899999999999949,1.0028982901722359
top300,Robust profitability,long_only,vw,12,20,36.2944,17.17,20.55,0.575,-61.31,5.6,67.5,0.0,44,0,272,17.13,0.571,-61.82,36.0296,0.0400000000000027,0.0040000000000000036,0.509999999999998,1.0073495126229546
top300,Robust profitability,long_only,vw,12,50,34.7666,16.95,20.57,0.566,-61.43,5.6,67.5,0.0,44,0,272,16.84,0.559,-61.99,34.0574,0.10999999999999943,0.006999999999999895,0.5600000000000023,1.0208236682776723
top300,Robust profitability,long_only,vw,12,100,32.3546,16.58,20.61,0.55,-61.63,5.6,67.5,0.0,44,0,272,16.36,0.538,-62.27,31.0005,0.21999999999999886,0.01200000000000001,0.6400000000000006,1.0436799406461186
top300,Conservative investment,long_only,vw,1,0,28.4946,15.93,22.79,0.493,-54.93,12.5,86.0,0.0,87,0,272,15.93,0.493,-54.93,28.4946,0.0,0.0,0.0,1.0
top300,Conservative investment,long_only,vw,1,10,27.5651,15.76,22.8,0.486,-55.01,12.5,86.0,0.0,87,0,272,15.76,0.486,-55.01,27.5651,0.0,0.0,0.0,1.0
top300,Conservative investment,long_only,vw,1,20,26.6649,15.59,22.81,0.48,-55.09,12.5,86.0,0.0,87,0,272,15.59,0.48,-55.09,26.6649,0.0,0.0,0.0,1.0
top300,Conservative investment,long_only,vw,1,50,24.1316,15.08,22.83,0.46,-55.32,12.5,86.0,0.0,87,0,272,15.08,0.46,-55.32,24.1316,0.0,0.0,0.0,1.0
top300,Conservative investment,long_only,vw,1,100,20.4175,14.23,22.89,0.427,-55.71,12.5,86.0,0.0,87,0,272,14.23,0.427,-55.71,20.4175,0.0,0.0,0.0,1.0
top300,Conservative investment,long_only,vw,2,0,28.5167,15.93,22.75,0.493,-54.8,11.9,86.0,0.0,87,0,272,15.93,0.493,-54.93,28.4946,0.0,0.0,0.13000000000000256,1.0007755855495428
top300,Conservative investment,long_only,vw,2,10,27.6356,15.77,22.76,0.487,-54.87,11.9,86.0,0.0,87,0,272,15.76,0.486,-55.01,27.5651,0.009999999999999787,0.0010000000000000009,0.14000000000000057,1.002557581869828
top300,Conservative investment,long_only,vw,2,20,26.7806,15.61,22.77,0.481,-54.95,11.9,86.0,0.0,87,0,272,15.59,0.48,-55.09,26.6649,0.019999999999999574,0.0010000000000000009,0.14000000000000057,1.0043390374612318
top300,Conservative investment,long_only,vw,2,50,24.3659,15.13,22.79,0.462,-55.17,11.9,86.0,0.0,87,0,272,15.08,0.46,-55.32,24.1316,0.05000000000000071,0.0020000000000000018,0.14999999999999858,1.009709260886141
top300,Conservative investment,long_only,vw,2,100,20.7997,14.33,22.85,0.431,-55.54,11.9,86.0,0.0,87,0,272,14.23,0.427,-55.71,20.4175,0.09999999999999964,0.0040000000000000036,0.1700000000000017,1.0187192359495532
top300,Conservative investment,long_only,vw,3,0,28.7521,15.97,22.75,0.495,-54.82,11.6,86.0,0.0,87,0,272,15.93,0.493,-54.93,28.4946,0.040000000000000924,0.0020000000000000018,0.10999999999999943,1.0090367999550791
top300,Conservative investment,long_only,vw,3,10,27.8824,15.81,22.76,0.489,-54.9,11.6,86.0,0.0,87,0,272,15.76,0.486,-55.01,27.5651,0.05000000000000071,0.0030000000000000027,0.10999999999999943,1.0115109323020777
top300,Conservative investment,long_only,vw,3,20,27.0379,15.66,22.77,0.483,-54.97,11.6,86.0,0.0,87,0,272,15.59,0.48,-55.09,26.6649,0.07000000000000028,0.0030000000000000027,0.12000000000000455,1.013988426733271
top300,Conservative investment,long_only,vw,3,50,24.6495,15.19,22.79,0.464,-55.2,11.6,86.0,0.0,87,0,272,15.08,0.46,-55.32,24.1316,0.10999999999999943,0.0040000000000000036,0.11999999999999744,1.0214614861840907
top300,Conservative investment,long_only,vw,3,100,21.1123,14.4,22.84,0.434,-55.57,11.6,86.0,0.0,87,0,272,14.23,0.427,-55.71,20.4175,0.16999999999999993,0.007000000000000006,0.14000000000000057,1.0340296314436146
top300,Conservative investment,long_only,vw,4,0,28.3473,15.9,22.72,0.492,-54.76,11.3,86.0,0.0,87,0,272,15.93,0.493,-54.93,28.4946,-0.02999999999999936,-0.0010000000000000009,0.1700000000000017,0.9948305994820072
top300,Conservative investment,long_only,vw,4,10,27.5098,15.75,22.73,0.486,-54.84,11.3,86.0,0.0,87,0,272,15.76,0.486,-55.01,27.5651,-0.009999999999999787,0.0,0.1699999999999946,0.9979938400368581
top300,Conservative investment,long_only,vw,4,20,26.6961,15.59,22.74,0.48,-54.91,11.3,86.0,0.0,87,0,272,15.59,0.48,-55.09,26.6649,0.0,0.0,0.18000000000000682,1.0011700775176355
top300,Conservative investment,long_only,vw,4,50,24.391,15.13,22.77,0.463,-55.13,11.3,86.0,0.0,87,0,272,15.08,0.46,-55.32,24.1316,0.05000000000000071,0.0030000000000000027,0.18999999999999773,1.010749390840226
top300,Conservative investment,long_only,vw,4,100,20.9672,14.37,22.83,0.432,-55.49,11.3,86.0,0.0,87,0,272,14.23,0.427,-55.71,20.4175,0.1399999999999988,0.0050000000000000044,0.21999999999999886,1.0269229827353985
top300,Conservative investment,long_only,vw,5,0,37.2992,17.31,22.79,0.545,-54.78,11.2,86.0,0.0,87,0,272,15.93,0.493,-54.93,28.4946,1.379999999999999,0.052000000000000046,0.14999999999999858,1.3089918791630695
top300,Conservative investment,long_only,vw,5,10,36.2112,17.16,22.8,0.54,-54.85,11.2,86.0,0.0,87,0,272,15.76,0.486,-55.01,27.5651,1.4000000000000004,0.05400000000000005,0.1599999999999966,1.3136611149605841
top300,Conservative investment,long_only,vw,5,20,35.1536,17.01,22.8,0.534,-54.92,11.2,86.0,0.0,87,0,272,15.59,0.48,-55.09,26.6649,1.4200000000000017,0.05400000000000005,0.1700000000000017,1.3183473405113089
top300,Conservative investment,long_only,vw,5,50,32.1553,16.55,22.83,0.516,-55.14,11.2,86.0,0.0,87,0,272,15.08,0.46,-55.32,24.1316,1.4700000000000006,0.055999999999999994,0.17999999999999972,1.3324976379518971
top300,Conservative investment,long_only,vw,5,100,27.6948,15.78,22.88,0.486,-55.49,11.2,86.0,0.0,87,0,272,14.23,0.427,-55.71,20.4175,1.549999999999999,0.059,0.21999999999999886,1.3564246357291538
top300,Conservative investment,long_only,vw,6,0,28.8995,16.0,22.73,0.496,-54.71,11.0,86.1,0.0,87,0,272,15.93,0.493,-54.93,28.4946,0.07000000000000028,0.0030000000000000027,0.21999999999999886,1.0142097099099479
top300,Conservative investment,long_only,vw,6,10,28.0731,15.85,22.74,0.49,-54.78,11.0,86.1,0.0,87,0,272,15.76,0.486,-55.01,27.5651,0.08999999999999986,0.0040000000000000036,0.22999999999999687,1.0184291005655701
top300,Conservative investment,long_only,vw,6,20,27.2692,15.7,22.75,0.485,-54.85,11.0,86.1,0.0,87,0,272,15.59,0.48,-55.09,26.6649,0.10999999999999943,0.0050000000000000044,0.240000000000002,1.0226627514072808
top300,Conservative investment,long_only,vw,6,50,24.9876,15.26,22.77,0.467,-55.07,11.0,86.1,0.0,87,0,272,15.08,0.46,-55.32,24.1316,0.17999999999999972,0.007000000000000006,0.25,1.0354721609839381
top300,Conservative investment,long_only,vw,6,100,21.585,14.51,22.83,0.438,-55.43,11.0,86.1,0.0,87,0,272,14.23,0.427,-55.71,20.4175,0.27999999999999936,0.01100000000000001,0.28000000000000114,1.0571813395371619
top300,Conservative investment,long_only,vw,7,0,32.2051,16.55,22.2,0.524,-51.35,10.9,86.0,0.0,87,0,272,15.93,0.493,-54.93,28.4946,0.620000000000001,0.031000000000000028,3.5799999999999983,1.1302176552750347
top300,Conservative investment,long_only,vw,7,10,31.2978,16.41,22.2,0.518,-51.36,10.9,86.0,0.0,87,0,272,15.76,0.486,-55.01,27.5651,0.6500000000000004,0.03200000000000003,3.6499999999999986,1.1354139836242203
top300,Conservative investment,long_only,vw,7,20,30.415,16.26,22.21,0.512,-51.36,10.9,86.0,0.0,87,0,272,15.59,0.48,-55.09,26.6649,0.6700000000000017,0.03200000000000003,3.730000000000004,1.1406380672719567
top300,Conservative investment,long_only,vw,7,50,27.9072,15.82,22.23,0.495,-51.38,10.9,86.0,0.0,87,0,272,15.08,0.46,-55.32,24.1316,0.7400000000000002,0.034999999999999976,3.9399999999999977,1.156458751181024
top300,Conservative investment,long_only,vw,7,100,24.161,15.09,22.29,0.465,-51.41,10.9,86.0,0.0,87,0,272,14.23,0.427,-55.71,20.4175,0.8599999999999994,0.038000000000000034,4.300000000000004,1.1833476184645526
top300,Conservative investment,long_only,vw,8,0,35.3515,17.03,22.7,0.535,-51.46,10.8,86.0,0.0,87,0,272,15.93,0.493,-54.93,28.4946,1.1000000000000014,0.04200000000000004,3.469999999999999,1.2406385771339132
top300,Conservative investment,long_only,vw,8,10,34.357,16.89,22.71,0.529,-51.46,10.8,86.0,0.0,87,0,272,15.76,0.486,-55.01,27.5651,1.1300000000000008,0.04300000000000004,3.549999999999997,1.246394897896253
top300,Conservative investment,long_only,vw,8,20,33.3893,16.74,22.71,0.524,-51.47,10.8,86.0,0.0,87,0,272,15.59,0.48,-55.09,26.6649,1.1499999999999986,0.04400000000000004,3.6200000000000045,1.2521817070380912
top300,Conservative investment,long_only,vw,8,50,30.6399,16.3,22.74,0.507,-51.49,10.8,86.0,0.0,87,0,272,15.08,0.46,-55.32,24.1316,1.2200000000000006,0.046999999999999986,3.8299999999999983,1.2697003099670143
top300,Conservative investment,long_only,vw,8,100,26.5315,15.56,22.8,0.478,-51.51,10.8,86.0,0.0,87,0,272,14.23,0.427,-55.71,20.4175,1.33,0.05099999999999999,4.200000000000003,1.2994490020815477
top300,Conservative investment,long_only,vw,9,0,28.6881,15.96,22.19,0.5,-50.4,10.7,86.0,0.0,87,0,272,15.93,0.493,-54.93,28.4946,0.030000000000001137,0.007000000000000006,4.530000000000001,1.0067907603545936
top300,Conservative investment,long_only,vw,9,10,27.9051,15.82,22.19,0.495,-50.44,10.7,86.0,0.0,87,0,272,15.76,0.486,-55.01,27.5651,0.0600000000000005,0.009000000000000008,4.57,1.0123344373864052
top300,Conservative investment,long_only,vw,9,20,27.1425,15.68,22.18,0.489,-50.48,10.7,86.0,0.0,87,0,272,15.59,0.48,-55.09,26.6649,0.08999999999999986,0.009000000000000008,4.6100000000000065,1.0179111866161132
top300,Conservative investment,long_only,vw,9,50,24.9721,15.25,22.18,0.473,-50.6,10.7,86.0,0.0,87,0,272,15.08,0.46,-55.32,24.1316,0.16999999999999993,0.012999999999999956,4.719999999999999,1.0348298496577104
top300,Conservative investment,long_only,vw,9,100,21.718,14.55,22.19,0.445,-50.81,10.7,86.0,0.0,87,0,272,14.23,0.427,-55.71,20.4175,0.3200000000000003,0.018000000000000016,4.899999999999999,1.0636953593730867
top300,Conservative investment,long_only,vw,10,0,42.1968,17.95,22.86,0.569,-54.62,10.7,85.9,0.0,87,0,272,15.93,0.493,-54.93,28.4946,2.0199999999999996,0.07599999999999996,0.3100000000000023,1.4808700595902384
top300,Conservative investment,long_only,vw,10,10,41.0354,17.81,22.86,0.563,-54.69,10.7,85.9,0.0,87,0,272,15.76,0.486,-55.01,27.5651,2.049999999999999,0.07699999999999996,0.3200000000000003,1.4886722703708675
top300,Conservative investment,long_only,vw,10,20,39.9046,17.66,22.86,0.558,-54.76,10.7,85.9,0.0,87,0,272,15.59,0.48,-55.09,26.6649,2.0700000000000003,0.07800000000000007,0.3300000000000054,1.4965216445589522
top300,Conservative investment,long_only,vw,10,50,36.6878,17.23,22.87,0.541,-54.96,10.7,85.9,0.0,87,0,272,15.08,0.46,-55.32,24.1316,2.1500000000000004,0.08100000000000002,0.35999999999999943,1.5203219015730414
top300,Conservative investment,long_only,vw,10,100,31.869,16.5,22.89,0.514,-55.3,10.7,85.9,0.0,87,0,272,14.23,0.427,-55.71,20.4175,2.2699999999999996,0.08700000000000002,0.4100000000000037,1.5608669033916982
top300,Conservative investment,long_only,vw,11,0,35.1217,17.0,22.36,0.538,-52.05,10.7,85.9,0.0,87,0,272,15.93,0.493,-54.93,28.4946,1.0700000000000003,0.04500000000000004,2.8800000000000026,1.232573891193419
top300,Conservative investment,long_only,vw,11,10,34.1687,16.86,22.35,0.533,-52.1,10.7,85.9,0.0,87,0,272,15.76,0.486,-55.01,27.5651,1.0999999999999996,0.04700000000000004,2.9099999999999966,1.2395637962496056
top300,Conservative investment,long_only,vw,11,20,33.2403,16.72,22.35,0.528,-52.15,10.7,85.9,0.0,87,0,272,15.59,0.48,-55.09,26.6649,1.129999999999999,0.04800000000000004,2.940000000000005,1.2465938368416907
top300,Conservative investment,long_only,vw,11,50,30.5973,16.29,22.34,0.511,-52.29,10.7,85.9,0.0,87,0,272,15.08,0.46,-55.32,24.1316,1.209999999999999,0.05099999999999999,3.030000000000001,1.2679349898058978
top300,Conservative investment,long_only,vw,11,100,26.6318,15.58,22.35,0.483,-52.53,10.7,85.9,0.0,87,0,272,14.23,0.427,-55.71,20.4175,1.3499999999999996,0.055999999999999994,3.1799999999999997,1.3043614546345046
top300,Conservative investment,long_only,vw,12,0,28.6698,15.96,22.67,0.495,-54.58,10.6,86.3,0.0,87,0,272,15.93,0.493,-54.93,28.4946,0.030000000000001137,0.0020000000000000018,0.3500000000000014,1.0061485334063296
top300,Conservative investment,long_only,vw,12,10,27.8805,15.81,22.68,0.49,-54.65,10.6,86.3,0.0,87,0,272,15.76,0.486,-55.01,27.5651,0.05000000000000071,0.0040000000000000036,0.35999999999999943,1.0114420045637418
top300,Conservative investment,long_only,vw,12,20,27.112,15.67,22.69,0.484,-54.72,10.6,86.3,0.0,87,0,272,15.59,0.48,-55.09,26.6649,0.08000000000000007,0.0040000000000000036,0.37000000000000455,1.0167673608376555
top300,Conservative investment,long_only,vw,12,50,24.9256,15.24,22.71,0.467,-54.92,10.6,86.3,0.0,87,0,272,15.08,0.46,-55.32,24.1316,0.16000000000000014,0.007000000000000006,0.3999999999999986,1.0329029156790266
top300,Conservative investment,long_only,vw,12,100,21.6501,14.53,22.77,0.439,-55.27,10.6,86.3,0.0,87,0,272,14.23,0.427,-55.71,20.4175,0.29999999999999893,0.01200000000000001,0.4399999999999977,1.0603697808252723
top300,Momentum winner,long_only,vw,1,0,43.6529,18.13,23.79,0.563,-63.68,57.8,87.9,0.0,88,0,272,18.13,0.563,-63.68,43.6529,0.0,0.0,0.0,1.0
top300,Momentum winner,long_only,vw,1,10,37.4132,17.33,23.79,0.534,-63.83,57.8,87.9,0.0,88,0,272,17.33,0.534,-63.83,37.4132,0.0,0.0,0.0,1.0
top300,Momentum winner,long_only,vw,1,20,32.0619,16.53,23.79,0.506,-63.99,57.8,87.9,0.0,88,0,272,16.53,0.506,-63.99,32.0619,0.0,0.0,0.0,1.0
top300,Momentum winner,long_only,vw,1,50,20.1648,14.17,23.79,0.419,-64.45,57.8,87.9,0.0,88,0,272,14.17,0.419,-64.45,20.1648,0.0,0.0,0.0,1.0
top300,Momentum winner,long_only,vw,1,100,9.2892,10.33,23.8,0.274,-65.2,57.8,87.9,0.0,88,0,272,10.33,0.274,-65.2,9.2892,0.0,0.0,0.0,1.0
top300,Momentum winner,long_only,vw,2,0,37.7301,17.37,23.72,0.537,-66.1,37.0,87.9,0.0,87,0,272,18.13,0.563,-63.68,43.6529,-0.759999999999998,-0.025999999999999912,-2.4199999999999946,0.8643205835122065
top300,Momentum winner,long_only,vw,2,10,34.1912,16.86,23.71,0.518,-66.21,37.0,87.9,0.0,87,0,272,17.33,0.534,-63.83,37.4132,-0.46999999999999886,-0.016000000000000014,-2.3799999999999955,0.9138806624399944
top300,Momentum winner,long_only,vw,2,20,30.9816,16.35,23.71,0.5,-66.34,37.0,87.9,0.0,87,0,272,16.53,0.506,-63.99,32.0619,-0.17999999999999972,-0.006000000000000005,-2.3500000000000014,0.9663058022138425
top300,Momentum winner,long_only,vw,2,50,23.0387,14.84,23.71,0.444,-66.79,37.0,87.9,0.0,87,0,272,14.17,0.419,-64.45,20.1648,0.6699999999999999,0.025000000000000022,-2.3400000000000034,1.142520630008728
top300,Momentum winner,long_only,vw,2,100,14.0383,12.36,23.74,0.351,-67.53,37.0,87.9,0.0,87,0,272,10.33,0.274,-65.2,9.2892,2.0299999999999994,0.07699999999999996,-2.3299999999999983,1.5112496232183612
top300,Momentum winner,long_only,vw,3,0,32.7751,16.64,23.87,0.509,-68.12,28.9,88.0,0.0,87,0,272,18.13,0.563,-63.68,43.6529,-1.4899999999999984,-0.05399999999999994,-4.440000000000005,0.7508115153861484
top300,Momentum winner,long_only,vw,3,10,30.3668,16.25,23.86,0.495,-68.22,28.9,88.0,0.0,87,0,272,17.33,0.534,-63.83,37.4132,-1.0799999999999983,-0.039000000000000035,-4.390000000000001,0.8116600558091797
top300,Momentum winner,long_only,vw,3,20,28.1334,15.86,23.85,0.48,-68.33,28.9,88.0,0.0,87,0,272,16.53,0.506,-63.99,32.0619,-0.6700000000000017,-0.026000000000000023,-4.339999999999996,0.8774713912774976
top300,Momentum winner,long_only,vw,3,50,22.3617,14.69,23.84,0.438,-68.64,28.9,88.0,0.0,87,0,272,14.17,0.419,-64.45,20.1648,0.5199999999999996,0.019000000000000017,-4.189999999999998,1.1089472744584623
top300,Momentum winner,long_only,vw,3,100,15.2295,12.77,23.82,0.366,-69.15,28.9,88.0,0.0,87,0,272,10.33,0.274,-65.2,9.2892,2.4399999999999995,0.09199999999999997,-3.950000000000003,1.6394845627179953
top300,Momentum winner,long_only,vw,4,0,44.7261,18.25,23.65,0.569,-64.01,23.5,88.0,0.0,88,0,272,18.13,0.563,-63.68,43.6529,0.120000000000001,0.006000000000000005,-0.3300000000000054,1.024584850032873
top300,Momentum winner,long_only,vw,4,10,41.9801,17.92,23.67,0.557,-64.1,23.5,88.0,0.0,88,0,272,17.33,0.534,-63.83,37.4132,0.5900000000000034,0.02300000000000002,-0.269999999999996,1.1220665433590282
top300,Momentum winner,long_only,vw,4,20,39.4001,17.6,23.69,0.545,-64.19,23.5,88.0,0.0,88,0,272,16.53,0.506,-63.99,32.0619,1.0700000000000003,0.039000000000000035,-0.19999999999999574,1.2288760179527727
top300,Momentum winner,long_only,vw,4,50,32.5603,16.61,23.76,0.508,-64.47,23.5,88.0,0.0,88,0,272,14.17,0.419,-64.45,20.1648,2.4399999999999995,0.08900000000000002,-0.01999999999999602,1.614709791319527
top300,Momentum winner,long_only,vw,4,100,23.6646,14.98,23.89,0.447,-64.93,23.5,88.0,0.0,88,0,272,10.33,0.274,-65.2,9.2892,4.65,0.173,0.269999999999996,2.547539077638548
top300,Momentum winner,long_only,vw,5,0,36.5302,17.2,23.78,0.53,-64.52,21.9,87.9,0.0,87,0,272,18.13,0.563,-63.68,43.6529,-0.9299999999999997,-0.03299999999999992,-0.8399999999999963,0.8368332917171597
top300,Momentum winner,long_only,vw,5,10,34.4761,16.9,23.78,0.519,-64.58,21.9,87.9,0.0,87,0,272,17.33,0.534,-63.83,37.4132,-0.4299999999999997,-0.015000000000000013,-0.75,0.9214956218660794
top300,Momentum winner,long_only,vw,5,20,32.5353,16.61,23.78,0.508,-64.65,21.9,87.9,0.0,87,0,272,16.53,0.506,-63.99,32.0619,0.0799999999999983,0.0020000000000000018,-0.6600000000000037,1.0147651885883244
top300,Momentum winner,long_only,vw,5,50,27.3334,15.71,23.78,0.476,-64.84,21.9,87.9,0.0,87,0,272,14.17,0.419,-64.45,20.1648,1.540000000000001,0.056999999999999995,-0.39000000000000057,1.355500674442593
top300,Momentum winner,long_only,vw,5,100,20.4178,14.23,23.82,0.421,-65.16,21.9,87.9,0.0,87,0,272,10.33,0.274,-65.2,9.2892,3.9000000000000004,0.14699999999999996,0.04000000000000625,2.198014899022521
top300,Momentum winner,long_only,vw,6,0,40.999,17.8,23.84,0.55,-64.94,18.4,88.1,0.0,87,0,272,18.13,0.563,-63.68,43.6529,-0.3299999999999983,-0.0129999999999999,-1.259999999999998,0.9392044972957123
top300,Momentum winner,long_only,vw,6,10,39.0768,17.55,23.83,0.541,-65.02,18.4,88.1,0.0,87,0,272,17.33,0.534,-63.83,37.4132,0.22000000000000242,0.007000000000000006,-1.1899999999999977,1.044465589684924
top300,Momentum winner,long_only,vw,6,20,37.2427,17.3,23.82,0.533,-65.11,18.4,88.1,0.0,87,0,272,16.53,0.506,-63.99,32.0619,0.7699999999999996,0.027000000000000024,-1.1199999999999974,1.161587429316416
top300,Momentum winner,long_only,vw,6,50,32.2302,16.56,23.8,0.506,-65.38,18.4,88.1,0.0,87,0,272,14.17,0.419,-64.45,20.1648,2.389999999999999,0.08700000000000002,-0.9299999999999926,1.5983396810283268
top300,Momentum winner,long_only,vw,6,100,25.3018,15.32,23.78,0.461,-65.83,18.4,88.1,0.0,87,0,272,10.33,0.274,-65.2,9.2892,4.99,0.187,-0.6299999999999955,2.7237867631227664
top300,Momentum winner,long_only,vw,7,0,36.4198,17.19,24.09,0.527,-69.6,17.5,87.8,0.0,88,0,272,18.13,0.563,-63.68,43.6529,-0.9399999999999977,-0.03599999999999992,-5.919999999999995,0.8343042501185488
top300,Momentum winner,long_only,vw,7,10,34.7602,16.95,24.1,0.518,-69.63,17.5,87.8,0.0,88,0,272,17.33,0.534,-63.83,37.4132,-0.379999999999999,-0.016000000000000014,-5.799999999999997,0.9290891984647128
top300,Momentum winner,long_only,vw,7,20,33.1742,16.71,24.11,0.509,-69.66,17.5,87.8,0.0,88,0,272,16.53,0.506,-63.99,32.0619,0.17999999999999972,0.0030000000000000027,-5.669999999999995,1.03469226714574
top300,Momentum winner,long_only,vw,7,50,28.827,15.99,24.16,0.483,-69.75,17.5,87.8,0.0,88,0,272,14.17,0.419,-64.45,20.1648,1.8200000000000003,0.064,-5.299999999999997,1.429570340395144
top300,Momentum winner,long_only,vw,7,100,22.7828,14.79,24.24,0.439,-69.89,17.5,87.8,0.0,88,0,272,10.33,0.274,-65.2,9.2892,4.459999999999999,0.16499999999999998,-4.689999999999998,2.4526116350170093
top300,Momentum winner,long_only,vw,8,0,33.5819,16.77,23.89,0.513,-69.2,15.4,88.0,0.0,87,0,272,18.13,0.563,-63.68,43.6529,-1.3599999999999994,-0.04999999999999993,-5.520000000000003,0.7692936780832429
top300,Momentum winner,long_only,vw,8,10,32.2294,16.56,23.9,0.506,-69.24,15.4,88.0,0.0,87,0,272,17.33,0.534,-63.83,37.4132,-0.7699999999999996,-0.028000000000000025,-5.409999999999997,0.8614446238226079
top300,Momentum winner,long_only,vw,8,20,30.9296,16.35,23.91,0.498,-69.27,15.4,88.0,0.0,87,0,272,16.53,0.506,-63.99,32.0619,-0.17999999999999972,-0.008000000000000007,-5.279999999999994,0.9646839395045209
top300,Momentum winner,long_only,vw,8,50,27.3275,15.71,23.96,0.474,-69.38,15.4,88.0,0.0,87,0,272,14.17,0.419,-64.45,20.1648,1.540000000000001,0.05499999999999999,-4.929999999999993,1.3552080853764976
top300,Momentum winner,long_only,vw,8,100,22.2075,14.66,24.04,0.435,-69.55,15.4,88.0,0.0,87,0,272,10.33,0.274,-65.2,9.2892,4.33,0.16099999999999998,-4.349999999999994,2.3906794987727684
top300,Momentum winner,long_only,vw,9,0,44.2679,18.2,24.17,0.562,-68.45,15.2,88.1,0.0,87,0,272,18.13,0.563,-63.68,43.6529,0.07000000000000028,-0.0009999999999998899,-4.770000000000003,1.0140884110792179
top300,Momentum winner,long_only,vw,9,10,42.5584,18.0,24.16,0.555,-68.48,15.2,88.1,0.0,87,0,272,17.33,0.534,-63.83,37.4132,0.6700000000000017,0.02100000000000002,-4.650000000000006,1.1375236547528678
top300,Momentum winner,long_only,vw,9,20,40.9127,17.79,24.15,0.548,-68.52,15.2,88.1,0.0,87,0,272,16.53,0.506,-63.99,32.0619,1.259999999999998,0.04200000000000004,-4.529999999999994,1.2760535089935405
top300,Momentum winner,long_only,vw,9,50,36.3361,17.18,24.13,0.526,-68.62,15.2,88.1,0.0,87,0,272,14.17,0.419,-64.45,20.1648,3.01,0.10700000000000004,-4.170000000000002,1.8019568753471398
top300,Momentum winner,long_only,vw,9,100,29.7851,16.15,24.12,0.489,-68.79,15.2,88.1,0.0,87,0,272,10.33,0.274,-65.2,9.2892,5.8199999999999985,0.21499999999999997,-3.5900000000000034,3.206422512164665
top300,Momentum winner,long_only,vw,10,0,24.986,15.26,24.31,0.454,-65.69,14.6,87.8,0.0,87,0,272,18.13,0.563,-63.68,43.6529,-2.869999999999999,-0.10899999999999993,-2.009999999999998,0.5723789255696643
top300,Momentum winner,long_only,vw,10,10,24.0442,15.06,24.31,0.447,-65.74,14.6,87.8,0.0,87,0,272,17.33,0.534,-63.83,37.4132,-2.269999999999998,-0.08700000000000002,-1.9099999999999966,0.6426662247548993
top300,Momentum winner,long_only,vw,10,20,23.1365,14.87,24.31,0.44,-65.79,14.6,87.8,0.0,87,0,272,16.53,0.506,-63.99,32.0619,-1.660000000000002,-0.066,-1.8000000000000043,0.7216197418119326
top300,Momentum winner,long_only,vw,10,50,20.6072,14.28,24.33,0.419,-65.96,14.6,87.8,0.0,87,0,272,14.17,0.419,-64.45,20.1648,0.10999999999999943,0.0,-1.509999999999991,1.0219392208204396
top300,Momentum winner,long_only,vw,10,100,16.9716,13.31,24.37,0.383,-66.23,14.6,87.8,0.0,87,0,272,10.33,0.274,-65.2,9.2892,2.9800000000000004,0.10899999999999999,-1.0300000000000011,1.827024932179305
top300,Momentum winner,long_only,vw,11,0,33.6646,16.78,23.84,0.515,-66.97,13.4,87.8,0.0,87,0,272,18.13,0.563,-63.68,43.6529,-1.3499999999999979,-0.04799999999999993,-3.289999999999999,0.7711881684836517
top300,Momentum winner,long_only,vw,11,10,32.5115,16.6,23.84,0.508,-67.01,13.4,87.8,0.0,87,0,272,17.33,0.534,-63.83,37.4132,-0.7299999999999969,-0.026000000000000023,-3.180000000000007,0.8689847433526133
top300,Momentum winner,long_only,vw,11,20,31.3963,16.42,23.84,0.502,-67.06,13.4,87.8,0.0,87,0,272,16.53,0.506,-63.99,32.0619,-0.10999999999999943,-0.0040000000000000036,-3.0700000000000003,0.9792401573206828
top300,Momentum winner,long_only,vw,11,50,28.2662,15.88,23.84,0.482,-67.19,13.4,87.8,0.0,87,0,272,14.17,0.419,-64.45,20.1648,1.7100000000000009,0.063,-2.739999999999995,1.4017595017059432
top300,Momentum winner,long_only,vw,11,100,23.7026,14.99,23.85,0.449,-67.41,13.4,87.8,0.0,87,0,272,10.33,0.274,-65.2,9.2892,4.66,0.175,-2.2099999999999937,2.551629849717952
top300,Momentum winner,long_only,vw,12,0,39.762,17.64,23.54,0.548,-63.75,11.3,88.0,0.0,87,0,272,18.13,0.563,-63.68,43.6529,-0.48999999999999844,-0.014999999999999902,-0.07000000000000028,0.9108673192388134
top300,Momentum winner,long_only,vw,12,10,38.6032,17.49,23.55,0.542,-63.82,11.3,88.0,0.0,87,0,272,17.33,0.534,-63.83,37.4132,0.16000000000000014,0.008000000000000007,0.00999999999999801,1.03180695583377
top300,Momentum winner,long_only,vw,12,20,37.4766,17.34,23.55,0.537,-63.88,11.3,88.0,0.0,87,0,272,16.53,0.506,-63.99,32.0619,0.8099999999999987,0.031000000000000028,0.10999999999999943,1.1688826925416147
top300,Momentum winner,long_only,vw,12,50,34.2817,16.88,23.56,0.52,-64.06,11.3,88.0,0.0,87,0,272,14.17,0.419,-64.45,20.1648,2.709999999999999,0.10100000000000003,0.39000000000000057,1.7000763707053876
top300,Momentum winner,long_only,vw,12,100,29.5257,16.11,23.6,0.491,-64.37,11.3,88.0,0.0,87,0,272,10.33,0.274,-65.2,9.2892,5.779999999999999,0.21699999999999997,0.8299999999999983,3.1784976101278906
top300,High asset turnover,long_only,vw,1,0,34.3646,16.89,20.97,0.556,-56.22,5.7,74.5,0.0,44,0,272,16.89,0.556,-56.22,34.3646,0.0,0.0,0.0,1.0
top300,High asset turnover,long_only,vw,1,10,33.8753,16.81,20.97,0.553,-56.24,5.7,74.5,0.0,44,0,272,16.81,0.553,-56.24,33.8753,0.0,0.0,0.0,1.0
top300,High asset turnover,long_only,vw,1,20,33.3927,16.74,20.97,0.55,-56.27,5.7,74.5,0.0,44,0,272,16.74,0.55,-56.27,33.3927,0.0,0.0,0.0,1.0
top300,High asset turnover,long_only,vw,1,50,31.985,16.52,20.97,0.541,-56.34,5.7,74.5,0.0,44,0,272,16.52,0.541,-56.34,31.985,0.0,0.0,0.0,1.0
top300,High asset turnover,long_only,vw,1,100,29.766,16.15,20.98,0.525,-56.47,5.7,74.5,0.0,44,0,272,16.15,0.525,-56.47,29.766,0.0,0.0,0.0,1.0
top300,High asset turnover,long_only,vw,2,0,34.1723,16.86,20.93,0.555,-56.11,5.1,74.5,0.0,44,0,272,16.89,0.556,-56.22,34.3646,-0.030000000000001137,-0.0010000000000000009,0.10999999999999943,0.9944041251753257
top300,High asset turnover,long_only,vw,2,10,33.7389,16.79,20.93,0.553,-56.13,5.1,74.5,0.0,44,0,272,16.81,0.553,-56.24,33.8753,-0.019999999999999574,0.0,0.10999999999999943,0.9959734673936467
top300,High asset turnover,long_only,vw,2,20,33.3108,16.73,20.93,0.55,-56.15,5.1,74.5,0.0,44,0,272,16.74,0.55,-56.27,33.3927,-0.00999999999999801,0.0,0.12000000000000455,0.9975473681373475
top300,High asset turnover,long_only,vw,2,50,32.0577,16.53,20.93,0.542,-56.22,5.1,74.5,0.0,44,0,272,16.52,0.541,-56.34,31.985,0.010000000000001563,0.0010000000000000009,0.12000000000000455,1.0022729404408315
top300,High asset turnover,long_only,vw,2,100,30.0698,16.2,20.94,0.528,-56.33,5.1,74.5,0.0,44,0,272,16.15,0.525,-56.47,29.766,0.05000000000000071,0.0030000000000000027,0.14000000000000057,1.0102062756164754
top300,High asset turnover,long_only,vw,3,0,34.242,16.87,20.92,0.556,-56.15,4.9,74.6,0.0,44,0,272,16.89,0.556,-56.22,34.3646,-0.019999999999999574,0.0,0.07000000000000028,0.9964323751767806
top300,High asset turnover,long_only,vw,3,10,33.8258,16.81,20.92,0.553,-56.17,4.9,74.6,0.0,44,0,272,16.81,0.553,-56.24,33.8753,0.0,0.0,0.07000000000000028,0.9985387583283395
top300,High asset turnover,long_only,vw,3,20,33.4144,16.74,20.92,0.551,-56.2,4.9,74.6,0.0,44,0,272,16.74,0.55,-56.27,33.3927,0.0,0.0010000000000000009,0.07000000000000028,1.0006498426302755
top300,High asset turnover,long_only,vw,3,50,32.209,16.55,20.93,0.543,-56.27,4.9,74.6,0.0,44,0,272,16.52,0.541,-56.34,31.985,0.030000000000001137,0.0020000000000000018,0.07000000000000028,1.0070032827888074
top300,High asset turnover,long_only,vw,3,100,30.2924,16.24,20.94,0.53,-56.39,4.9,74.6,0.0,44,0,272,16.15,0.525,-56.47,29.766,0.08999999999999986,0.0050000000000000044,0.0799999999999983,1.0176846065981322
top300,High asset turnover,long_only,vw,4,0,33.9264,16.82,20.92,0.554,-56.15,4.7,74.6,0.0,44,0,272,16.89,0.556,-56.22,34.3646,-0.07000000000000028,-0.0020000000000000018,0.07000000000000028,0.9872485057297334
top300,High asset turnover,long_only,vw,4,10,33.5336,16.76,20.92,0.552,-56.18,4.7,74.6,0.0,44,0,272,16.81,0.553,-56.24,33.8753,-0.04999999999999716,-0.0010000000000000009,0.060000000000002274,0.989913004460477
top300,High asset turnover,long_only,vw,4,20,33.1451,16.7,20.92,0.549,-56.2,4.7,74.6,0.0,44,0,272,16.74,0.55,-56.27,33.3927,-0.03999999999999915,-0.0010000000000000009,0.07000000000000028,0.9925852057485619
top300,High asset turnover,long_only,vw,4,50,32.0055,16.52,20.93,0.541,-56.27,4.7,74.6,0.0,44,0,272,16.52,0.541,-56.34,31.985,0.0,0.0,0.07000000000000028,1.0006409254337971
top300,High asset turnover,long_only,vw,4,100,30.1891,16.22,20.94,0.529,-56.39,4.7,74.6,0.0,44,0,272,16.15,0.525,-56.47,29.766,0.07000000000000028,0.0040000000000000036,0.0799999999999983,1.0142142041255124
top300,High asset turnover,long_only,vw,5,0,32.0626,16.53,20.54,0.549,-56.16,4.6,74.7,0.0,44,0,272,16.89,0.556,-56.22,34.3646,-0.35999999999999943,-0.007000000000000006,0.060000000000002274,0.9330124604971395
top300,High asset turnover,long_only,vw,5,10,31.7003,16.47,20.54,0.546,-56.18,4.6,74.7,0.0,44,0,272,16.81,0.553,-56.24,33.8753,-0.33999999999999986,-0.007000000000000006,0.060000000000002274,0.9357939265482519
top300,High asset turnover,long_only,vw,5,20,31.3419,16.41,20.54,0.544,-56.19,4.6,74.7,0.0,44,0,272,16.74,0.55,-56.27,33.3927,-0.3299999999999983,-0.006000000000000005,0.0800000000000054,0.9385853794392188
top300,High asset turnover,long_only,vw,5,50,30.2898,16.24,20.55,0.536,-56.25,4.6,74.7,0.0,44,0,272,16.52,0.541,-56.34,31.985,-0.28000000000000114,-0.0050000000000000044,0.09000000000000341,0.9470001563232765
top300,High asset turnover,long_only,vw,5,100,28.6108,15.95,20.55,0.524,-56.34,4.6,74.7,0.0,44,0,272,16.15,0.525,-56.47,29.766,-0.1999999999999993,-0.0010000000000000009,0.12999999999999545,0.9611906201706646
top300,High asset turnover,long_only,vw,6,0,34.2066,16.86,20.93,0.556,-56.23,4.4,74.6,0.0,44,0,272,16.89,0.556,-56.22,34.3646,-0.030000000000001137,0.0,-0.00999999999999801,0.995402245333861
top300,High asset turnover,long_only,vw,6,10,33.831,16.81,20.93,0.553,-56.25,4.4,74.6,0.0,44,0,272,16.81,0.553,-56.24,33.8753,0.0,0.0,-0.00999999999999801,0.9986922625039483
top300,High asset turnover,long_only,vw,6,20,33.4594,16.75,20.93,0.551,-56.27,4.4,74.6,0.0,44,0,272,16.74,0.55,-56.27,33.3927,0.010000000000001563,0.0010000000000000009,0.0,1.00199744255481
top300,High asset turnover,long_only,vw,6,50,32.3677,16.58,20.93,0.544,-56.32,4.4,74.6,0.0,44,0,272,16.52,0.541,-56.34,31.985,0.05999999999999872,0.0030000000000000027,0.020000000000003126,1.011964983586056
top300,High asset turnover,long_only,vw,6,100,30.6233,16.3,20.94,0.532,-56.42,4.4,74.6,0.0,44,0,272,16.15,0.525,-56.47,29.766,0.15000000000000213,0.007000000000000006,0.04999999999999716,1.0288013169387893
top300,High asset turnover,long_only,vw,7,0,30.316,16.24,20.51,0.537,-56.27,4.4,74.9,0.0,44,0,272,16.89,0.556,-56.22,34.3646,-0.6500000000000021,-0.019000000000000017,-0.05000000000000426,0.8821869016371497
top300,High asset turnover,long_only,vw,7,10,29.9864,16.19,20.52,0.534,-56.27,4.4,74.9,0.0,44,0,272,16.81,0.553,-56.24,33.8753,-0.6199999999999974,-0.019000000000000017,-0.030000000000001137,0.8851995406682744
top300,High asset turnover,long_only,vw,7,20,29.6602,16.13,20.52,0.532,-56.27,4.4,74.9,0.0,44,0,272,16.74,0.55,-56.27,33.3927,-0.6099999999999994,-0.018000000000000016,0.0,0.8882240729261186
top300,High asset turnover,long_only,vw,7,50,28.7017,15.96,20.52,0.525,-56.28,4.4,74.9,0.0,44,0,272,16.52,0.541,-56.34,31.985,-0.5599999999999987,-0.016000000000000014,0.060000000000002274,0.8973487572299516
top300,High asset turnover,long_only,vw,7,100,27.1694,15.68,20.53,0.513,-56.29,4.4,74.9,0.0,44,0,272,16.15,0.525,-56.47,29.766,-0.46999999999999886,-0.01200000000000001,0.17999999999999972,0.9127662433649131
top300,High asset turnover,long_only,vw,8,0,34.8497,16.96,20.88,0.56,-56.07,4.2,74.5,0.0,44,0,272,16.89,0.556,-56.22,34.3646,0.07000000000000028,0.0040000000000000036,0.14999999999999858,1.0141162708135696
top300,High asset turnover,long_only,vw,8,10,34.4906,16.91,20.88,0.558,-56.08,4.2,74.5,0.0,44,0,272,16.81,0.553,-56.24,33.8753,0.10000000000000142,0.0050000000000000044,0.1600000000000037,1.0181636767792461
top300,High asset turnover,long_only,vw,8,20,34.135,16.85,20.88,0.556,-56.08,4.2,74.5,0.0,44,0,272,16.74,0.55,-56.27,33.3927,0.11000000000000298,0.006000000000000005,0.19000000000000483,1.0222294094218198
top300,High asset turnover,long_only,vw,8,50,33.0891,16.69,20.89,0.549,-56.1,4.2,74.5,0.0,44,0,272,16.52,0.541,-56.34,31.985,0.1700000000000017,0.008000000000000007,0.240000000000002,1.0345193059246522
top300,High asset turnover,long_only,vw,8,100,31.4131,16.43,20.9,0.538,-56.14,4.2,74.5,0.0,44,0,272,16.15,0.525,-56.47,29.766,0.28000000000000114,0.013000000000000012,0.3299999999999983,1.0553349459114427
top300,High asset turnover,long_only,vw,9,0,33.4914,16.76,20.08,0.566,-53.2,4.3,75.2,0.0,44,0,272,16.89,0.556,-56.22,34.3646,-0.129999999999999,0.009999999999999898,3.019999999999996,0.9745901305413127
top300,High asset turnover,long_only,vw,9,10,33.1469,16.7,20.08,0.563,-53.23,4.3,75.2,0.0,44,0,272,16.81,0.553,-56.24,33.8753,-0.10999999999999943,0.009999999999999898,3.010000000000005,0.9784976074012629
top300,High asset turnover,long_only,vw,9,20,32.8058,16.65,20.08,0.561,-53.26,4.3,75.2,0.0,44,0,272,16.74,0.55,-56.27,33.3927,-0.08999999999999986,0.01100000000000001,3.010000000000005,0.9824243023175724
top300,High asset turnover,long_only,vw,9,50,31.8024,16.49,20.07,0.554,-53.35,4.3,75.2,0.0,44,0,272,16.52,0.541,-56.34,31.985,-0.030000000000001137,0.013000000000000012,2.990000000000002,0.9942910739409098
top300,High asset turnover,long_only,vw,9,100,30.1944,16.22,20.06,0.543,-53.5,4.3,75.2,0.0,44,0,272,16.15,0.525,-56.47,29.766,0.07000000000000028,0.018000000000000016,2.969999999999999,1.0143922596250756
top300,High asset turnover,long_only,vw,10,0,31.0048,16.36,20.24,0.546,-56.15,4.2,75.2,0.0,44,0,272,16.89,0.556,-56.22,34.3646,-0.5300000000000011,-0.010000000000000009,0.07000000000000028,0.9022307840044697
top300,High asset turnover,long_only,vw,10,10,30.6874,16.31,20.24,0.544,-56.16,4.2,75.2,0.0,44,0,272,16.81,0.553,-56.24,33.8753,-0.5,-0.009000000000000008,0.0800000000000054,0.9058930843416885
top300,High asset turnover,long_only,vw,10,20,30.373,16.25,20.23,0.542,-56.18,4.2,75.2,0.0,44,0,272,16.74,0.55,-56.27,33.3927,-0.48999999999999844,-0.008000000000000007,0.09000000000000341,0.9095700557307437
top300,High asset turnover,long_only,vw,10,50,29.4482,16.09,20.23,0.535,-56.22,4.2,75.2,0.0,44,0,272,16.52,0.541,-56.34,31.985,-0.4299999999999997,-0.006000000000000005,0.12000000000000455,0.9206878224167578
top300,High asset turnover,long_only,vw,10,100,27.9659,15.83,20.22,0.524,-56.3,4.2,75.2,0.0,44,0,272,16.15,0.525,-56.47,29.766,-0.3199999999999985,-0.0010000000000000009,0.1700000000000017,0.9395249613653163
top300,High asset turnover,long_only,vw,11,0,35.1936,17.01,20.21,0.574,-54.44,4.2,74.5,0.0,44,0,272,16.89,0.556,-56.22,34.3646,0.120000000000001,0.017999999999999905,1.7800000000000011,1.0241236621406913
top300,High asset turnover,long_only,vw,11,10,34.8281,16.96,20.21,0.572,-54.47,4.2,74.5,0.0,44,0,272,16.81,0.553,-56.24,33.8753,0.15000000000000213,0.018999999999999906,1.7700000000000031,1.028126688176931
top300,High asset turnover,long_only,vw,11,20,34.4661,16.9,20.21,0.57,-54.51,4.2,74.5,0.0,44,0,272,16.74,0.55,-56.27,33.3927,0.16000000000000014,0.019999999999999907,1.7600000000000051,1.032144750199894
top300,High asset turnover,long_only,vw,11,50,33.4013,16.74,20.21,0.563,-54.61,4.2,74.5,0.0,44,0,272,16.52,0.541,-56.34,31.985,0.21999999999999886,0.02199999999999991,1.730000000000004,1.0442801313115522
top300,High asset turnover,long_only,vw,11,100,31.6956,16.47,20.22,0.551,-54.79,4.2,74.5,0.0,44,0,272,16.15,0.525,-56.47,29.766,0.3200000000000003,0.026000000000000023,1.6799999999999997,1.0648256399919371
top300,High asset turnover,long_only,vw,12,0,34.261,16.87,20.89,0.557,-56.13,4.1,74.8,0.0,44,0,272,16.89,0.556,-56.22,34.3646,-0.019999999999999574,0.0010000000000000009,0.0899999999999963,0.9969852697252405
top300,High asset turnover,long_only,vw,12,10,33.9189,16.82,20.9,0.554,-56.14,4.1,74.8,0.0,44,0,272,16.81,0.553,-56.24,33.8753,0.010000000000001563,0.0010000000000000009,0.10000000000000142,1.001287073472412
top300,High asset turnover,long_only,vw,12,20,33.5801,16.77,20.9,0.552,-56.16,4.1,74.8,0.0,44,0,272,16.74,0.55,-56.27,33.3927,0.030000000000001137,0.0020000000000000018,0.11000000000000654,1.0056120050190611
top300,High asset turnover,long_only,vw,12,50,32.5827,16.61,20.9,0.546,-56.2,4.1,74.8,0.0,44,0,272,16.52,0.541,-56.34,31.985,0.08999999999999986,0.0050000000000000044,0.14000000000000057,1.0186868844770987
top300,High asset turnover,long_only,vw,12,100,30.9823,16.35,20.91,0.535,-56.26,4.1,74.8,0.0,44,0,272,16.15,0.525,-56.47,29.766,0.20000000000000284,0.010000000000000009,0.21000000000000085,1.0408620573809044
top300,High sales growth,long_only,vw,1,0,27.4832,15.74,24.58,0.467,-67.54,13.7,73.1,0.0,45,0,272,15.74,0.467,-67.54,27.4832,0.0,0.0,0.0,1.0
top300,High sales growth,long_only,vw,1,10,26.4853,15.55,24.59,0.46,-67.63,13.7,73.1,0.0,45,0,272,15.55,0.46,-67.63,26.4853,0.0,0.0,0.0,1.0
top300,High sales growth,long_only,vw,1,20,25.5223,15.36,24.61,0.454,-67.72,13.7,73.1,0.0,45,0,272,15.36,0.454,-67.72,25.5223,0.0,0.0,0.0,1.0
top300,High sales growth,long_only,vw,1,50,22.8315,14.8,24.66,0.433,-67.97,13.7,73.1,0.0,45,0,272,14.8,0.433,-67.97,22.8315,0.0,0.0,0.0,1.0
top300,High sales growth,long_only,vw,1,100,18.9433,13.86,24.75,0.399,-68.4,13.7,73.1,0.0,45,0,272,13.86,0.399,-68.4,18.9433,0.0,0.0,0.0,1.0
top300,High sales growth,long_only,vw,2,0,27.4397,15.73,24.58,0.467,-67.59,13.2,73.1,0.0,45,0,272,15.74,0.467,-67.54,27.4832,-0.009999999999999787,0.0,-0.04999999999999716,0.9984172148803632
top300,High sales growth,long_only,vw,2,10,26.4849,15.55,24.6,0.46,-67.68,13.2,73.1,0.0,45,0,272,15.55,0.46,-67.63,26.4853,0.0,0.0,-0.05000000000001137,0.9999848972826436
top300,High sales growth,long_only,vw,2,20,25.5621,15.37,24.61,0.454,-67.76,13.2,73.1,0.0,45,0,272,15.36,0.454,-67.72,25.5223,0.009999999999999787,0.0,-0.04000000000000625,1.0015594205851353
top300,High sales growth,long_only,vw,2,50,22.9752,14.83,24.66,0.434,-68.02,13.2,73.1,0.0,45,0,272,14.8,0.433,-67.97,22.8315,0.02999999999999936,0.0010000000000000009,-0.04999999999999716,1.0062939360094607
top300,High sales growth,long_only,vw,2,100,19.2129,13.93,24.75,0.402,-68.44,13.2,73.1,0.0,45,0,272,13.86,0.399,-68.4,18.9433,0.07000000000000028,0.0030000000000000027,-0.03999999999999204,1.0142319448037036
top300,High sales growth,long_only,vw,3,0,27.7698,15.79,24.53,0.469,-67.26,12.9,73.1,0.0,45,0,272,15.74,0.467,-67.54,27.4832,0.049999999999998934,0.0019999999999999463,0.28000000000000114,1.0104281888571927
top300,High sales growth,long_only,vw,3,10,26.8191,15.62,24.55,0.463,-67.34,12.9,73.1,0.0,45,0,272,15.55,0.46,-67.63,26.4853,0.06999999999999851,0.0030000000000000027,0.28999999999999204,1.0126032176339328
top300,High sales growth,long_only,vw,3,20,25.8996,15.44,24.56,0.457,-67.43,12.9,73.1,0.0,45,0,272,15.36,0.454,-67.72,25.5223,0.08000000000000007,0.0030000000000000027,0.28999999999999204,1.0147831504213962
top300,High sales growth,long_only,vw,3,50,23.3191,14.91,24.61,0.437,-67.68,12.9,73.1,0.0,45,0,272,14.8,0.433,-67.97,22.8315,0.10999999999999943,0.0040000000000000036,0.28999999999999204,1.0213564592777522
top300,High sales growth,long_only,vw,3,100,19.5571,14.02,24.71,0.405,-68.11,12.9,73.1,0.0,45,0,272,13.86,0.399,-68.4,18.9433,0.16000000000000014,0.006000000000000005,0.29000000000000625,1.0324019574203016
top300,High sales growth,long_only,vw,4,0,27.2727,15.7,24.54,0.466,-67.4,12.6,73.2,0.0,45,0,272,15.74,0.467,-67.54,27.4832,-0.040000000000000924,-0.0010000000000000009,0.14000000000000057,0.992340775455551
top300,High sales growth,long_only,vw,4,10,26.3597,15.53,24.56,0.46,-67.48,12.6,73.2,0.0,45,0,272,15.55,0.46,-67.63,26.4853,-0.02000000000000135,0.0,0.14999999999999147,0.995257746750084
top300,High sales growth,long_only,vw,4,20,25.4761,15.35,24.57,0.454,-67.56,12.6,73.2,0.0,45,0,272,15.36,0.454,-67.72,25.5223,-0.009999999999999787,0.0,0.1599999999999966,0.9981898183157473
top300,High sales growth,long_only,vw,4,50,22.9919,14.83,24.62,0.435,-67.81,12.6,73.2,0.0,45,0,272,14.8,0.433,-67.97,22.8315,0.02999999999999936,0.0020000000000000018,0.1599999999999966,1.0070253815999826
top300,High sales growth,long_only,vw,4,100,19.3585,13.97,24.72,0.403,-68.23,12.6,73.2,0.0,45,0,272,13.86,0.399,-68.4,18.9433,0.11000000000000121,0.0040000000000000036,0.1700000000000017,1.021918039623508
top300,High sales growth,long_only,vw,5,0,31.7952,16.49,24.46,0.495,-67.32,12.5,73.2,0.0,45,0,272,15.74,0.467,-67.54,27.4832,0.7499999999999982,0.02799999999999997,0.22000000000001307,1.1568958491005414
top300,High sales growth,long_only,vw,5,10,30.7458,16.32,24.47,0.488,-67.4,12.5,73.2,0.0,45,0,272,15.55,0.46,-67.63,26.4853,0.7699999999999996,0.02799999999999997,0.22999999999998977,1.1608628182425724
top300,High sales growth,long_only,vw,5,20,29.7295,16.14,24.48,0.482,-67.48,12.5,73.2,0.0,45,0,272,15.36,0.454,-67.72,25.5223,0.7800000000000011,0.02799999999999997,0.23999999999999488,1.1648440775321973
top300,High sales growth,long_only,vw,5,50,26.8697,15.63,24.53,0.464,-67.72,12.5,73.2,0.0,45,0,272,14.8,0.433,-67.97,22.8315,0.8300000000000001,0.031000000000000028,0.25,1.1768696756673895
top300,High sales growth,long_only,vw,5,100,22.6789,14.76,24.62,0.432,-68.13,12.5,73.2,0.0,45,0,272,13.86,0.399,-68.4,18.9433,0.9000000000000004,0.032999999999999974,0.27000000000001023,1.1971990096762442
top300,High sales growth,long_only,vw,6,0,27.3018,15.71,24.53,0.466,-67.44,12.4,73.2,0.0,45,0,272,15.74,0.467,-67.54,27.4832,-0.02999999999999936,-0.0010000000000000009,0.10000000000000853,0.9933996041217907
top300,High sales growth,long_only,vw,6,10,26.4024,15.54,24.54,0.46,-67.52,12.4,73.2,0.0,45,0,272,15.55,0.46,-67.63,26.4853,-0.010000000000001563,0.0,0.10999999999999943,0.9968699618278819
top300,High sales growth,long_only,vw,6,20,25.5313,15.37,24.56,0.454,-67.6,12.4,73.2,0.0,45,0,272,15.36,0.454,-67.72,25.5223,0.009999999999999787,0.0,0.12000000000000455,1.0003526327956336
top300,High sales growth,long_only,vw,6,50,23.0797,14.85,24.6,0.436,-67.85,12.4,73.2,0.0,45,0,272,14.8,0.433,-67.97,22.8315,0.049999999999998934,0.0030000000000000027,0.12000000000000455,1.010870945842367
top300,High sales growth,long_only,vw,6,100,19.4857,14.0,24.7,0.405,-68.25,12.4,73.2,0.0,45,0,272,13.86,0.399,-68.4,18.9433,0.14000000000000057,0.006000000000000005,0.15000000000000568,1.0286328147682822
top300,High sales growth,long_only,vw,7,0,35.48,17.05,23.95,0.519,-65.76,12.4,73.3,0.0,45,0,272,15.74,0.467,-67.54,27.4832,1.3100000000000005,0.05199999999999999,1.7800000000000011,1.2909704837864586
top300,High sales growth,long_only,vw,7,10,34.336,16.88,23.96,0.512,-65.82,12.4,73.3,0.0,45,0,272,15.55,0.46,-67.63,26.4853,1.3299999999999983,0.05199999999999999,1.8100000000000023,1.2964172578751232
top300,High sales growth,long_only,vw,7,20,33.2273,16.71,23.98,0.506,-65.88,12.4,73.3,0.0,45,0,272,15.36,0.454,-67.72,25.5223,1.3500000000000014,0.05199999999999999,1.8400000000000034,1.3018928544841177
top300,High sales growth,long_only,vw,7,50,30.103,16.21,24.01,0.487,-66.06,12.4,73.3,0.0,45,0,272,14.8,0.433,-67.97,22.8315,1.4100000000000001,0.05399999999999999,1.9099999999999966,1.3184854258371113
top300,High sales growth,long_only,vw,7,100,25.5107,15.36,24.09,0.456,-66.37,12.4,73.3,0.0,45,0,272,13.86,0.399,-68.4,18.9433,1.5,0.056999999999999995,2.030000000000001,1.3466872192279065
top300,High sales growth,long_only,vw,8,0,27.7598,15.79,23.76,0.475,-65.06,12.2,73.2,0.0,45,0,272,15.74,0.467,-67.54,27.4832,0.049999999999998934,0.007999999999999952,2.480000000000004,1.0100643302090004
top300,High sales growth,long_only,vw,8,10,26.8759,15.63,23.77,0.469,-65.13,12.2,73.2,0.0,45,0,272,15.55,0.46,-67.63,26.4853,0.08000000000000007,0.008999999999999952,2.5,1.0147478034985447
top300,High sales growth,long_only,vw,8,20,26.0189,15.46,23.78,0.463,-65.19,12.2,73.2,0.0,45,0,272,15.36,0.454,-67.72,25.5223,0.10000000000000142,0.009000000000000008,2.530000000000001,1.0194574940346284
top300,High sales growth,long_only,vw,8,50,23.6016,14.97,23.81,0.444,-65.37,12.2,73.2,0.0,45,0,272,14.8,0.433,-67.97,22.8315,0.16999999999999993,0.01100000000000001,2.5999999999999943,1.0337297155246044
top300,High sales growth,long_only,vw,8,100,20.0423,14.14,23.89,0.413,-65.69,12.2,73.2,0.0,45,0,272,13.86,0.399,-68.4,18.9433,0.28000000000000114,0.013999999999999957,2.710000000000008,1.0580152349379464
top300,High sales growth,long_only,vw,9,0,28.9035,16.0,24.02,0.48,-64.45,12.2,73.9,0.0,45,0,272,15.74,0.467,-67.54,27.4832,0.2599999999999998,0.012999999999999956,3.0900000000000034,1.0516788438027596
top300,High sales growth,long_only,vw,9,10,27.9994,15.84,24.02,0.474,-64.55,12.2,73.9,0.0,45,0,272,15.55,0.46,-67.63,26.4853,0.28999999999999915,0.013999999999999957,3.0799999999999983,1.0571675608733901
top300,High sales growth,long_only,vw,9,20,27.1224,15.67,24.02,0.468,-64.65,12.2,73.9,0.0,45,0,272,15.36,0.454,-67.72,25.5223,0.3100000000000005,0.014000000000000012,3.069999999999993,1.0626941929214841
top300,High sales growth,long_only,vw,9,50,24.6458,15.19,24.01,0.45,-64.95,12.2,73.9,0.0,45,0,272,14.8,0.433,-67.97,22.8315,0.3899999999999988,0.017000000000000015,3.019999999999996,1.0794647745439416
top300,High sales growth,long_only,vw,9,100,20.9909,14.37,24.02,0.42,-65.44,12.2,73.9,0.0,45,0,272,13.86,0.399,-68.4,18.9433,0.5099999999999998,0.020999999999999963,2.960000000000008,1.1080909873147762
top300,High sales growth,long_only,vw,10,0,31.8877,16.5,24.42,0.496,-67.19,12.1,73.6,0.0,45,0,272,15.74,0.467,-67.54,27.4832,0.7599999999999998,0.02899999999999997,0.3500000000000085,1.1602615415963207
top300,High sales growth,long_only,vw,10,10,30.8765,16.34,24.42,0.49,-67.27,12.1,73.6,0.0,45,0,272,15.55,0.46,-67.63,26.4853,0.7899999999999991,0.02999999999999997,0.35999999999999943,1.1657976311387828
top300,High sales growth,long_only,vw,10,20,29.896,16.17,24.43,0.484,-67.35,12.1,73.6,0.0,45,0,272,15.36,0.454,-67.72,25.5223,0.8100000000000023,0.02999999999999997,0.37000000000000455,1.1713677842514194
top300,High sales growth,long_only,vw,10,50,27.1295,15.68,24.45,0.466,-67.59,12.1,73.6,0.0,45,0,272,14.8,0.433,-67.97,22.8315,0.879999999999999,0.03300000000000003,0.37999999999999545,1.1882486915007775
top300,High sales growth,long_only,vw,10,100,23.053,14.85,24.51,0.436,-67.99,12.1,73.6,0.0,45,0,272,13.86,0.399,-68.4,18.9433,0.9900000000000002,0.03699999999999998,0.4100000000000108,1.2169474167647665
top300,High sales growth,long_only,vw,11,0,36.6345,17.22,23.9,0.525,-63.7,12.2,73.2,0.0,45,0,272,15.74,0.467,-67.54,27.4832,1.4799999999999986,0.057999999999999996,3.8400000000000034,1.3329779647202655
top300,High sales growth,long_only,vw,11,10,35.5059,17.06,23.89,0.519,-63.75,12.2,73.2,0.0,45,0,272,15.55,0.46,-67.63,26.4853,1.509999999999998,0.059,3.8799999999999955,1.3405889304633136
top300,High sales growth,long_only,vw,11,20,34.4106,16.89,23.88,0.514,-63.8,12.2,73.2,0.0,45,0,272,15.36,0.454,-67.72,25.5223,1.5300000000000011,0.06,3.9200000000000017,1.3482562308255917
top300,High sales growth,long_only,vw,11,50,31.3146,16.41,23.87,0.496,-63.93,12.2,73.2,0.0,45,0,272,14.8,0.433,-67.97,22.8315,1.6099999999999994,0.063,4.039999999999999,1.37155246041653
top300,High sales growth,long_only,vw,11,100,26.7367,15.6,23.85,0.467,-64.16,12.2,73.2,0.0,45,0,272,13.86,0.399,-68.4,18.9433,1.7400000000000002,0.068,4.240000000000009,1.4114066714880722
top300,High sales growth,long_only,vw,12,0,27.4986,15.74,24.53,0.468,-67.43,12.0,73.4,0.0,45,0,272,15.74,0.467,-67.54,27.4832,0.0,0.0010000000000000009,0.10999999999999943,1.0005603423182161
top300,High sales growth,long_only,vw,12,10,26.6222,15.58,24.54,0.462,-67.51,12.0,73.4,0.0,45,0,272,15.55,0.46,-67.63,26.4853,0.02999999999999936,0.0020000000000000018,0.11999999999999034,1.0051689050152348
top300,High sales growth,long_only,vw,12,20,25.7724,15.41,24.56,0.456,-67.59,12.0,73.4,0.0,45,0,272,15.36,0.454,-67.72,25.5223,0.05000000000000071,0.0020000000000000018,0.12999999999999545,1.009799273576441
top300,High sales growth,long_only,vw,12,50,23.3752,14.92,24.61,0.438,-67.83,12.0,73.4,0.0,45,0,272,14.8,0.433,-67.97,22.8315,0.11999999999999922,0.0050000000000000044,0.14000000000000057,1.0238135908722599
top300,High sales growth,long_only,vw,12,100,19.8449,14.09,24.7,0.408,-68.22,12.0,73.4,0.0,45,0,272,13.86,0.399,-68.4,18.9433,0.23000000000000043,0.008999999999999952,0.18000000000000682,1.0475946640764808
top300,Conservative accruals,long_only,vw,1,0,21.4731,14.49,25.69,0.415,-57.25,10.4,86.2,0.0,87,0,272,14.49,0.415,-57.25,21.4731,0.0,0.0,0.0,1.0
top300,Conservative accruals,long_only,vw,1,10,20.8971,14.35,25.69,0.41,-57.3,10.4,86.2,0.0,87,0,272,14.35,0.41,-57.3,20.8971,0.0,0.0,0.0,1.0
top300,Conservative accruals,long_only,vw,1,20,20.3361,14.21,25.69,0.405,-57.34,10.4,86.2,0.0,87,0,272,14.21,0.405,-57.34,20.3361,0.0,0.0,0.0,1.0
top300,Conservative accruals,long_only,vw,1,50,18.7394,13.8,25.7,0.391,-57.49,10.4,86.2,0.0,87,0,272,13.8,0.391,-57.49,18.7394,0.0,0.0,0.0,1.0
top300,Conservative accruals,long_only,vw,1,100,16.3443,13.12,25.72,0.367,-57.72,10.4,86.2,0.0,87,0,272,13.12,0.367,-57.72,16.3443,0.0,0.0,0.0,1.0
top300,Conservative accruals,long_only,vw,2,0,21.2555,14.44,25.67,0.413,-57.27,9.7,86.3,0.0,87,0,272,14.49,0.415,-57.25,21.4731,-0.05000000000000071,-0.0020000000000000018,-0.020000000000003126,0.9898663909728918
top300,Conservative accruals,long_only,vw,2,10,20.7258,14.31,25.67,0.408,-57.31,9.7,86.3,0.0,87,0,272,14.35,0.41,-57.3,20.8971,-0.03999999999999915,-0.0020000000000000018,-0.010000000000005116,0.9918026903254519
top300,Conservative accruals,long_only,vw,2,20,20.2089,14.18,25.67,0.404,-57.35,9.7,86.3,0.0,87,0,272,14.21,0.405,-57.34,20.3361,-0.030000000000001137,-0.0010000000000000009,-0.00999999999999801,0.9937451133698203
top300,Conservative accruals,long_only,vw,2,50,18.7316,13.8,25.68,0.391,-57.48,9.7,86.3,0.0,87,0,272,13.8,0.391,-57.49,18.7394,0.0,0.0,0.010000000000005116,0.9995837646883038
top300,Conservative accruals,long_only,vw,2,100,16.4979,13.16,25.7,0.369,-57.68,9.7,86.3,0.0,87,0,272,13.12,0.367,-57.72,16.3443,0.040000000000000924,0.0020000000000000018,0.03999999999999915,1.0093977717002258
top300,Conservative accruals,long_only,vw,3,0,21.4931,14.49,25.65,0.415,-57.14,9.4,86.3,0.0,87,0,272,14.49,0.415,-57.25,21.4731,0.0,0.0,0.10999999999999943,1.000931397888521
top300,Conservative accruals,long_only,vw,3,10,20.975,14.37,25.65,0.411,-57.18,9.4,86.3,0.0,87,0,272,14.35,0.41,-57.3,20.8971,0.019999999999999574,0.0010000000000000009,0.11999999999999744,1.003727789980428
top300,Conservative accruals,long_only,vw,3,20,20.469,14.25,25.65,0.406,-57.22,9.4,86.3,0.0,87,0,272,14.21,0.405,-57.34,20.3361,0.03999999999999915,0.0010000000000000009,0.12000000000000455,1.0065351763612493
top300,Conservative accruals,long_only,vw,3,50,19.0204,13.88,25.65,0.394,-57.35,9.4,86.3,0.0,87,0,272,13.8,0.391,-57.49,18.7394,0.08000000000000007,0.0030000000000000027,0.14000000000000057,1.0149951439213636
top300,Conservative accruals,long_only,vw,3,100,16.8225,13.26,25.67,0.372,-57.55,9.4,86.3,0.0,87,0,272,13.12,0.367,-57.72,16.3443,0.14000000000000057,0.0050000000000000044,0.1700000000000017,1.0292579064260936
top300,Conservative accruals,long_only,vw,4,0,21.5334,14.5,25.64,0.415,-57.2,9.2,86.3,0.0,87,0,272,14.49,0.415,-57.25,21.4731,0.009999999999999787,0.0,0.04999999999999716,1.0028081646338909
top300,Conservative accruals,long_only,vw,4,10,21.0258,14.38,25.65,0.411,-57.25,9.2,86.3,0.0,87,0,272,14.35,0.41,-57.3,20.8971,0.030000000000001137,0.0010000000000000009,0.04999999999999716,1.0061587493001423
top300,Conservative accruals,long_only,vw,4,20,20.5298,14.26,25.65,0.407,-57.29,9.2,86.3,0.0,87,0,272,14.21,0.405,-57.34,20.3361,0.049999999999998934,0.0019999999999999463,0.05000000000000426,1.0095249334926562
top300,Conservative accruals,long_only,vw,4,50,19.1081,13.9,25.66,0.395,-57.41,9.2,86.3,0.0,87,0,272,13.8,0.391,-57.49,18.7394,0.09999999999999964,0.0040000000000000036,0.0800000000000054,1.0196751230028709
top300,Conservative accruals,long_only,vw,4,100,16.9462,13.3,25.68,0.374,-57.61,9.2,86.3,0.0,87,0,272,13.12,0.367,-57.72,16.3443,0.1800000000000015,0.007000000000000006,0.10999999999999943,1.0368262941820696
top300,Conservative accruals,long_only,vw,5,0,24.0927,15.07,25.17,0.439,-57.22,9.1,86.3,0.0,87,0,272,14.49,0.415,-57.25,21.4731,0.5800000000000001,0.02400000000000002,0.030000000000001137,1.1219944954384788
top300,Conservative accruals,long_only,vw,5,10,23.5279,14.95,25.18,0.435,-57.26,9.1,86.3,0.0,87,0,272,14.35,0.41,-57.3,20.8971,0.5999999999999996,0.025000000000000022,0.03999999999999915,1.1258930665020506
top300,Conservative accruals,long_only,vw,5,20,22.9757,14.83,25.18,0.43,-57.29,9.1,86.3,0.0,87,0,272,14.21,0.405,-57.34,20.3361,0.6199999999999992,0.024999999999999967,0.05000000000000426,1.1297987323036374
top300,Conservative accruals,long_only,vw,5,50,21.3927,14.47,25.2,0.418,-57.41,9.1,86.3,0.0,87,0,272,13.8,0.391,-57.49,18.7394,0.6699999999999999,0.02699999999999997,0.0800000000000054,1.1415893785286617
top300,Conservative accruals,long_only,vw,5,100,18.984,13.87,25.24,0.396,-57.6,9.1,86.3,0.0,87,0,272,13.12,0.367,-57.72,16.3443,0.75,0.029000000000000026,0.11999999999999744,1.1615058460747785
top300,Conservative accruals,long_only,vw,6,0,22.097,14.63,25.62,0.42,-57.16,8.9,86.4,0.0,87,0,272,14.49,0.415,-57.25,21.4731,0.14000000000000057,0.0050000000000000044,0.09000000000000341,1.0290549571324124
top300,Conservative accruals,long_only,vw,6,10,21.5936,14.52,25.62,0.416,-57.2,8.9,86.4,0.0,87,0,272,14.35,0.41,-57.3,20.8971,0.16999999999999993,0.006000000000000005,0.09999999999999432,1.0333299835862393
top300,Conservative accruals,long_only,vw,6,20,21.1012,14.4,25.63,0.412,-57.24,8.9,86.4,0.0,87,0,272,14.21,0.405,-57.34,20.3361,0.1899999999999995,0.006999999999999951,0.10000000000000142,1.0376227496914354
top300,Conservative accruals,long_only,vw,6,50,19.6876,14.05,25.63,0.4,-57.35,8.9,86.4,0.0,87,0,272,13.8,0.391,-57.49,18.7394,0.25,0.009000000000000008,0.14000000000000057,1.0505992721218396
top300,Conservative accruals,long_only,vw,6,100,17.5307,13.47,25.65,0.38,-57.54,8.9,86.4,0.0,87,0,272,13.12,0.367,-57.72,16.3443,0.3500000000000014,0.013000000000000012,0.17999999999999972,1.0725879970387229
top300,Conservative accruals,long_only,vw,7,0,25.9906,15.46,25.15,0.452,-56.81,8.9,86.3,0.0,87,0,272,14.49,0.415,-57.25,21.4731,0.9700000000000006,0.03700000000000003,0.4399999999999977,1.210379498069678
top300,Conservative accruals,long_only,vw,7,10,25.3935,15.34,25.16,0.448,-56.82,8.9,86.3,0.0,87,0,272,14.35,0.41,-57.3,20.8971,0.9900000000000002,0.038000000000000034,0.4799999999999969,1.215168611912658
top300,Conservative accruals,long_only,vw,7,20,24.8096,15.22,25.17,0.444,-56.82,8.9,86.3,0.0,87,0,272,14.21,0.405,-57.34,20.3361,1.0099999999999998,0.03899999999999998,0.5200000000000031,1.219978265252433
top300,Conservative accruals,long_only,vw,7,50,23.134,14.86,25.19,0.431,-56.84,8.9,86.3,0.0,87,0,272,13.8,0.391,-57.49,18.7394,1.0599999999999987,0.03999999999999998,0.6499999999999986,1.234511243689766
top300,Conservative accruals,long_only,vw,7,100,20.5793,14.27,25.23,0.41,-56.87,8.9,86.3,0.0,87,0,272,13.12,0.367,-57.72,16.3443,1.1500000000000004,0.04299999999999998,0.8500000000000014,1.259111739260782
top300,Conservative accruals,long_only,vw,8,0,27.1465,15.68,25.71,0.455,-56.71,8.8,86.2,0.0,87,0,272,14.49,0.415,-57.25,21.4731,1.1899999999999995,0.040000000000000036,0.5399999999999991,1.2642096390367483
top300,Conservative accruals,long_only,vw,8,10,26.5329,15.56,25.72,0.451,-56.72,8.8,86.2,0.0,87,0,272,14.35,0.41,-57.3,20.8971,1.2100000000000009,0.041000000000000036,0.5799999999999983,1.2696929238985315
top300,Conservative accruals,long_only,vw,8,20,25.9325,15.45,25.72,0.447,-56.72,8.8,86.2,0.0,87,0,272,14.21,0.405,-57.34,20.3361,1.2399999999999984,0.04199999999999998,0.6200000000000045,1.2751953422731006
top300,Conservative accruals,long_only,vw,8,50,24.2081,15.1,25.74,0.435,-56.72,8.8,86.2,0.0,87,0,272,13.8,0.391,-57.49,18.7394,1.299999999999999,0.043999999999999984,0.7700000000000031,1.2918289806503944
top300,Conservative accruals,long_only,vw,8,100,21.5751,14.51,25.77,0.415,-56.73,8.8,86.2,0.0,87,0,272,13.12,0.367,-57.72,16.3443,1.3900000000000006,0.04799999999999999,0.990000000000002,1.3200381784475321
top300,Conservative accruals,long_only,vw,9,0,27.6855,15.78,25.18,0.462,-55.86,8.6,86.0,0.0,87,0,272,14.49,0.415,-57.25,21.4731,1.2899999999999991,0.04700000000000004,1.3900000000000006,1.289310812132389
top300,Conservative accruals,long_only,vw,9,10,27.0857,15.67,25.17,0.459,-55.9,8.6,86.0,0.0,87,0,272,14.35,0.41,-57.3,20.8971,1.3200000000000003,0.049000000000000044,1.3999999999999986,1.296146355235894
top300,Conservative accruals,long_only,vw,9,20,26.4984,15.56,25.17,0.455,-55.94,8.6,86.0,0.0,87,0,272,14.21,0.405,-57.34,20.3361,1.3499999999999996,0.04999999999999999,1.4000000000000057,1.3030227034682167
top300,Conservative accruals,long_only,vw,9,50,24.8083,15.22,25.16,0.443,-56.07,8.6,86.0,0.0,87,0,272,13.8,0.391,-57.49,18.7394,1.42,0.05199999999999999,1.4200000000000017,1.3238577542504029
top300,Conservative accruals,long_only,vw,9,100,22.2178,14.66,25.15,0.424,-56.27,8.6,86.0,0.0,87,0,272,13.12,0.367,-57.72,16.3443,1.540000000000001,0.056999999999999995,1.4499999999999957,1.3593607557374743
top300,Conservative accruals,long_only,vw,10,0,25.9541,15.45,25.09,0.452,-57.26,8.7,86.3,0.0,87,0,272,14.49,0.415,-57.25,21.4731,0.9599999999999991,0.03700000000000003,-0.00999999999999801,1.2086796969231273
top300,Conservative accruals,long_only,vw,10,10,25.3744,15.33,25.09,0.448,-57.29,8.7,86.3,0.0,87,0,272,14.35,0.41,-57.3,20.8971,0.9800000000000004,0.038000000000000034,0.00999999999999801,1.2142546094912694
top300,Conservative accruals,long_only,vw,10,20,24.8071,15.22,25.09,0.444,-57.33,8.7,86.3,0.0,87,0,272,14.21,0.405,-57.34,20.3361,1.0099999999999998,0.03899999999999998,0.010000000000005116,1.2198553311598586
top300,Conservative accruals,long_only,vw,10,50,23.177,14.87,25.1,0.432,-57.44,8.7,86.3,0.0,87,0,272,13.8,0.391,-57.49,18.7394,1.0699999999999985,0.04099999999999998,0.05000000000000426,1.2368058742542452
top300,Conservative accruals,long_only,vw,10,100,20.685,14.3,25.12,0.412,-57.63,8.7,86.3,0.0,87,0,272,13.12,0.367,-57.72,16.3443,1.1800000000000015,0.044999999999999984,0.0899999999999963,1.2655788256456377
top300,Conservative accruals,long_only,vw,11,0,29.2941,16.07,25.02,0.474,-55.93,8.6,86.2,0.0,87,0,272,14.49,0.415,-57.25,21.4731,1.58,0.059,1.3200000000000003,1.364223144306132
top300,Conservative accruals,long_only,vw,11,10,28.6597,15.96,25.01,0.47,-55.98,8.6,86.2,0.0,87,0,272,14.35,0.41,-57.3,20.8971,1.6100000000000012,0.06,1.3200000000000003,1.3714678113231025
top300,Conservative accruals,long_only,vw,11,20,28.0385,15.84,25.01,0.466,-56.03,8.6,86.2,0.0,87,0,272,14.21,0.405,-57.34,20.3361,1.629999999999999,0.061,1.3100000000000023,1.3787550218576818
top300,Conservative accruals,long_only,vw,11,50,26.2509,15.51,24.99,0.454,-56.19,8.6,86.2,0.0,87,0,272,13.8,0.391,-57.49,18.7394,1.709999999999999,0.063,1.3000000000000043,1.4008399415136024
top300,Conservative accruals,long_only,vw,11,100,23.5106,14.95,24.98,0.435,-56.44,8.6,86.2,0.0,87,0,272,13.12,0.367,-57.72,16.3443,1.83,0.068,1.2800000000000011,1.4384586675477078
top300,Conservative accruals,long_only,vw,12,0,22.0871,14.63,25.58,0.42,-57.12,8.5,86.5,0.0,87,0,272,14.49,0.415,-57.25,21.4731,0.14000000000000057,0.0050000000000000044,0.13000000000000256,1.0285939151775942
top300,Conservative accruals,long_only,vw,12,10,21.6045,14.52,25.58,0.416,-57.16,8.5,86.5,0.0,87,0,272,14.35,0.41,-57.3,20.8971,0.16999999999999993,0.006000000000000005,0.14000000000000057,1.0338515870623197
top300,Conservative accruals,long_only,vw,12,20,21.1318,14.41,25.58,0.412,-57.19,8.5,86.5,0.0,87,0,272,14.21,0.405,-57.34,20.3361,0.1999999999999993,0.006999999999999951,0.15000000000000568,1.0391274629845448
top300,Conservative accruals,long_only,vw,12,50,19.7723,14.07,25.59,0.401,-57.31,8.5,86.5,0.0,87,0,272,13.8,0.391,-57.49,18.7394,0.2699999999999996,0.010000000000000009,0.17999999999999972,1.0551191606988486
top300,Conservative accruals,long_only,vw,12,100,17.6898,13.51,25.61,0.381,-57.49,8.5,86.5,0.0,87,0,272,13.12,0.367,-57.72,16.3443,0.39000000000000057,0.014000000000000012,0.22999999999999687,1.0823222774912356
top300,Low volatility,long_only,vw,1,0,29.9824,16.19,18.28,0.576,-51.08,26.5,87.9,0.0,88,0,272,16.19,0.576,-51.08,29.9824,0.0,0.0,0.0,1.0
top300,Low volatility,long_only,vw,1,10,27.9478,15.83,18.28,0.559,-51.21,26.5,87.9,0.0,88,0,272,15.83,0.559,-51.21,27.9478,0.0,0.0,0.0,1.0
top300,Low volatility,long_only,vw,1,20,26.0506,15.47,18.28,0.542,-51.34,26.5,87.9,0.0,88,0,272,15.47,0.542,-51.34,26.0506,0.0,0.0,0.0,1.0
top300,Low volatility,long_only,vw,1,50,21.0948,14.4,18.28,0.49,-51.74,26.5,87.9,0.0,88,0,272,14.4,0.49,-51.74,21.0948,0.0,0.0,0.0,1.0
top300,Low volatility,long_only,vw,1,100,14.8336,12.63,18.27,0.405,-52.39,26.5,87.9,0.0,88,0,272,12.63,0.405,-52.39,14.8336,0.0,0.0,0.0,1.0
top300,Low volatility,long_only,vw,2,0,30.2778,16.24,18.47,0.574,-50.47,19.4,87.3,0.0,88,0,272,16.19,0.576,-51.08,29.9824,0.04999999999999716,-0.0020000000000000018,0.6099999999999994,1.009852446768771
top300,Low volatility,long_only,vw,2,10,28.7718,15.98,18.47,0.562,-50.55,19.4,87.3,0.0,88,0,272,15.83,0.559,-51.21,27.9478,0.15000000000000036,0.0030000000000000027,0.6600000000000037,1.029483537165716
top300,Low volatility,long_only,vw,2,20,27.3402,15.71,18.46,0.55,-50.63,19.4,87.3,0.0,88,0,272,15.47,0.542,-51.34,26.0506,0.2400000000000002,0.008000000000000007,0.7100000000000009,1.0495036582650688
top300,Low volatility,long_only,vw,2,50,23.4557,14.93,18.46,0.513,-50.87,19.4,87.3,0.0,88,0,272,14.4,0.49,-51.74,21.0948,0.5299999999999994,0.02300000000000002,0.8700000000000045,1.1119185770900886
top300,Low volatility,long_only,vw,2,100,18.161,13.64,18.46,0.451,-51.26,19.4,87.3,0.0,88,0,272,12.63,0.405,-52.39,14.8336,1.0099999999999998,0.045999999999999985,1.1300000000000026,1.2243150684931507
top300,Low volatility,long_only,vw,3,0,34.317,16.88,18.38,0.607,-49.27,16.3,86.7,0.0,88,0,272,16.19,0.576,-51.08,29.9824,0.6899999999999977,0.031000000000000028,1.8099999999999952,1.1445714819360693
top300,Low volatility,long_only,vw,3,10,32.8811,16.66,18.38,0.596,-49.35,16.3,86.7,0.0,88,0,272,15.83,0.559,-51.21,27.9478,0.8300000000000001,0.03699999999999992,1.8599999999999994,1.1765183663830427
top300,Low volatility,long_only,vw,3,20,31.5046,16.44,18.38,0.586,-49.44,16.3,86.7,0.0,88,0,272,15.47,0.542,-51.34,26.0506,0.9700000000000006,0.04399999999999993,1.9000000000000057,1.2093617805348054
top300,Low volatility,long_only,vw,3,50,27.7075,15.78,18.37,0.555,-49.69,16.3,86.7,0.0,88,0,272,14.4,0.49,-51.74,21.0948,1.379999999999999,0.06500000000000006,2.0500000000000043,1.3134753588562111
top300,Low volatility,long_only,vw,3,100,22.3585,14.69,18.37,0.503,-50.11,16.3,86.7,0.0,88,0,272,12.63,0.405,-52.39,14.8336,2.0599999999999987,0.09799999999999998,2.280000000000001,1.5072875094380325
top300,Low volatility,long_only,vw,4,0,32.2829,16.57,18.61,0.587,-49.82,13.9,86.1,0.0,88,0,272,16.19,0.576,-51.08,29.9824,0.379999999999999,0.01100000000000001,1.259999999999998,1.076728347297081
top300,Low volatility,long_only,vw,4,10,31.1137,16.38,18.62,0.578,-49.9,13.9,86.1,0.0,88,0,272,15.83,0.559,-51.21,27.9478,0.5499999999999989,0.018999999999999906,1.3100000000000023,1.1132790416419183
top300,Low volatility,long_only,vw,4,20,29.9863,16.19,18.63,0.569,-49.97,13.9,86.1,0.0,88,0,272,15.47,0.542,-51.34,26.0506,0.7200000000000006,0.026999999999999913,1.3700000000000045,1.1510790538413702
top300,Low volatility,long_only,vw,4,50,26.8397,15.62,18.66,0.541,-50.21,13.9,86.1,0.0,88,0,272,14.4,0.49,-51.74,21.0948,1.2199999999999989,0.051000000000000045,1.5300000000000011,1.272337258471282
top300,Low volatility,long_only,vw,4,100,22.3019,14.68,18.73,0.496,-50.59,13.9,86.1,0.0,88,0,272,12.63,0.405,-52.39,14.8336,2.049999999999999,0.09099999999999997,1.7999999999999972,1.50347184769712
top300,Low volatility,long_only,vw,5,0,33.0496,16.69,18.47,0.595,-48.26,13.0,88.0,0.0,88,0,272,16.19,0.576,-51.08,29.9824,0.5,0.019000000000000017,2.8200000000000003,1.102300016009392
top300,Low volatility,long_only,vw,5,10,31.9542,16.51,18.46,0.587,-48.3,13.0,88.0,0.0,88,0,272,15.83,0.559,-51.21,27.9478,0.6800000000000015,0.027999999999999914,2.9100000000000037,1.1433529651707826
top300,Low volatility,long_only,vw,5,20,30.8944,16.34,18.46,0.579,-48.34,13.0,88.0,0.0,88,0,272,15.47,0.542,-51.34,26.0506,0.8699999999999992,0.03699999999999992,3.0,1.1859381357819014
top300,Low volatility,long_only,vw,5,50,27.9174,15.82,18.45,0.555,-48.46,13.0,88.0,0.0,88,0,272,14.4,0.49,-51.74,21.0948,1.42,0.06500000000000006,3.280000000000001,1.3234256783662326
top300,Low volatility,long_only,vw,5,100,23.5689,14.96,18.45,0.514,-48.67,13.0,88.0,0.0,88,0,272,12.63,0.405,-52.39,14.8336,2.33,0.10899999999999999,3.719999999999999,1.5888860424981124
top300,Low volatility,long_only,vw,6,0,34.1054,16.85,18.52,0.602,-49.11,11.8,85.1,0.0,88,0,272,16.19,0.576,-51.08,29.9824,0.6600000000000001,0.026000000000000023,1.9699999999999989,1.1375140082181547
top300,Low volatility,long_only,vw,6,10,33.0818,16.69,18.51,0.595,-49.17,11.8,85.1,0.0,88,0,272,15.83,0.559,-51.21,27.9478,0.8600000000000012,0.03599999999999992,2.039999999999999,1.1836996114184302
top300,Low volatility,long_only,vw,6,20,32.0883,16.54,18.51,0.587,-49.22,11.8,85.1,0.0,88,0,272,15.47,0.542,-51.34,26.0506,1.0699999999999985,0.04499999999999993,2.1200000000000045,1.2317681742455067
top300,Low volatility,long_only,vw,6,50,29.2792,16.06,18.5,0.566,-49.39,11.8,85.1,0.0,88,0,272,14.4,0.49,-51.74,21.0948,1.6599999999999984,0.07599999999999996,2.3500000000000014,1.3879818723097637
top300,Low volatility,long_only,vw,6,100,25.1222,15.28,18.49,0.529,-49.66,11.8,85.1,0.0,88,0,272,12.63,0.405,-52.39,14.8336,2.6499999999999986,0.124,2.730000000000004,1.6936010139143565
top300,Low volatility,long_only,vw,7,0,31.8884,16.5,18.4,0.588,-47.91,10.7,87.4,0.0,88,0,272,16.19,0.576,-51.08,29.9824,0.3099999999999987,0.01200000000000001,3.1700000000000017,1.0635706281018198
top300,Low volatility,long_only,vw,7,10,30.9949,16.36,18.42,0.581,-47.94,10.7,87.4,0.0,88,0,272,15.83,0.559,-51.21,27.9478,0.5299999999999994,0.02199999999999991,3.270000000000003,1.1090282598272494
top300,Low volatility,long_only,vw,7,20,30.1258,16.21,18.43,0.574,-47.98,10.7,87.4,0.0,88,0,272,15.47,0.542,-51.34,26.0506,0.7400000000000002,0.03199999999999992,3.3600000000000065,1.1564340168748513
top300,Low volatility,long_only,vw,7,50,27.6583,15.77,18.47,0.552,-48.08,10.7,87.4,0.0,88,0,272,14.4,0.49,-51.74,21.0948,1.3699999999999992,0.062000000000000055,3.6600000000000037,1.3111430305098888
top300,Low volatility,long_only,vw,7,100,23.976,15.05,18.55,0.516,-48.26,10.7,87.4,0.0,88,0,272,12.63,0.405,-52.39,14.8336,2.42,0.11099999999999999,4.130000000000003,1.6163304929349585
top300,Low volatility,long_only,vw,8,0,32.6044,16.62,18.74,0.586,-49.86,10.0,85.8,0.0,81,0,272,16.19,0.576,-51.08,29.9824,0.4299999999999997,0.010000000000000009,1.2199999999999989,1.0874513047654624
top300,Low volatility,long_only,vw,8,10,31.7612,16.48,18.75,0.58,-49.9,10.0,85.8,0.0,81,0,272,15.83,0.559,-51.21,27.9478,0.6500000000000004,0.020999999999999908,1.3100000000000023,1.1364472337715312
top300,Low volatility,long_only,vw,8,20,30.939,16.35,18.75,0.574,-49.94,10.0,85.8,0.0,81,0,272,15.47,0.542,-51.34,26.0506,0.8800000000000008,0.03199999999999992,1.4000000000000057,1.187650188479344
top300,Low volatility,long_only,vw,8,50,28.5944,15.94,18.78,0.554,-50.07,10.0,85.8,0.0,81,0,272,14.4,0.49,-51.74,21.0948,1.5399999999999991,0.06400000000000006,1.6700000000000017,1.355518895652009
top300,Low volatility,long_only,vw,8,100,25.0637,15.27,18.83,0.522,-50.28,10.0,85.8,0.0,81,0,272,12.63,0.405,-52.39,14.8336,2.639999999999999,0.11699999999999999,2.1099999999999994,1.6896572645885017
top300,Low volatility,long_only,vw,9,0,33.7982,16.8,18.5,0.6,-49.41,9.4,86.6,0.0,88,0,272,16.19,0.576,-51.08,29.9824,0.6099999999999994,0.02400000000000002,1.6700000000000017,1.1272679972250388
top300,Low volatility,long_only,vw,9,10,32.9986,16.68,18.5,0.594,-49.44,9.4,86.6,0.0,88,0,272,15.83,0.559,-51.21,27.9478,0.8499999999999996,0.03499999999999992,1.7700000000000031,1.1807226329084937
top300,Low volatility,long_only,vw,9,20,32.2173,16.56,18.49,0.589,-49.48,9.4,86.6,0.0,88,0,272,15.47,0.542,-51.34,26.0506,1.089999999999998,0.04699999999999993,1.8600000000000065,1.236720075545285
top300,Low volatility,long_only,vw,9,50,29.9791,16.19,18.48,0.571,-49.6,9.4,86.6,0.0,88,0,272,14.4,0.49,-51.74,21.0948,1.790000000000001,0.08099999999999996,2.1400000000000006,1.4211606651876292
top300,Low volatility,long_only,vw,9,100,26.5785,15.57,18.46,0.543,-49.8,9.4,86.6,0.0,88,0,272,12.63,0.405,-52.39,14.8336,2.9399999999999995,0.138,2.5900000000000034,1.7917767770467046
top300,Low volatility,long_only,vw,10,0,34.771,16.95,18.35,0.61,-48.62,8.8,87.4,0.0,88,0,272,16.19,0.576,-51.08,29.9824,0.759999999999998,0.03400000000000003,2.460000000000001,1.1597136987032393
top300,Low volatility,long_only,vw,10,10,33.9892,16.83,18.35,0.605,-48.65,8.8,87.4,0.0,88,0,272,15.83,0.559,-51.21,27.9478,0.9999999999999982,0.04599999999999993,2.5600000000000023,1.2161672832924235
top300,Low volatility,long_only,vw,10,20,33.2243,16.71,18.35,0.599,-48.69,8.8,87.4,0.0,88,0,272,15.47,0.542,-51.34,26.0506,1.2400000000000002,0.05699999999999994,2.6500000000000057,1.2753756151489792
top300,Low volatility,long_only,vw,10,50,31.0277,16.36,18.36,0.582,-48.79,8.8,87.4,0.0,88,0,272,14.4,0.49,-51.74,21.0948,1.959999999999999,0.09199999999999997,2.950000000000003,1.4708695981948159
top300,Low volatility,long_only,vw,10,100,27.6734,15.78,18.38,0.554,-48.97,8.8,87.4,0.0,88,0,272,12.63,0.405,-52.39,14.8336,3.1499999999999986,0.14900000000000002,3.4200000000000017,1.865588933232661
top300,Low volatility,long_only,vw,11,0,35.5636,17.06,18.46,0.613,-48.89,8.1,87.6,0.0,81,0,272,16.19,0.576,-51.08,29.9824,0.8699999999999974,0.03700000000000003,2.1899999999999977,1.1861492075350875
top300,Low volatility,long_only,vw,11,10,34.8374,16.96,18.46,0.608,-48.94,8.1,87.6,0.0,81,0,272,15.83,0.559,-51.21,27.9478,1.1300000000000008,0.04899999999999993,2.270000000000003,1.2465167204574243
top300,Low volatility,long_only,vw,11,20,34.1255,16.85,18.45,0.603,-48.98,8.1,87.6,0.0,81,0,272,15.47,0.542,-51.34,26.0506,1.3800000000000008,0.06099999999999994,2.3600000000000065,1.30996982795022
top300,Low volatility,long_only,vw,11,50,32.0721,16.53,18.44,0.589,-49.12,8.1,87.6,0.0,81,0,272,14.4,0.49,-51.74,21.0948,2.130000000000001,0.09899999999999998,2.6200000000000045,1.5203794300017066
top300,Low volatility,long_only,vw,11,100,28.9101,16.0,18.43,0.564,-49.36,8.1,87.6,0.0,81,0,272,12.63,0.405,-52.39,14.8336,3.369999999999999,0.15899999999999992,3.030000000000001,1.9489604681264157
top300,Low volatility,long_only,vw,12,0,37.546,17.35,18.53,0.625,-49.06,7.9,81.6,0.0,81,0,272,16.19,0.576,-51.08,29.9824,1.1600000000000001,0.049000000000000044,2.019999999999996,1.2522679972250388
top300,Low volatility,long_only,vw,12,10,36.7878,17.24,18.54,0.62,-49.12,7.9,81.6,0.0,81,0,272,15.83,0.559,-51.21,27.9478,1.4099999999999984,0.06099999999999994,2.0900000000000034,1.3163039666807403
top300,Low volatility,long_only,vw,12,20,36.0442,17.13,18.54,0.615,-49.17,7.9,81.6,0.0,81,0,272,15.47,0.542,-51.34,26.0506,1.6599999999999984,0.07299999999999995,2.1700000000000017,1.3836226420888578
top300,Low volatility,long_only,vw,12,50,33.8985,16.82,18.56,0.599,-49.33,7.9,81.6,0.0,81,0,272,14.4,0.49,-51.74,21.0948,2.42,0.10899999999999999,2.4100000000000037,1.606960009101769
top300,Low volatility,long_only,vw,12,100,30.5903,16.29,18.61,0.574,-49.6,7.9,81.6,0.0,81,0,272,12.63,0.405,-52.39,14.8336,3.6599999999999984,0.16899999999999993,2.789999999999999,2.062230341926437
top300,Short-term reversal loser,long_only,vw,1,0,30.904,16.34,26.18,0.478,-68.58,160.4,87.6,0.0,90,0,272,16.34,0.478,-68.58,30.904,0.0,0.0,0.0,1.0
top300,Short-term reversal loser,long_only,vw,1,10,20.0626,14.15,26.19,0.405,-69.2,160.4,87.6,0.0,90,0,272,14.15,0.405,-69.2,20.0626,0.0,0.0,0.0,1.0
top300,Short-term reversal loser,long_only,vw,1,20,13.0153,11.99,26.2,0.331,-69.81,160.4,87.6,0.0,90,0,272,11.99,0.331,-69.81,13.0153,0.0,0.0,0.0,1.0
top300,Short-term reversal loser,long_only,vw,1,50,3.5384,5.73,26.22,0.111,-71.57,160.4,87.6,0.0,90,0,272,5.73,0.111,-71.57,3.5384,0.0,0.0,0.0,1.0
top300,Short-term reversal loser,long_only,vw,1,100,0.398,-3.98,26.27,-0.254,-88.32,160.4,87.6,0.0,90,0,272,-3.98,-0.254,-88.32,0.398,0.0,0.0,0.0,1.0
top300,Short-term reversal loser,long_only,vw,2,0,20.8928,14.35,26.54,0.408,-72.61,79.9,86.1,0.0,90,0,272,16.34,0.478,-68.58,30.904,-1.9900000000000002,-0.07,-4.030000000000001,0.6760548796272328
top300,Short-term reversal loser,long_only,vw,2,10,16.8632,13.27,26.54,0.372,-72.87,79.9,86.1,0.0,90,0,272,14.15,0.405,-69.2,20.0626,-0.8800000000000008,-0.03300000000000003,-3.6700000000000017,0.8405291437799687
top300,Short-term reversal loser,long_only,vw,2,20,13.606,12.21,26.54,0.336,-73.15,79.9,86.1,0.0,90,0,272,11.99,0.331,-69.81,13.0153,0.22000000000000064,0.0050000000000000044,-3.3400000000000034,1.0453850468295007
top300,Short-term reversal loser,long_only,vw,2,50,7.1316,9.05,26.55,0.228,-74.13,79.9,86.1,0.0,90,0,272,5.73,0.111,-71.57,3.5384,3.3200000000000003,0.117,-2.5600000000000023,2.0154872258647973
top300,Short-term reversal loser,long_only,vw,2,100,2.4129,3.96,26.63,0.048,-75.69,79.9,86.1,0.0,90,0,272,-3.98,-0.254,-88.32,0.398,7.9399999999999995,0.302,12.629999999999995,6.062562814070351
top300,Short-term reversal loser,long_only,vw,3,0,25.7206,15.4,25.56,0.449,-71.11,52.6,85.1,0.0,90,0,272,16.34,0.478,-68.58,30.904,-0.9399999999999995,-0.02899999999999997,-2.530000000000001,0.8322741392699975
top300,Short-term reversal loser,long_only,vw,3,10,22.3614,14.69,25.54,0.425,-71.32,52.6,85.1,0.0,90,0,272,14.15,0.405,-69.2,20.0626,0.5399999999999991,0.019999999999999962,-2.1199999999999903,1.114581360342129
top300,Short-term reversal loser,long_only,vw,3,20,19.4366,13.99,25.52,0.401,-71.53,52.6,85.1,0.0,90,0,272,11.99,0.331,-69.81,13.0153,2.0,0.07,-1.7199999999999989,1.493365500603136
top300,Short-term reversal loser,long_only,vw,3,50,12.7468,11.88,25.49,0.328,-72.14,52.6,85.1,0.0,90,0,272,5.73,0.111,-71.57,3.5384,6.15,0.21700000000000003,-0.5700000000000074,3.6024191725073478
top300,Short-term reversal loser,long_only,vw,3,100,6.2817,8.44,25.48,0.205,-73.14,52.6,85.1,0.0,90,0,272,-3.98,-0.254,-88.32,0.398,12.42,0.45899999999999996,15.179999999999993,15.783165829145727
top300,Short-term reversal loser,long_only,vw,4,0,23.8092,15.01,28.55,0.414,-69.74,40.1,83.4,0.0,87,0,272,16.34,0.478,-68.58,30.904,-1.33,-0.064,-1.1599999999999966,0.770424540512555
top300,Short-term reversal loser,long_only,vw,4,10,21.3505,14.46,28.58,0.397,-69.99,40.1,83.4,0.0,87,0,272,14.15,0.405,-69.2,20.0626,0.3100000000000005,-0.008000000000000007,-0.789999999999992,1.0641940725529093
top300,Short-term reversal loser,long_only,vw,4,20,19.1423,13.91,28.61,0.38,-70.24,40.1,83.4,0.0,87,0,272,11.99,0.331,-69.81,13.0153,1.92,0.04899999999999999,-0.4299999999999926,1.4707536514717294
top300,Short-term reversal loser,long_only,vw,4,50,13.7808,12.27,28.71,0.329,-70.98,40.1,83.4,0.0,87,0,272,5.73,0.111,-71.57,3.5384,6.539999999999999,0.21800000000000003,0.5899999999999892,3.894641645941668
top300,Short-term reversal loser,long_only,vw,4,100,7.9397,9.57,28.91,0.244,-72.19,40.1,83.4,0.0,87,0,272,-3.98,-0.254,-88.32,0.398,13.55,0.498,16.129999999999995,19.94899497487437
top300,Short-term reversal loser,long_only,vw,5,0,19.9617,14.12,26.57,0.394,-65.05,31.5,87.6,0.0,90,0,272,16.34,0.478,-68.58,30.904,-2.2200000000000006,-0.08399999999999996,3.530000000000001,0.6459260937095522
top300,Short-term reversal loser,long_only,vw,5,10,18.3533,13.7,26.56,0.38,-65.21,31.5,87.6,0.0,90,0,272,14.15,0.405,-69.2,20.0626,-0.45000000000000107,-0.025000000000000022,3.990000000000009,0.9148016707704885
top300,Short-term reversal loser,long_only,vw,5,20,16.8722,13.28,26.56,0.366,-65.38,31.5,87.6,0.0,90,0,272,11.99,0.331,-69.81,13.0153,1.2899999999999991,0.034999999999999976,4.430000000000007,1.2963358508831913
top300,Short-term reversal loser,long_only,vw,5,50,13.0976,12.02,26.57,0.324,-65.87,31.5,87.6,0.0,90,0,272,5.73,0.111,-71.57,3.5384,6.289999999999999,0.21300000000000002,5.699999999999989,3.7015600271309066
top300,Short-term reversal loser,long_only,vw,5,100,8.5644,9.94,26.61,0.253,-66.67,31.5,87.6,0.0,90,0,272,-3.98,-0.254,-88.32,0.398,13.92,0.507,21.64999999999999,21.518592964824116
top300,Short-term reversal loser,long_only,vw,6,0,15.3461,12.8,25.56,0.36,-70.34,26.6,81.2,0.0,90,0,272,16.34,0.478,-68.58,30.904,-3.539999999999999,-0.118,-1.7600000000000051,0.49657325912503236
top300,Short-term reversal loser,long_only,vw,6,10,14.3107,12.46,25.54,0.348,-70.48,26.6,81.2,0.0,90,0,272,14.15,0.405,-69.2,20.0626,-1.6899999999999995,-0.05700000000000005,-1.2800000000000011,0.713302363601926
top300,Short-term reversal loser,long_only,vw,6,20,13.3437,12.11,25.52,0.336,-70.61,26.6,81.2,0.0,90,0,272,11.99,0.331,-69.81,13.0153,0.11999999999999922,0.0050000000000000044,-0.7999999999999972,1.025231842523799
top300,Short-term reversal loser,long_only,vw,6,50,10.8101,11.07,25.48,0.3,-71.0,26.6,81.2,0.0,90,0,272,5.73,0.111,-71.57,3.5384,5.34,0.189,0.5699999999999932,3.0550813927198734
top300,Short-term reversal loser,long_only,vw,6,100,7.5933,9.36,25.43,0.238,-71.64,26.6,81.2,0.0,90,0,272,-3.98,-0.254,-88.32,0.398,13.34,0.492,16.679999999999993,19.0786432160804
top300,Short-term reversal loser,long_only,vw,7,0,21.9311,14.59,24.91,0.425,-63.68,23.1,87.3,0.0,87,0,272,16.34,0.478,-68.58,30.904,-1.75,-0.05299999999999999,4.899999999999999,0.7096524721718872
top300,Short-term reversal loser,long_only,vw,7,10,20.5993,14.28,24.94,0.413,-63.76,23.1,87.3,0.0,87,0,272,14.15,0.405,-69.2,20.0626,0.129999999999999,0.007999999999999952,5.440000000000005,1.0267512685295026
top300,Short-term reversal loser,long_only,vw,7,20,19.3462,13.96,24.96,0.402,-63.84,23.1,87.3,0.0,87,0,272,11.99,0.331,-69.81,13.0153,1.9700000000000006,0.07100000000000001,5.969999999999999,1.4864198289705193
top300,Short-term reversal loser,long_only,vw,7,50,16.0159,13.02,25.05,0.368,-64.09,23.1,87.3,0.0,87,0,272,5.73,0.111,-71.57,3.5384,7.289999999999999,0.257,7.47999999999999,4.526311327153515
top300,Short-term reversal loser,long_only,vw,7,100,11.6648,11.45,25.23,0.311,-64.5,23.1,87.3,0.0,87,0,272,-3.98,-0.254,-88.32,0.398,15.43,0.565,23.819999999999993,29.308542713567835
top300,Short-term reversal loser,long_only,vw,8,0,17.7921,13.54,26.85,0.372,-56.25,20.2,83.0,0.0,78,0,272,16.34,0.478,-68.58,30.904,-2.8000000000000007,-0.10599999999999998,12.329999999999998,0.5757215894382605
top300,Short-term reversal loser,long_only,vw,8,10,16.8506,13.27,26.87,0.363,-56.45,20.2,83.0,0.0,78,0,272,14.15,0.405,-69.2,20.0626,-0.8800000000000008,-0.04200000000000004,12.75,0.8399011095271799
top300,Short-term reversal loser,long_only,vw,8,20,15.9575,13.0,26.88,0.354,-56.64,20.2,83.0,0.0,78,0,272,11.99,0.331,-69.81,13.0153,1.0099999999999998,0.022999999999999965,13.170000000000002,1.2260570251934262
top300,Short-term reversal loser,long_only,vw,8,50,13.5448,12.18,26.92,0.327,-57.23,20.2,83.0,0.0,78,0,272,5.73,0.111,-71.57,3.5384,6.449999999999999,0.21600000000000003,14.339999999999996,3.8279448338231967
top300,Short-term reversal loser,long_only,vw,8,100,10.2874,10.83,27.03,0.282,-58.2,20.2,83.0,0.0,78,0,272,-3.98,-0.254,-88.32,0.398,14.81,0.536,30.11999999999999,25.847738693467335
top300,Short-term reversal loser,long_only,vw,9,0,19.5977,14.03,25.37,0.402,-65.43,18.2,85.4,0.0,90,0,272,16.34,0.478,-68.58,30.904,-2.3100000000000005,-0.07599999999999996,3.1499999999999915,0.6341476831478126
top300,Short-term reversal loser,long_only,vw,9,10,18.6964,13.79,25.35,0.394,-65.49,18.2,85.4,0.0,90,0,272,14.15,0.405,-69.2,20.0626,-0.3600000000000012,-0.01100000000000001,3.710000000000008,0.9319031431619033
top300,Short-term reversal loser,long_only,vw,9,20,17.8352,13.55,25.34,0.386,-65.54,18.2,85.4,0.0,90,0,272,11.99,0.331,-69.81,13.0153,1.5600000000000005,0.05499999999999999,4.269999999999996,1.3703256936067552
top300,Short-term reversal loser,long_only,vw,9,50,15.4754,12.85,25.29,0.361,-65.71,18.2,85.4,0.0,90,0,272,5.73,0.111,-71.57,3.5384,7.119999999999999,0.25,5.859999999999999,4.373558670585576
top300,Short-term reversal loser,long_only,vw,9,100,12.1968,11.67,25.24,0.32,-65.99,18.2,85.4,0.0,90,0,272,-3.98,-0.254,-88.32,0.398,15.65,0.5740000000000001,22.33,30.645226130653263
top300,Short-term reversal loser,long_only,vw,10,0,9.5034,10.44,27.59,0.272,-70.1,16.3,86.0,0.0,90,0,272,16.34,0.478,-68.58,30.904,-5.9,-0.20599999999999996,-1.519999999999996,0.30751359047372506
top300,Short-term reversal loser,long_only,vw,10,10,9.0969,10.23,27.6,0.265,-70.18,16.3,86.0,0.0,90,0,272,14.15,0.405,-69.2,20.0626,-3.92,-0.14,-0.980000000000004,0.4534257773169978
top300,Short-term reversal loser,long_only,vw,10,20,8.7071,10.02,27.6,0.258,-70.27,16.3,86.0,0.0,90,0,272,11.99,0.331,-69.81,13.0153,-1.9700000000000006,-0.07300000000000001,-0.45999999999999375,0.668989573809286
top300,Short-term reversal loser,long_only,vw,10,50,7.6317,9.38,27.62,0.237,-70.51,16.3,86.0,0.0,90,0,272,5.73,0.111,-71.57,3.5384,3.6500000000000004,0.126,1.059999999999988,2.1568222925616096
top300,Short-term reversal loser,long_only,vw,10,100,6.1172,8.32,27.67,0.202,-70.92,16.3,86.0,0.0,90,0,272,-3.98,-0.254,-88.32,0.398,12.3,0.456,17.39999999999999,15.369849246231157
top300,Short-term reversal loser,long_only,vw,11,0,16.6003,13.2,24.78,0.374,-49.83,14.4,87.4,0.0,78,0,272,16.34,0.478,-68.58,30.904,-3.1400000000000006,-0.10399999999999998,18.75,0.5371570023297956
top300,Short-term reversal loser,long_only,vw,11,10,15.997,13.01,24.76,0.367,-49.92,14.4,87.4,0.0,78,0,272,14.15,0.405,-69.2,20.0626,-1.1400000000000006,-0.038000000000000034,19.28,0.7973542811001565
top300,Short-term reversal loser,long_only,vw,11,20,15.4147,12.83,24.75,0.361,-50.0,14.4,87.4,0.0,78,0,272,11.99,0.331,-69.81,13.0153,0.8399999999999999,0.02999999999999997,19.810000000000002,1.184352262337403
top300,Short-term reversal loser,long_only,vw,11,50,13.7871,12.27,24.72,0.341,-50.26,14.4,87.4,0.0,78,0,272,5.73,0.111,-71.57,3.5384,6.539999999999999,0.23000000000000004,21.309999999999995,3.896422111688899
top300,Short-term reversal loser,long_only,vw,11,100,11.4337,11.35,24.69,0.307,-50.69,14.4,87.4,0.0,78,0,272,-3.98,-0.254,-88.32,0.398,15.33,0.5609999999999999,37.629999999999995,28.72788944723618
top300,Short-term reversal loser,long_only,vw,12,0,9.9191,10.65,26.54,0.278,-65.13,13.3,73.6,0.0,78,0,272,16.34,0.478,-68.58,30.904,-5.6899999999999995,-0.19999999999999996,3.450000000000003,0.320964923634481
top300,Short-term reversal loser,long_only,vw,12,10,9.5712,10.48,26.55,0.272,-65.22,13.3,73.6,0.0,78,0,272,14.15,0.405,-69.2,20.0626,-3.67,-0.133,3.980000000000004,0.4770667809755465
top300,Short-term reversal loser,long_only,vw,12,20,9.2348,10.3,26.56,0.266,-65.31,13.3,73.6,0.0,78,0,272,11.99,0.331,-69.81,13.0153,-1.6899999999999995,-0.065,4.5,0.7095341636381797
top300,Short-term reversal loser,long_only,vw,12,50,8.2922,9.78,26.58,0.249,-65.59,13.3,73.6,0.0,78,0,272,5.73,0.111,-71.57,3.5384,4.049999999999999,0.138,5.97999999999999,2.3434885824101284
top300,Short-term reversal loser,long_only,vw,12,100,6.9216,8.91,26.64,0.219,-66.06,13.3,73.6,0.0,78,0,272,-3.98,-0.254,-88.32,0.398,12.89,0.473,22.25999999999999,17.390954773869346
